"Time","completed"
1627837941920,1
1627837942104,2
1627837942706,3
1627837943094,4
1627837943582,5
1627837944097,6
1627837944589,7
1627837945106,8
1627837946130,9
1627837947108,10
1627837948119,11
1627837948661,12
1627837949125,13
1627837950135,14
1627837950602,15
1627837950606,16
1627837951149,17
1627837951684,18
1627837952627,19
1627837952769,20
1627837952775,21
1627837952789,22
1627837952794,23
1627837953158,24
1627837953666,25
1627837954165,26
1627837954553,27
1627837954816,28
1627837955336,29
1627837955478,30
1627837955489,31
1627837955505,32
1627837955513,33
1627837955669,34
1627837956187,35
1627837956701,36
1627837957203,37
1627837958200,38
1627837959240,39
1627837959650,40
1627837959800,41
1627837960228,42
1627837960714,43
1627837961226,44
1627837961727,45
1627837962260,46
1627837962961,47
1627837963106,48
1627837963502,49
1627837963511,50
1627837963521,51
1627837963755,52
1627837964260,53
1627837964751,54
1627837965286,55
1627837965765,56
1627837966266,57
1627837966336,58
1627837966639,59
1627837966702,60
1627837966753,61
1627837966770,62
1627837966867,63
1627837967279,64
1627837967781,65
1627837968294,66
1627837968848,67
1627837969318,68
1627837969791,69
1627837970319,70
1627837970944,71
1627837971462,72
1627837971638,73
1627837971652,74
1627837971659,75
1627837971682,76
1627837971911,77
1627837973209,78
1627837973444,79
1627837973692,80
1627837973841,81
1627837974341,82
1627837974839,83
1627837975344,84
1627837975853,85
1627837976381,86
1627837976845,87
1627837977384,88
1627837977876,89
1627837978383,90
1627837979121,91
1627837979656,92
1627837979854,93
1627837979857,94
1627837979863,95
1627837979879,96
1627837980120,97
1627837980414,98
1627837981663,99
1627837981824,100
1627837981832,101
1627837981842,102
1627837982047,103
1627837982059,104
1627837982420,105
1627837982565,106
1627837982922,107
1627837983438,108
1627837983932,109
1627837984441,110
1627837984929,111
1627837985445,112
1627837985952,113
1627837986459,114
1627837987111,115
1627837987635,116
1627837987975,117
1627837987975,118
1627837987976,119
1627837987987,120
1627837988209,121
1627837988481,122
1627837988959,123
1627837989483,124
1627837990022,125
1627837990561,126
1627837991006,127
1627837991497,128
1627837992002,129
1627837992505,130
1627837992996,131
1627837993504,132
1627837994000,133
1627837994520,134
1627837995000,135
1627837995513,136
1627837995534,137
1627837996680,138
1627837997578,139
1627837997940,140
1627837998292,141
1627837998295,142
1627837998311,143
1627837998642,144
1627837998650,145
1627837999058,146
1627837999556,147
1627838000050,148
1627838000631,149
1627838001058,150
1627838001564,151
1627838002062,152
1627838002569,153
1627838003294,154
1627838004570,155
1627838004937,156
1627838004940,157
1627838004943,158
1627838004951,159
1627838005050,160
1627838005286,161
1627838005362,162
1627838005559,163
1627838005610,164
1627838006096,165
1627838006637,166
1627838007109,167
1627838007614,168
1627838008175,169
1627838008636,170
1627838009125,171
1627838009671,172
1627838010155,173
1627838010679,174
1627838011197,175
1627838011605,176
1627838012198,177
1627838012203,178
1627838012210,179
1627838012237,180
1627838012289,181
1627838012752,182
1627838013160,183
1627838013683,184
1627838014083,185
1627838014191,186
1627838014690,187
1627838015251,188
1627838015705,189
1627838016112,190
1627838016119,191
1627838016191,192
1627838016724,193
1627838017199,194
1627838017710,195
1627838018208,196
1627838018724,197
1627838019282,198
1627838019836,199
1627838020172,200
1627838020180,201
1627838020181,202
1627838020197,203
1627838020258,204
1627838020669,205
1627838020745,206
1627838021240,207
1627838021777,208
1627838022029,209
1627838022032,210
1627838022280,211
1627838022720,212
1627838022773,213
1627838023257,214
1627838023769,215
1627838024262,216
1627838024809,217
1627838025051,218
1627838025286,219
1627838025785,220
1627838026281,221
1627838026798,222
1627838027377,223
1627838027657,224
1627838028216,225
1627838028221,226
1627838028230,227
1627838028234,228
1627838028311,229
1627838028828,230
1627838029828,231
1627838030297,232
1627838030343,233
1627838030881,234
1627838031329,235
1627838031850,236
1627838032332,237
1627838033345,238
1627838034344,239
1627838036235,240
1627838036397,241
1627838036400,242
1627838036798,243
1627838037558,244
1627838037567,245
1627838037581,246
1627838037597,247
1627838037901,248
1627838038368,249
1627838038882,250
1627838039477,251
1627838039901,252
1627838040554,253
1627838040904,254
1627838041683,255
1627838041958,256
1627838042423,257
1627838042921,258
1627838043470,259
1627838043772,260
1627838043992,261
1627838044002,262
1627838044012,263
1627838044017,264
1627838044420,265
1627838044942,266
1627838045430,267
1627838045949,268
1627838046458,269
1627838046956,270
1627838047306,271
1627838047449,272
1627838048014,273
1627838048342,274
1627838048497,275
1627838049035,276
1627838049479,277
1627838049986,278
1627838050489,279
1627838050991,280
1627838051546,281
1627838052073,282
1627838052449,283
1627838052461,284
1627838052481,285
1627838052494,286
1627838052542,287
1627838053002,288
1627838053510,289
1627838054011,290
1627838054550,291
1627838055062,292
1627838055517,293
1627838056042,294
1627838056122,295
1627838056318,296
1627838056540,297
1627838057049,298
1627838057546,299
1627838058048,300
1627838058555,301
1627838059110,302
1627838059636,303
1627838060284,304
1627838060613,305
1627838060624,306
1627838060632,307
1627838060640,308
1627838060676,309
1627838061093,310
1627838061620,311
1627838062101,312
1627838062395,313
1627838062527,314
1627838062602,315
1627838063142,316
1627838063630,317
1627838064129,318
1627838064642,319
1627838065160,320
1627838065631,321
1627838066135,322
1627838066630,323
1627838067877,324
1627838068035,325
1627838068542,326
1627838068865,327
1627838068871,328
1627838068898,329
1627838068916,330
1627838068959,331
1627838069258,332
1627838069668,333
1627838070200,334
1627838070503,335
1627838070681,336
1627838071222,337
1627838071683,338
1627838072278,339
1627838072282,340
1627838072293,341
1627838072360,342
1627838072725,343
1627838073382,344
1627838073703,345
1627838074217,346
1627838074708,347
1627838075258,348
1627838075821,349
1627838076115,350
1627838076474,351
1627838076477,352
1627838076485,353
1627838076511,354
1627838076737,355
1627838077281,356
1627838077288,357
1627838077773,358
1627838078331,359
1627838078767,360
1627838079269,361
1627838079802,362
1627838079914,363
1627838080270,364
1627838080779,365
1627838081434,366
1627838081775,367
1627838082461,368
1627838082776,369
1627838083332,370
1627838083841,371
1627838084164,372
1627838084754,373
1627838084757,374
1627838084761,375
1627838084773,376
1627838084847,377
1627838085345,378
1627838085786,379
1627838085809,380
1627838086337,381
1627838086832,382
1627838087368,383
1627838087836,384
1627838088836,385
1627838089904,387
1627838089904,386
1627838090428,388
1627838090861,389
1627838091932,390
1627838092247,391
1627838092252,392
1627838092883,393
1627838093765,394
1627838094885,395
1627838094893,396
1627838094897,397
1627838094918,398
1627838095325,399
1627838095329,400
1627838095694,401
1627838095747,402
1627838095907,403
1627838096376,404
1627838096401,405
1627838096917,406
1627838097433,407
1627838097777,408
1627838097787,409
1627838097793,410
1627838097806,411
1627838097937,412
1627838098082,413
1627838099460,414
1627838099966,415
1627838100277,416
1627838100447,417
1627838100855,418
1627838101187,419
1627838101196,420
1627838101198,421
1627838101206,422
1627838101250,423
1627838101719,424
1627838101953,425
1627838102470,426
1627838103277,427
1627838103292,428
1627838104578,429
1627838105257,430
1627838106132,431
1627838106942,432
1627838106968,433
1627838107357,434
1627838107441,435
1627838107756,436
1627838107833,437
1627838108126,438
1627838108260,439
1627838108552,440
1627838108848,441
1627838108854,442
1627838108862,443
1627838108877,444
1627838109049,445
1627838109519,446
1627838109569,447
1627838110595,448
1627838110920,449
1627838110928,450
1627838110933,451
1627838110945,452
1627838111072,453
1627838111082,454
1627838111681,455
1627838111719,456
1627838111747,457
1627838111752,458
1627838111782,459
1627838111841,460
1627838111861,461
1627838112622,462
1627838112628,463
1627838112637,464
1627838112644,465
1627838112995,466
1627838113007,467
1627838113010,468
1627838113019,469
1627838113025,470
1627838113162,471
1627838113169,472
1627838113170,473
1627838113245,474
1627838113381,475
1627838113656,476
1627838114149,477
1627838114679,478
1627838115130,479
1627838115686,480
1627838116199,481
1627838116647,482
1627838117031,483
1627838117071,484
1627838117092,485
1627838117101,486
1627838117158,487
1627838117670,488
1627838118085,489
1627838118161,490
1627838118683,491
1627838119140,492
1627838119178,493
1627838119853,494
1627838119868,495
1627838119874,496
1627838119874,497
1627838119957,498
1627838120206,499
1627838120732,500
1627838120838,501
1627838121024,502
1627838121120,503
1627838121233,504
1627838121789,505
1627838121799,506
1627838122251,507
1627838122753,508
1627838122802,509
1627838122928,510
1627838122937,511
1627838123288,512
1627838123747,513
1627838124294,514
1627838125015,515
1627838125402,516
1627838125406,517
1627838125414,518
1627838125433,519
1627838125556,520
1627838125833,521
1627838126264,522
1627838126918,523
1627838127305,524
1627838127837,525
1627838128278,526
1627838128831,527
1627838129084,528
1627838129339,529
1627838129382,530
1627838131211,531
1627838131294,532
1627838131490,533
1627838131564,534
1627838132009,535
1627838132411,536
1627838132812,537
1627838133264,538
1627838133280,539
1627838133288,540
1627838133295,541
1627838133393,542
1627838133793,543
1627838133877,544
1627838134355,545
1627838134895,546
1627838135114,547
1627838135368,548
1627838135936,549
1627838136538,550
1627838136751,551
1627838136784,552
1627838137144,553
1627838137272,554
1627838137380,555
1627838137437,556
1627838137468,557
1627838137837,558
1627838137910,559
1627838138419,560
1627838139103,561
1627838139440,562
1627838139558,563
1627838139606,564
1627838140013,565
1627838140478,566
1627838140818,567
1627838141164,568
1627838141169,569
1627838141175,570
1627838141207,571
1627838141452,572
1627838141966,573
1627838142367,574
1627838143094,575
1627838143485,576
1627838143584,577
1627838144069,578
1627838144492,579
1627838144986,580
1627838145458,581
1627838145978,582
1627838146218,583
1627838146374,584
1627838146468,585
1627838147011,586
1627838147014,587
1627838147196,588
1627838147208,589
1627838147511,590
1627838148009,591
1627838148794,592
1627838149450,593
1627838149807,594
1627838149819,595
1627838149833,596
1627838149867,597
1627838149925,598
1627838150023,599
1627838150522,600
1627838151061,601
1627838151537,602
1627838152382,603
1627838152495,604
1627838152596,605
1627838153292,606
1627838153546,607
1627838154312,608
1627838155098,609
1627838155563,610
1627838156108,611
1627838156704,612
1627838157194,613
1627838157562,615
1627838157564,616
1627838157571,614
1627838157577,617
1627838157654,618
1627838158126,619
1627838158607,620
1627838159120,621
1627838159410,622
1627838159455,623
1627838159641,624
1627838159792,625
1627838160160,626
1627838160164,627
1627838160621,628
1627838160744,629
1627838161147,630
1627838161676,631
1627838162793,632
1627838162895,633
1627838163322,634
1627838163637,635
1627838164211,636
1627838164729,637
1627838165362,638
1627838165740,639
1627838165745,640
1627838165753,641
1627838165914,642
1627838166110,643
1627838166465,644
1627838166471,645
1627838166702,646
1627838167217,647
1627838167693,648
1627838168229,649
1627838168701,650
1627838168833,651
1627838169285,652
1627838170090,653
1627838170516,654
1627838170727,655
1627838171215,656
1627838171725,657
1627838172240,658
1627838172720,659
1627838173237,660
1627838173240,661
1627838173249,662
1627838173258,663
1627838174101,664
1627838174693,665
1627838174827,666
1627838175442,667
1627838175450,668
1627838175459,669
1627838175464,670
1627838175757,671
1627838176416,672
1627838177267,673
1627838178170,674
1627838178339,675
1627838178625,676
1627838179389,677
1627838179822,678
1627838180311,679
1627838182945,680
1627838182968,681
1627838182971,682
1627838182983,683
1627838183361,684
1627838183735,685
1627838183882,686
1627838184283,687
1627838184328,688
1627838184350,689
1627838184430,690
1627838184761,691
1627838184859,692
1627838185062,693
1627838185670,694
1627838185949,695
1627838186245,696
1627838186729,697
1627838186925,698
1627838187378,699
1627838187883,700
1627838187960,701
1627838188452,702
1627838188975,703
1627838189319,704
1627838189671,705
1627838189680,706
1627838189682,707
1627838189712,708
1627838190015,709
1627838190532,710
1627838191028,711
1627838191781,712
1627838191977,713
1627838192443,714
1627838192647,715
1627838192653,716
1627838192749,717
1627838192871,718
1627838193097,719
1627838193879,720
1627838193898,721
1627838193907,722
1627838193914,723
1627838193921,724
1627838193932,725
1627838193943,726
1627838194141,727
1627838194146,728
1627838194151,729
1627838194157,730
1627838194163,731
1627838194173,732
1627838194177,733
1627838194547,734
1627838194555,735
1627838194774,736
1627838194993,737
1627838195586,738
1627838196003,739
1627838196505,740
1627838196594,741
1627838197055,742
1627838197307,743
1627838197550,744
1627838197554,745
1627838197572,746
1627838197586,747
1627838197589,748
1627838198008,749
1627838198529,750
1627838199079,751
1627838199086,752
1627838199944,753
1627838200577,754
1627838201276,755
1627838201856,756
1627838202065,757
1627838202083,758
1627838202555,759
1627838202563,760
1627838202948,761
1627838203446,762
1627838203609,763
1627838203813,764
1627838204273,765
1627838204719,766
1627838205183,767
1627838205285,768
1627838205826,769
1627838206123,770
1627838206134,771
1627838206156,772
1627838206200,773
1627838206267,774
1627838206948,775
1627838207078,776
1627838207124,777
1627838207221,778
1627838207345,779
1627838207438,780
1627838207469,781
1627838207532,782
1627838207580,783
1627838207593,784
1627838207658,785
1627838207671,786
1627838207797,787
1627838207811,788
1627838208237,789
1627838208254,790
1627838209015,791
1627838209297,792
1627838209838,793
1627838209980,794
1627838210798,795
1627838211236,796
1627838211719,797
1627838212346,798
1627838212706,799
1627838213203,800
1627838213829,801
1627838213833,802
1627838213837,803
1627838213840,804
1627838214239,805
1627838215025,806
1627838215258,807
1627838215585,808
1627838215963,809
1627838216301,810
1627838216667,811
1627838216678,812
1627838216781,813
1627838217284,814
1627838217296,815
1627838217311,816
1627838217320,817
1627838217829,818
1627838217839,819
1627838217861,820
1627838217867,821
1627838217870,822
1627838218061,823
1627838218148,824
1627838218279,825
1627838218320,826
1627838218419,827
1627838218797,828
1627838218819,829
1627838219335,830
1627838219873,831
1627838220119,832
1627838220123,833
1627838220254,834
1627838220306,835
1627838220313,836
1627838220829,837
1627838221379,838
1627838221635,839
1627838222045,840
1627838222061,841
1627838222061,842
1627838222073,843
1627838222335,844
1627838222822,845
1627838222833,846
1627838222856,847
1627838223392,848
1627838223484,849
1627838223860,850
1627838223899,851
1627838224076,852
1627838224165,853
1627838224385,854
1627838224917,855
1627838225375,856
1627838225517,857
1627838225914,858
1627838225917,859
1627838226226,860
1627838226962,861
1627838227393,862
1627838227942,863
1627838227945,864
1627838228234,865
1627838228436,866
1627838228895,867
1627838228932,868
1627838229629,869
1627838229954,870
1627838230274,871
1627838230281,872
1627838230291,873
1627838230292,874
1627838230449,875
1627838231013,876
1627838231467,877
1627838231946,878
1627838232469,879
1627838233006,880
1627838233507,881
1627838234114,882
1627838234538,883
1627838234977,884
1627838235470,885
1627838236027,886
1627838236029,887
1627838236163,888
1627838236492,889
1627838237016,890
1627838237332,891
1627838237696,892
1627838238247,893
1627838238596,894
1627838238602,895
1627838238614,896
1627838238815,897
1627838239253,898
1627838239512,899
1627838240027,900
1627838240285,901
1627838240535,902
1627838241099,903
1627838241549,904
1627838242048,906
1627838242048,905
1627838242093,907
1627838242584,908
1627838242659,909
1627838243099,910
1627838243215,911
1627838243544,912
1627838244063,913
1627838244734,914
1627838244748,915
1627838244754,916
1627838245066,917
1627838245167,918
1627838245863,919
1627838246331,920
1627838246349,921
1627838247234,922
1627838247241,923
1627838247320,924
1627838248236,925
1627838249208,926
1627838249741,927
1627838250138,928
1627838251029,929
1627838251096,930
1627838251171,931
1627838252144,932
1627838253256,933
1627838253801,934
1627838254091,935
1627838254133,936
1627838255278,937
1627838256167,938
1627838257145,939
1627838257152,940
1627838257698,941
1627838258334,942
1627838258672,943
1627838259264,944
1627838259270,945
1627838259746,946
1627838260241,947
1627838261175,948
1627838261863,949
1627838262145,950
1627838262232,951
1627838263263,952
1627838263923,953
1627838264362,954
1627838264364,955
1627838264387,956
1627838264751,957
1627838265261,958
1627838265733,959
1627838265885,960
1627838266168,961
1627838266288,962
1627838266762,963
1627838267449,964
1627838267670,965
1627838267776,966
1627838268297,967
1627838268767,968
1627838269303,969
1627838269853,970
1627838270116,971
1627838270490,972
1627838270497,973
1627838270796,974
1627838271357,975
1627838271792,976
1627838272294,977
1627838272791,978
1627838272849,979
1627838272995,980
1627838273411,981
1627838273831,982
1627838274496,983
1627838274812,984
1627838276163,985
1627838276164,986
1627838276211,987
1627838276255,988
1627838276607,989
1627838276996,990
1627838277385,991
1627838277919,992
1627838278346,993
1627838278841,994
1627838278856,995
1627838278860,996
1627838278864,997
1627838278958,998
1627838279452,999
1627838279457,1000
1627838279896,1001
1627838280487,1002
1627838281048,1003
1627838284306,1004
1627838284453,1005
1627838284462,1006
1627838284474,1007
1627838284482,1008
1627838284821,1009
1627838284885,1011
1627838284886,1012
1627838284889,1010
1627838284893,1013
1627838284898,1014
1627838284898,1015
1627838284913,1016
1627838285117,1017
1627838285118,1018
1627838285255,1019
1627838286185,1020
1627838286580,1021
1627838286991,1022
1627838287014,1023
1627838287020,1024
1627838287365,1025
1627838287529,1026
1627838287644,1027
1627838288026,1028
1627838288026,1029
1627838288045,1030
1627838288073,1031
1627838288392,1032
1627838288444,1033
1627838288456,1034
1627838288467,1035
1627838288842,1036
1627838288853,1037
1627838288909,1038
1627838288935,1039
1627838289018,1040
1627838289056,1041
1627838289059,1042
1627838289166,1043
1627838289180,1044
1627838289215,1045
1627838289470,1046
1627838289477,1047
1627838289480,1048
1627838289492,1049
1627838289499,1050
1627838289512,1051
1627838289521,1052
1627838289550,1053
1627838289598,1054
1627838289601,1055
1627838290100,1056
1627838290587,1057
1627838293711,1058
1627838295687,1059
1627838295690,1060
1627838296781,1061
1627838296787,1062
1627838296794,1063
1627838296821,1064
1627838296826,1065
1627838296904,1066
1627838296913,1067
1627838297157,1068
1627838297349,1069
1627838297538,1070
1627838297828,1071
1627838297831,1072
1627838297836,1073
1627838297849,1074
1627838297961,1075
1627838298328,1076
1627838298476,1077
1627838298723,1078
1627838298783,1079
1627838298854,1080
1627838299784,1081
1627838300888,1082
1627838301439,1083
1627838301449,1084
1627838301459,1085
1627838301465,1086
1627838301474,1087
1627838301474,1088
1627838301483,1089
1627838301494,1090
1627838301511,1091
1627838301516,1092
1627838301537,1093
1627838301551,1094
1627838301576,1095
1627838301585,1096
1627838301592,1097
1627838301945,1098
1627838301958,1099
1627838301964,1100
1627838301973,1101
1627838301976,1102
1627838301987,1103
1627838302016,1104
1627838302258,1105
1627838302271,1106
1627838302274,1107
1627838302285,1108
1627838302297,1109
1627838302308,1110
1627838302313,1111
1627838302342,1112
1627838302402,1113
1627838302413,1114
1627838302419,1115
1627838302427,1116
1627838302718,1117
1627838302781,1118
1627838303058,1119
1627838303178,1120
1627838303545,1121
1627838303857,1122
1627838303876,1123
1627838303886,1124
1627838303896,1125
1627838303999,1126
1627838304259,1127
1627838304269,1128
1627838304397,1129
1627838304845,1130
1627838305321,1131
1627838305344,1132
1627838305394,1133
1627838305889,1134
1627838305893,1135
1627838305942,1136
1627838306013,1137
1627838306086,1138
1627838306231,1139
1627838306317,1140
1627838306491,1141
1627838306830,1142
1627838307111,1143
1627838307268,1144
1627838307353,1145
1627838307397,1146
1627838307904,1147
1627838308371,1148
1627838309198,1149
1627838309379,1150
1627838309398,1151
1627838310432,1152
1627838310850,1153
1627838311362,1154
1627838311789,1155
1627838311815,1156
1627838311820,1157
1627838311846,1158
1627838311901,1159
1627838312335,1160
1627838312343,1161
1627838312899,1162
1627838313453,1163
1627838313988,1164
1627838314162,1165
1627838314282,1166
1627838314457,1167
1627838314952,1168
1627838315410,1169
1627838315965,1170
1627838316297,1171
1627838316447,1172
1627838316971,1173
1627838317441,1174
1627838317959,1175
1627838318373,1176
1627838318890,1177
1627838319452,1178
1627838319798,1179
1627838319819,1180
1627838319839,1181
1627838319840,1182
1627838319920,1183
1627838320233,1184
1627838320488,1185
1627838321066,1186
1627838321512,1187
1627838322419,1188
1627838325218,1189
1627838325489,1190
1627838325503,1191
1627838325728,1192
1627838326237,1193
1627838326640,1194
1627838326733,1195
1627838327017,1196
1627838327026,1197
1627838327035,1198
1627838327485,1199
1627838327963,1200
1627838328411,1201
1627838328422,1202
1627838328428,1203
1627838328558,1204
1627838328964,1205
1627838329312,1206
1627838329757,1207
1627838329825,1208
1627838330079,1209
1627838330092,1210
1627838330195,1211
1627838330344,1212
1627838330351,1213
1627838330355,1214
1627838330574,1215
1627838330583,1216
1627838330602,1217
1627838330608,1218
1627838331069,1219
1627838331077,1220
1627838331085,1221
1627838331101,1222
1627838331949,1223
1627838331952,1224
1627838331970,1225
1627838331982,1226
1627838332215,1227
1627838332741,1228
1627838333372,1229
1627838333383,1230
1627838333765,1231
1627838333851,1232
1627838334183,1233
1627838334739,1234
1627838334977,1235
1627838335216,1236
1627838335229,1237
1627838335244,1238
1627838335260,1239
1627838335724,1240
1627838336157,1241
1627838336213,1242
1627838336266,1243
1627838336726,1244
1627838337220,1245
1627838337569,1246
1627838337755,1247
1627838338744,1248
1627838338897,1249
1627838339958,1250
1627838339972,1251
1627838340484,1252
1627838340488,1253
1627838340888,1254
1627838340971,1255
1627838340993,1256
1627838341328,1257
1627838341986,1258
1627838341999,1259
1627838342005,1260
1627838342014,1261
1627838342081,1262
1627838342837,1263
1627838343134,1264
1627838343501,1265
1627838343627,1266
1627838343840,1267
1627838344106,1269
1627838344114,1270
1627838344115,1268
1627838344121,1271
1627838344190,1272
1627838344428,1273
1627838344748,1274
1627838344846,1275
1627838345354,1276
1627838346193,1277
1627838347003,1278
1627838347012,1279
1627838347019,1280
1627838347027,1281
1627838347031,1282
1627838347478,1283
1627838347484,1284
1627838347925,1285
1627838347943,1286
1627838347947,1287
1627838347956,1288
1627838347972,1289
1627838347982,1290
1627838348293,1291
1627838348298,1292
1627838348309,1293
1627838348345,1294
1627838348373,1295
1627838348535,1296
1627838348546,1297
1627838348862,1298
1627838348872,1299
1627838348959,1301
1627838348960,1300
1627838349411,1302
1627838349420,1303
1627838349449,1304
1627838349936,1305
1627838350423,1306
1627838350729,1307
1627838350957,1308
1627838351486,1309
1627838351845,1310
1627838351856,1311
1627838351865,1312
1627838351877,1313
1627838351963,1314
1627838352517,1315
1627838352943,1316
1627838353489,1317
1627838354004,1318
1627838354010,1319
1627838354026,1320
1627838354064,1321
1627838354510,1322
1627838354517,1323
1627838354742,1324
1627838354750,1325
1627838354761,1326
1627838355013,1327
1627838355833,1328
1627838356055,1329
1627838356066,1330
1627838356080,1331
1627838356087,1332
1627838356615,1333
1627838357071,1334
1627838357521,1335
1627838357831,1336
1627838357985,1337
1627838358578,1338
1627838359125,1339
1627838359740,1340
1627838360160,1341
1627838360162,1342
1627838360176,1343
1627838360240,1344
1627838360331,1345
1627838360338,1346
1627838360749,1347
1627838360759,1348
1627838361032,1349
1627838361624,1350
1627838362014,1351
1627838362030,1352
1627838362533,1353
1627838362562,1354
1627838363085,1355
1627838363246,1356
1627838363725,1357
1627838363731,1358
1627838363736,1359
1627838364090,1360
1627838364642,1361
1627838365135,1362
1627838365141,1363
1627838365600,1364
1627838366461,1365
1627838366997,1366
1627838367171,1367
1627838367417,1368
1627838367745,1369
1627838367749,1370
1627838367759,1371
1627838367780,1372
1627838367782,1373
1627838368170,1374
1627838368674,1375
1627838369030,1376
1627838369127,1377
1627838369773,1378
1627838369779,1379
1627838369798,1380
1627838370093,1381
1627838370136,1382
1627838370213,1383
1627838370813,1384
1627838371011,1385
1627838371195,1386
1627838371733,1387
1627838372006,1388
1627838372206,1389
1627838372700,1390
1627838373202,1391
1627838373934,1392
1627838374166,1393
1627838375031,1394
1627838375270,1395
1627838375751,1396
1627838376059,1397
1627838376072,1398
1627838376080,1399
1627838376089,1400
1627838376207,1401
1627838376759,1402
1627838377152,1403
1627838377253,1404
1627838377865,1405
1627838378280,1406
1627838378913,1407
1627838379245,1408
1627838379781,1409
1627838379798,1410
1627838379850,1411
1627838379859,1412
1627838380345,1413
1627838380904,1414
1627838380908,1415
1627838381293,1416
1627838381705,1417
1627838381800,1418
1627838382354,1419
1627838382444,1420
1627838382448,1421
1627838382881,1422
1627838383114,1423
1627838383384,1424
1627838383701,1425
1627838384208,1426
1627838384218,1427
1627838384225,1428
1627838384369,1429
1627838385073,1430
1627838385352,1431
1627838386591,1432
1627838386600,1433
1627838386606,1434
1627838387403,1435
1627838388032,1436
1627838388429,1437
1627838388587,1438
1627838389414,1439
1627838390429,1440
1627838391578,1441
1627838391601,1442
1627838391869,1443
1627838391880,1444
1627838392429,1445
1627838392732,1446
1627838394408,1447
1627838395565,1448
1627838395597,1449
1627838395609,1450
1627838395621,1451
1627838396418,1452
1627838397845,1453
1627838397859,1454
1627838397885,1455
1627838398273,1456
1627838398470,1457
1627838398601,1458
1627838398980,1459
1627838398987,1460
1627838399670,1461
1627838400361,1462
1627838400821,1463
1627838400840,1464
1627838400842,1465
1627838400869,1466
1627838400954,1467
1627838401204,1468
1627838401585,1469
1627838402396,1470
1627838403055,1471
1627838404019,1472
1627838405057,1473
1627838406281,1474
1627838406335,1475
1627838407317,1476
1627838408095,1477
1627838408121,1478
1627838408433,1479
1627838408444,1480
1627838408451,1481
1627838408642,1482
1627838409329,1483
1627838409381,1484
1627838409567,1485
1627838410203,1486
1627838410633,1487
1627838411360,1488
1627838412349,1489
1627838413533,1490
1627838413545,1491
1627838413613,1492
1627838413640,1493
1627838414164,1494
1627838414633,1495
1627838415197,1496
1627838415544,1497
1627838415548,1498
1627838415769,1499
1627838416086,1500
1627838416339,1502
1627838416339,1501
1627838416340,1503
1627838416351,1504
1627838416669,1505
1627838417221,1506
1627838417862,1507
1627838418410,1508
1627838418675,1509
1627838418796,1510
1627838419244,1511
1627838419256,1512
1627838419258,1513
1627838419719,1514
1627838420465,1515
1627838420498,1516
1627838420735,1517
1627838421237,1518
1627838421761,1519
1627838422394,1520
1627838422761,1521
1627838423235,1522
1627838423550,1523
1627838423553,1524
1627838423819,1525
1627838424087,1526
1627838424485,1527
1627838424492,1528
1627838424513,1529
1627838424533,1530
1627838424789,1531
1627838425248,1532
1627838425753,1533
1627838425777,1534
1627838426514,1535
1627838426827,1536
1627838427419,1537
1627838427784,1538
1627838427793,1539
1627838428433,1540
1627838428805,1541
1627838428811,1542
1627838429409,1543
1627838429794,1544
1627838429962,1545
1627838430362,1546
1627838430841,1547
1627838431748,1548
1627838431876,1549
1627838432230,1550
1627838432526,1551
1627838432529,1552
1627838432534,1553
1627838432538,1554
1627838432911,1555
1627838433454,1556
1627838433789,1557
1627838434317,1558
1627838434396,1559
1627838434481,1560
1627838435755,1561
1627838435924,1562
1627838436129,1563
1627838436138,1564
1627838436161,1565
1627838436169,1566
1627838436741,1567
1627838436748,1568
1627838436824,1569
1627838437048,1570
1627838437455,1571
1627838437472,1572
1627838437636,1573
1627838438153,1574
1627838438597,1575
1627838439136,1576
1627838439429,1577
1627838439978,1578
1627838440217,1579
1627838440981,1580
1627838441431,1581
1627838441437,1582
1627838441442,1583
1627838441452,1584
1627838441624,1585
1627838442097,1586
1627838442613,1587
1627838442620,1588
1627838442629,1589
1627838443177,1590
1627838443182,1591
1627838443232,1592
1627838443261,1593
1627838443266,1594
1627838443484,1595
1627838443561,1596
1627838444068,1597
1627838444090,1598
1627838444799,1599
1627838445099,1600
1627838445111,1601
1627838445217,1602
1627838445792,1603
1627838445802,1604
1627838446124,1605
1627838446638,1606
1627838446791,1607
1627838447612,1608
1627838448185,1609
1627838448818,1610
1627838449147,1611
1627838449157,1612
1627838449161,1613
1627838449166,1614
1627838449232,1615
1627838449235,1616
1627838449657,1617
1627838450208,1618
1627838450393,1619
1627838450884,1620
1627838451159,1621
1627838451723,1622
1627838452042,1623
1627838452421,1624
1627838452433,1625
1627838452466,1626
1627838452805,1627
1627838452825,1628
1627838452934,1629
1627838453193,1630
1627838453738,1631
1627838454226,1632
1627838454769,1633
1627838454788,1634
1627838455197,1635
1627838455724,1636
1627838456305,1637
1627838456757,1638
1627838457143,1639
1627838457619,1640
1627838457621,1642
1627838457621,1641
1627838457623,1643
1627838457833,1644
1627838458177,1645
1627838458270,1646
1627838458293,1647
1627838458869,1648
1627838459339,1649
1627838459795,1650
1627838460269,1651
1627838460323,1652
1627838460918,1653
1627838461421,1654
1627838462152,1655
1627838462161,1656
1627838462348,1657
1627838463160,1658
1627838463611,1659
1627838463622,1660
1627838463816,1661
1627838464265,1662
1627838464597,1663
1627838465321,1664
1627838465822,1665
1627838465827,1666
1627838465833,1667
1627838465837,1668
1627838465921,1669
1627838466185,1670
1627838466393,1671
1627838466949,1672
1627838467173,1673
1627838467410,1674
1627838467998,1675
1627838468404,1676
1627838469156,1677
1627838469181,1678
1627838469471,1679
1627838469987,1680
1627838470429,1681
1627838470963,1682
1627838471679,1683
1627838471682,1684
1627838471689,1685
1627838472014,1686
1627838472504,1687
1627838473111,1688
1627838473640,1689
1627838473650,1690
1627838473654,1691
1627838473660,1692
1627838473665,1693
1627838474134,1694
1627838474140,1695
1627838474492,1696
1627838475000,1697
1627838475510,1698
1627838476045,1699
1627838476494,1700
1627838476621,1701
1627838477102,1702
1627838477513,1703
1627838478057,1704
1627838478545,1705
1627838479017,1706
1627838479380,1707
1627838479584,1708
1627838479668,1709
1627838480072,1710
1627838480600,1711
1627838480626,1712
1627838481322,1713
1627838481335,1714
1627838481835,1715
1627838481841,1716
1627838481855,1717
1627838481861,1718
1627838481869,1719
1627838481879,1720
1627838482139,1721
1627838482509,1722
1627838483079,1723
1627838483604,1724
1627838483702,1725
1627838484161,1726
1627838484578,1727
1627838485146,1728
1627838485614,1729
1627838486106,1730
1627838486155,1731
1627838486163,1732
1627838486650,1733
1627838487279,1734
1627838487281,1735
1627838487285,1736
1627838487627,1737
1627838487704,1738
1627838488156,1739
1627838488796,1740
1627838489443,1741
1627838489833,1742
1627838489837,1744
1627838489837,1743
1627838489853,1745
1627838489918,1746
1627838490233,1747
1627838491279,1748
1627838491663,1749
1627838492245,1750
1627838492727,1751
1627838493485,1752
1627838493703,1753
1627838493878,1754
1627838494379,1755
1627838494751,1756
1627838495280,1757
1627838495289,1758
1627838495725,1759
1627838496209,1760
1627838496243,1761
1627838496580,1762
1627838496716,1763
1627838496857,1764
1627838497269,1765
1627838497700,1766
1627838497712,1767
1627838497720,1768
1627838497738,1769
1627838497777,1770
1627838497798,1771
1627838497968,1772
1627838498328,1773
1627838499385,1774
1627838500307,1775
1627838501310,1776
1627838502218,1777
1627838502338,1778
1627838504246,1779
1627838504249,1780
1627838504260,1781
1627838504268,1782
1627838504279,1783
1627838504720,1784
1627838504926,1785
1627838504929,1786
1627838505417,1787
1627838505612,1788
1627838506273,1789
1627838506656,1790
1627838506668,1791
1627838506672,1792
1627838506678,1793
1627838506751,1794
1627838507071,1795
1627838507123,1796
1627838507269,1797
1627838507621,1798
1627838507875,1799
1627838508587,1800
1627838508896,1801
1627838509411,1802
1627838510076,1803
1627838510820,1804
1627838510840,1805
1627838510933,1806
1627838511463,1807
1627838512030,1808
1627838512521,1809
1627838513013,1810
1627838513219,1811
1627838513732,1812
1627838513749,1813
1627838513760,1814
1627838513767,1815
1627838513777,1816
1627838513988,1817
1627838514917,1818
1627838515031,1819
1627838516357,1820
1627838516373,1821
1627838516985,1822
1627838518041,1823
1627838518052,1824
1627838519314,1826
1627838519314,1825
1627838520179,1827
1627838521015,1828
1627838521350,1829
1627838522065,1830
1627838523060,1831
1627838524052,1832
1627838524164,1833
1627838524755,1834
1627838524761,1835
1627838524773,1836
1627838525086,1837
1627838525705,1838
1627838526020,1839
1627838526127,1840
1627838526659,1841
1627838526668,1842
1627838527052,1843
1627838527621,1844
1627838527736,1845
1627838528101,1846
1627838529160,1847
1627838529384,1848
1627838529585,1849
1627838529905,1850
1627838529917,1851
1627838529921,1852
1627838529933,1853
1627838530149,1854
1627838530761,1855
1627838530801,1856
1627838531136,1857
1627838531659,1858
1627838532277,1859
1627838532737,1860
1627838533183,1861
1627838533304,1862
1627838533849,1863
1627838534173,1864
1627838534870,1865
1627838534871,1866
1627838535266,1867
1627838535897,1868
1627838536204,1869
1627838536797,1870
1627838537247,1871
1627838538167,1872
1627838538172,1873
1627838538189,1874
1627838538198,1875
1627838538253,1876
1627838538777,1877
1627838539197,1878
1627838539252,1879
1627838539872,1880
1627838540262,1881
1627838540853,1882
1627838540858,1883
1627838541285,1884
1627838541869,1885
1627838542253,1886
1627838542810,1887
1627838543316,1888
1627838543833,1889
1627838544272,1890
1627838544793,1891
1627838545392,1892
1627838546200,1893
1627838546603,1894
1627838546613,1895
1627838546645,1896
1627838546655,1897
1627838546721,1898
1627838547032,1899
1627838547222,1900
1627838547309,1901
1627838548082,1902
1627838548338,1903
1627838548813,1904
1627838549321,1905
1627838549879,1906
1627838550334,1907
1627838550838,1908
1627838551403,1909
1627838552025,1910
1627838552382,1911
1627838553074,1912
1627838553531,1913
1627838554268,1914
1627838554270,1915
1627838554274,1916
1627838554282,1917
1627838555085,1918
1627838555445,1919
1627838556525,1920
1627838556698,1921
1627838557989,1922
1627838558002,1923
1627838558020,1924
1627838558245,1925
1627838558746,1926
1627838559171,1927
1627838559280,1928
1627838559289,1929
1627838559972,1930
1627838559977,1931
1627838561009,1932
1627838561437,1933
1627838561505,1934
1627838562028,1935
1627838562303,1936
1627838562725,1937
1627838562740,1938
1627838562750,1939
1627838562861,1940
1627838563220,1941
1627838563232,1942
1627838563537,1943
1627838564002,1944
1627838564503,1945
1627838565330,1946
1627838565332,1947
1627838565561,1948
1627838565670,1949
1627838566205,1950
1627838566379,1951
1627838566391,1952
1627838566529,1953
1627838566993,1954
1627838567038,1955
1627838567053,1956
1627838567136,1957
1627838567396,1958
1627838567466,1959
1627838567476,1960
1627838567588,1961
1627838568245,1962
1627838568553,1963
1627838569127,1964
1627838569297,1965
1627838569596,1966
1627838570721,1967
1627838570725,1968
1627838570741,1969
1627838570745,1970
1627838570827,1971
1627838571148,1972
1627838571641,1973
1627838571654,1974
1627838571693,1975
1627838571703,1976
1627838572341,1977
1627838572596,1978
1627838572641,1979
1627838572785,1980
1627838573233,1981
1627838573657,1982
1627838574305,1983
1627838574321,1984
1627838574646,1985
1627838575172,1986
1627838575697,1987
1627838576325,1988
1627838576665,1989
1627838577313,1990
1627838577332,1991
1627838577714,1992
1627838578904,1993
1627838578913,1994
1627838578933,1995
1627838578934,1996
1627838578969,1997
1627838579557,1998
1627838579700,1999
1627838580006,2000
1627838580368,2001
1627838581081,2002
1627838581469,2003
1627838581505,2004
1627838581765,2005
1627838582469,2006
1627838582493,2007
1627838582799,2008
1627838583378,2009
1627838583712,2010
1627838583737,2011
1627838583768,2012
1627838584388,2013
1627838584876,2014
1627838585349,2015
1627838585356,2016
1627838585819,2017
1627838586423,2018
1627838586541,2019
1627838586574,2020
1627838586599,2021
1627838586885,2022
1627838587418,2023
1627838587425,2024
1627838587885,2025
1627838588476,2026
1627838588517,2027
1627838588692,2028
1627838588878,2029
1627838589400,2030
1627838589845,2031
1627838590032,2032
1627838590402,2033
1627838590852,2034
1627838591435,2035
1627838591881,2036
1627838592414,2037
1627838592920,2038
1627838593508,2039
1627838594009,2040
1627838594576,2041
1627838595013,2042
1627838595019,2043
1627838595035,2044
1627838595138,2045
1627838595879,2046
1627838595964,2047
1627838595974,2048
1627838596538,2049
1627838596991,2050
1627838597458,2051
1627838598017,2052
1627838599109,2053
1627838599680,2054
1627838600632,2055
1627838601038,2056
1627838601053,2057
1627838601478,2058
1627838601697,2059
1627838602175,2060
1627838602296,2061
1627838602783,2062
1627838602789,2063
1627838602797,2064
1627838602828,2065
1627838603128,2066
1627838603601,2067
1627838603677,2068
1627838603983,2069
1627838604128,2070
1627838604701,2071
1627838604709,2072
1627838605086,2073
1627838605834,2074
1627838606120,2075
1627838606985,2076
1627838607257,2077
1627838607911,2078
1627838607970,2079
1627838608054,2080
1627838608199,2081
1627838608675,2082
1627838609145,2083
1627838609231,2084
1627838609741,2085
1627838610233,2086
1627838610479,2087
1627838610797,2088
1627838610802,2089
1627838610807,2090
1627838610824,2091
1627838611165,2092
1627838611915,2093
1627838611945,2094
1627838612157,2095
1627838612731,2096
1627838613212,2097
1627838614166,2098
1627838614175,2099
1627838614351,2100
1627838614361,2101
1627838614375,2102
1627838615082,2103
1627838615095,2104
1627838615144,2105
1627838615165,2107
1627838615170,2106
1627838615171,2108
1627838615272,2109
1627838615295,2110
1627838615335,2111
1627838615336,2112
1627838615428,2113
1627838615965,2114
1627838615973,2115
1627838616305,2116
1627838616665,2117
1627838616772,2118
1627838616782,2119
1627838617196,2120
1627838617303,2121
1627838617411,2122
1627838617838,2123
1627838618305,2124
1627838618766,2125
1627838618772,2126
1627838618776,2127
1627838618797,2128
1627838619325,2129
1627838619584,2130
1627838620569,2131
1627838621121,2132
1627838621376,2133
1627838621378,2134
1627838621394,2135
1627838622481,2136
1627838622490,2137
1627838622497,2138
1627838622506,2139
1627838622941,2140
1627838623689,2141
1627838623697,2142
1627838623705,2143
1627838623716,2144
1627838623733,2145
1627838623750,2146
1627838624461,2147
1627838624941,2148
1627838625271,2149
1627838625395,2150
1627838625896,2151
1627838626719,2152
1627838627269,2153
1627838627735,2154
1627838627742,2156
1627838627742,2155
1627838627744,2157
1627838627801,2158
1627838628195,2159
1627838628213,2160
1627838628324,2161
1627838628496,2162
1627838629172,2163
1627838629185,2164
1627838629360,2165
1627838629429,2166
1627838629441,2167
1627838630210,2168
1627838630233,2169
1627838630245,2170
1627838630286,2171
1627838630559,2172
1627838631299,2173
1627838631465,2174
1627838632821,2175
1627838632825,2176
1627838632846,2177
1627838633083,2178
1627838633375,2179
1627838633518,2180
1627838634033,2181
1627838634327,2182
1627838634335,2183
1627838634671,2184
1627838634925,2185
1627838635346,2186
1627838635359,2187
1627838635363,2188
1627838635383,2189
1627838635565,2190
1627838636217,2191
1627838636567,2192
1627838637227,2193
1627838637434,2194
1627838637583,2195
1627838638086,2196
1627838638597,2197
1627838639568,2198
1627838639797,2199
1627838639798,2200
1627838640669,2201
1627838640919,2202
1627838641530,2203
1627838641626,2204
1627838642143,2205
1627838642762,2206
1627838643532,2207
1627838643983,2208
1627838643990,2209
1627838643992,2210
1627838643998,2211
1627838644086,2212
1627838644373,2213
1627838644379,2214
1627838644713,2215
1627838645250,2216
1627838645715,2217
1627838646375,2218
1627838646733,2219
1627838646877,2220
1627838647309,2221
1627838647708,2222
1627838648176,2223
1627838648221,2224
1627838648759,2225
1627838649641,2226
1627838649845,2227
1627838650260,2228
1627838651093,2229
1627838651556,2230
1627838652076,2231
1627838652082,2232
1627838652091,2233
1627838652104,2234
1627838652163,2235
1627838652362,2236
1627838652863,2237
1627838652889,2238
1627838653529,2239
1627838653818,2240
1627838654333,2241
1627838654928,2242
1627838655403,2243
1627838655840,2244
1627838655864,2245
1627838656356,2246
1627838656918,2247
1627838657981,2248
1627838658055,2249
1627838658419,2250
1627838659079,2251
1627838659691,2252
1627838660151,2253
1627838660153,2254
1627838660169,2255
1627838660182,2256
1627838660248,2257
1627838660505,2258
1627838660848,2259
1627838660939,2260
1627838661184,2261
1627838661561,2262
1627838661985,2263
1627838662569,2264
1627838662933,2265
1627838663488,2266
1627838664039,2267
1627838664644,2268
1627838664973,2269
1627838665442,2270
1627838665573,2271
1627838665909,2272
1627838666055,2273
1627838666513,2274
1627838667028,2275
1627838667253,2276
1627838667949,2277
1627838667960,2278
1627838667969,2279
1627838668001,2280
1627838668116,2281
1627838668774,2282
1627838669075,2283
1627838669577,2284
1627838670194,2285
1627838670209,2286
1627838670837,2287
1627838670917,2288
1627838671099,2289
1627838671824,2290
1627838672868,2291
1627838673380,2292
1627838673493,2293
1627838673882,2294
1627838674157,2295
1627838674645,2296
1627838675093,2297
1627838675799,2298
1627838675807,2299
1627838675824,2300
1627838676155,2301
1627838676750,2302
1627838676778,2303
1627838676861,2304
1627838677137,2305
1627838677654,2306
1627838678225,2307
1627838678706,2308
1627838679146,2309
1627838679348,2310
1627838679397,2311
1627838679791,2312
1627838679796,2313
1627838679816,2314
1627838679837,2315
1627838679841,2316
1627838680405,2317
1627838680418,2318
1627838680452,2319
1627838681550,2320
1627838681556,2321
1627838681680,2322
1627838681689,2323
1627838681693,2324
1627838681851,2325
1627838681860,2326
1627838682215,2327
1627838682280,2328
1627838682291,2329
1627838682381,2330
1627838682417,2331
1627838682420,2332
1627838682425,2333
1627838682908,2334
1627838683300,2335
1627838683569,2336
1627838684006,2337
1627838684019,2338
1627838684029,2339
1627838684042,2340
1627838684271,2341
1627838684849,2342
1627838685233,2343
1627838685285,2344
1627838686641,2345
1627838687251,2346
1627838687254,2347
1627838687273,2348
1627838687276,2349
1627838687874,2350
1627838688043,2351
1627838688266,2352
1627838689099,2353
1627838689105,2354
1627838689134,2355
1627838689864,2356
1627838689929,2357
1627838690379,2358
1627838690465,2359
1627838690944,2360
1627838691428,2361
1627838692008,2362
1627838692016,2363
1627838692020,2364
1627838692411,2365
1627838692977,2366
1627838693494,2367
1627838694173,2368
1627838694204,2369
1627838694413,2370
1627838695114,2371
1627838695367,2372
1627838695613,2373
1627838696384,2374
1627838696490,2375
1627838696933,2376
1627838696946,2377
1627838697221,2378
1627838697802,2379
1627838698394,2380
1627838698445,2381
1627838699016,2382
1627838699523,2383
1627838699869,2384
1627838700339,2385
1627838700353,2386
1627838700357,2387
1627838700381,2388
1627838700533,2389
1627838701062,2390
1627838701070,2391
1627838701555,2392
1627838702269,2393
1627838702585,2394
1627838703025,2395
1627838703517,2396
1627838703759,2397
1627838704275,2398
1627838704605,2399
1627838705045,2400
1627838705533,2401
1627838706245,2402
1627838706585,2403
1627838707089,2404
1627838707553,2405
1627838708597,2406
1627838708598,2407
1627838708600,2408
1627838708621,2409
1627838708689,2410
1627838709117,2411
1627838709583,2412
1627838709684,2413
1627838710308,2414
1627838710639,2415
1627838711250,2416
1627838711657,2417
1627838712339,2418
1627838712638,2419
1627838713221,2420
1627838713721,2421
1627838714369,2422
1627838714383,2423
1627838714664,2424
1627838715177,2425
1627838715654,2426
1627838716433,2427
1627838716439,2428
1627838716445,2429
1627838716460,2430
1627838716711,2431
1627838717273,2432
1627838717689,2433
1627838717721,2434
1627838717762,2435
1627838718508,2436
1627838718538,2437
1627838718846,2438
1627838719472,2439
1627838719513,2440
1627838719530,2441
1627838720691,2442
1627838720699,2443
1627838721341,2444
1627838721385,2445
1627838721429,2446
1627838721433,2447
1627838721444,2448
1627838721697,2449
1627838722221,2450
1627838722277,2451
1627838722509,2452
1627838722837,2453
1627838723537,2454
1627838723953,2455
1627838724231,2456
1627838724602,2457
1627838724607,2458
1627838724613,2459
1627838724617,2460
1627838724916,2461
1627838725563,2462
1627838725966,2463
1627838726498,2464
1627838726884,2465
1627838727401,2466
1627838727412,2467
1627838727424,2468
1627838727441,2469
1627838727444,2470
1627838727949,2471
1627838728421,2472
1627838728653,2473
1627838728945,2474
1627838729835,2475
1627838730079,2476
1627838730530,2477
1627838730949,2478
1627838731117,2479
1627838731521,2480
1627838732017,2481
1627838733064,2482
1627838733071,2483
1627838733071,2484
1627838733143,2485
1627838733623,2486
1627838733713,2487
1627838733716,2488
1627838734267,2489
1627838734473,2490
1627838734475,2491
1627838735169,2492
1627838735173,2493
1627838735193,2494
1627838735380,2495
1627838735401,2496
1627838735436,2497
1627838735967,2498
1627838736465,2499
1627838736478,2500
1627838737063,2501
1627838737290,2502
1627838737824,2503
1627838737837,2504
1627838738121,2505
1627838738601,2506
1627838739075,2507
1627838739624,2508
1627838740174,2509
1627838740387,2510
1627838740763,2511
1627838740771,2512
1627838740773,2513
1627838740784,2514
1627838741148,2515
1627838741727,2516
1627838742148,2517
1627838742183,2518
1627838742893,2519
1627838743185,2520
1627838743209,2521
1627838744601,2522
1627838744609,2523
1627838744777,2524
1627838744788,2525
1627838745347,2526
1627838745352,2527
1627838745393,2528
1627838745410,2529
1627838745777,2530
1627838745807,2531
1627838745833,2532
1627838746320,2533
1627838746761,2534
1627838747241,2535
1627838748158,2536
1627838748310,2537
1627838748977,2538
1627838748978,2539
1627838748997,2540
1627838748999,2541
1627838749267,2542
1627838750025,2543
1627838750167,2544
1627838750207,2545
1627838750298,2546
1627838750323,2547
1627838750337,2548
1627838751261,2549
1627838751385,2550
1627838751389,2551
1627838751973,2552
1627838752450,2553
1627838752452,2554
1627838752468,2555
1627838753073,2556
1627838753398,2557
1627838753840,2558
1627838753853,2559
1627838754194,2560
1627838754353,2561
1627838754869,2562
1627838755409,2563
1627838756063,2564
1627838756536,2565
1627838756813,2566
1627838757316,2567
1627838757332,2568
1627838757336,2569
1627838757340,2570
1627838757377,2571
1627838757465,2572
1627838757978,2573
1627838757982,2574
1627838758418,2575
1627838759007,2576
1627838759462,2577
1627838760222,2578
1627838760253,2579
1627838760397,2580
1627838760541,2581
1627838761061,2582
1627838761481,2583
1627838762173,2584
1627838762461,2585
1627838763018,2586
1627838763608,2587
1627838763616,2588
1627838763631,2589
1627838764159,2590
1627838764537,2591
1627838764873,2592
1627838765377,2593
1627838765404,2594
1627838765410,2595
1627838765421,2596
1627838765561,2597
1627838766286,2598
1627838766428,2599
1627838766489,2600
1627838767027,2601
1627838767602,2602
1627838768060,2603
1627838768521,2604
1627838769050,2605
1627838769606,2606
1627838770250,2607
1627838770541,2608
1627838771141,2609
1627838771581,2610
1627838772240,2611
1627838772597,2612
1627838773293,2613
1627838773843,2614
1627838773850,2615
1627838773857,2616
1627838773882,2617
1627838774037,2618
1627838774318,2619
1627838774489,2620
1627838774557,2621
1627838775129,2622
1627838775478,2623
1627838775759,2624
1627838775770,2625
1627838776369,2626
1627838776621,2627
1627838777181,2628
1627838777697,2629
1627838778283,2630
1627838778641,2631
1627838779140,2632
1627838779624,2633
1627838780301,2634
1627838780767,2635
1627838781409,2636
1627838781999,2637
1627838782004,2638
1627838782018,2639
1627838782021,2640
1627838782533,2641
1627838782926,2642
1627838783114,2643
1627838783629,2644
1627838783716,2645
1627838783779,2646
1627838784619,2647
1627838784809,2648
1627838785543,2649
1627838785556,2650
1627838785901,2651
1627838785924,2652
1627838786545,2653
1627838786556,2654
1627838786689,2655
1627838786790,2656
1627838787424,2657
1627838787782,2658
1627838788370,2659
1627838788818,2660
1627838789347,2661
1627838789875,2662
1627838789880,2663
1627838789893,2664
1627838789899,2665
1627838790002,2666
1627838790413,2667
1627838790417,2668
1627838790831,2669
1627838791422,2670
1627838791806,2671
1627838792403,2672
1627838792875,2673
1627838793013,2674
1627838793685,2675
1627838793726,2676
1627838794712,2677
1627838795341,2678
1627838795347,2679
1627838795401,2680
1627838795425,2681
1627838795911,2682
1627838795989,2683
1627838796541,2684
1627838796982,2685
1627838797213,2686
1627838797572,2687
1627838797584,2688
1627838797585,2689
1627838798016,2690
1627838798594,2691
1627838798596,2692
1627838798827,2693
1627838798921,2694
1627838799829,2695
1627838800017,2696
1627838800613,2697
1627838800617,2698
1627838800769,2699
1627838801006,2700
1627838801833,2701
1627838802063,2702
1627838802066,2703
1627838802734,2704
1627838803127,2705
1627838803140,2706
1627838804025,2707
1627838804265,2708
1627838804578,2709
1627838805132,2710
1627838806165,2711
1627838806695,2712
1627838806698,2713
1627838806701,2714
1627838806720,2715
1627838806777,2716
1627838806795,2717
1627838807262,2718
1627838807310,2719
1627838807695,2720
1627838808232,2721
1627838808742,2722
1627838809119,2723
1627838809142,2724
1627838809944,2725
1627838809964,2726
1627838810153,2727
1627838810654,2728
1627838810759,2729
1627838811118,2730
1627838811831,2731
1627838812157,2732
1627838812640,2733
1627838813697,2734
1627838813996,2735
1627838814744,2736
1627838814773,2737
1627838814813,2738
1627838814880,2739
1627838815393,2740
1627838815412,2741
1627838815756,2742
1627838816179,2743
1627838816263,2744
1627838816284,2745
1627838816287,2746
1627838816738,2747
1627838816744,2748
1627838817293,2749
1627838817413,2750
1627838817885,2751
1627838818225,2752
1627838818857,2753
1627838819329,2754
1627838819831,2755
1627838820266,2756
1627838821409,2757
1627838821593,2758
1627838821630,2759
1627838822285,2760
1627838823456,2761
1627838823481,2762
1627838824473,2763
1627838825674,2764
1627838826645,2765
1627838826659,2766
1627838827796,2767
1627838828591,2768
1627838828600,2769
1627838829600,2770
1627838830477,2771
1627838830489,2772
1627838830665,2773
1627838831293,2774
1627838831452,2775
1627838832620,2776
1627838832972,2777
1627838833473,2778
1627838834009,2779
1627838834382,2780
1627838834979,2781
1627838835492,2782
1627838835939,2783
1627838836462,2784
1627838837006,2785
1627838837592,2786
1627838837891,2787
1627838838902,2788
1627838838930,2789
1627838838936,2790
1627838838970,2791
1627838839163,2792
1627838839569,2793
1627838839665,2794
1627838839710,2795
1627838840386,2796
1627838840981,2797
1627838841466,2798
1627838841651,2799
1627838842159,2800
1627838842166,2801
1627838842172,2802
1627838842344,2803
1627838842576,2804
1627838843185,2805
1627838843211,2806
1627838843517,2807
1627838844007,2808
1627838844570,2809
1627838845265,2810
1627838845589,2811
1627838846038,2812
1627838846848,2813
1627838846853,2814
1627838846863,2815
1627838846888,2816
1627838846969,2817
1627838846984,2818
1627838847016,2819
1627838847285,2820
1627838847298,2821
1627838847584,2822
1627838848245,2823
1627838848641,2824
1627838849213,2825
1627838849248,2826
1627838849312,2827
1627838849533,2828
1627838849639,2829
1627838850313,2830
1627838850424,2831
1627838850570,2832
1627838850738,2833
1627838850759,2834
1627838850823,2835
1627838851163,2836
1627838851637,2837
1627838852249,2838
1627838852937,2839
1627838853296,2840
1627838853737,2841
1627838854126,2842
1627838854596,2843
1627838854607,2844
1627838854622,2845
1627838854628,2846
1627838854757,2847
1627838855358,2848
1627838855644,2849
1627838855745,2850
1627838856377,2851
1627838856830,2852
1627838857341,2853
1627838857834,2854
1627838858488,2855
1627838859285,2856
1627838859817,2857
1627838860354,2858
1627838860592,2859
1627838860829,2860
1627838861425,2861
1627838861866,2862
1627838863158,2863
1627838863202,2864
1627838863208,2865
1627838863228,2866
1627838863289,2867
1627838863712,2868
1627838863825,2869
1627838864355,2870
1627838864844,2871
1627838865369,2872
1627838865597,2873
1627838865901,2874
1627838866516,2875
1627838866886,2876
1627838867501,2877
1627838867796,2878
1627838867857,2879
1627838868441,2880
1627838868921,2881
1627838869581,2882
1627838869837,2883
1627838869933,2884
1627838870680,2885
1627838871273,2886
1627838871294,2887
1627838871309,2888
1627838871323,2889
1627838871506,2890
1627838871532,2891
1627838871813,2892
1627838871834,2893
1627838871949,2894
1627838872549,2895
1627838872970,2896
1627838873624,2897
1627838873941,2898
1627838874145,2899
1627838874469,2900
1627838875053,2901
1627838875537,2902
1627838876268,2903
1627838876679,2904
1627838877081,2905
1627838877571,2906
1627838878071,2907
1627838878851,2908
1627838879357,2909
1627838879367,2910
1627838879374,2911
1627838879377,2912
1627838879481,2913
1627838879915,2914
1627838880016,2915
1627838880045,2916
1627838880641,2917
1627838881121,2918
1627838881842,2919
1627838882069,2920
1627838882891,2921
1627838883208,2922
1627838883669,2923
1627838884084,2924
1627838884663,2925
1627838884716,2926
1627838885146,2927
1627838885705,2928
1627838886287,2929
1627838886740,2930
1627838886797,2931
1627838887260,2932
1627838887273,2933
1627838887274,2934
1627838887281,2935
1627838887285,2936
1627838887414,2937
1627838887680,2938
1627838888208,2939
1627838888293,2940
1627838888301,2941
1627838888773,2942
1627838888969,2943
1627838889220,2944
1627838889899,2945
1627838889901,2946
1627838889906,2947
1627838890385,2948
1627838890876,2949
1627838890965,2950
1627838891269,2951
1627838891857,2952
1627838892238,2953
1627838892736,2954
1627838893253,2955
1627838893805,2956
1627838894334,2957
1627838894533,2958
1627838895073,2959
1627838895079,2960
1627838895084,2961
1627838895089,2962
1627838895389,2963
1627838896041,2964
1627838896270,2965
1627838896882,2966
1627838897381,2967
1627838897992,2968
1627838898165,2969
1627838898296,2970
1627838900401,2971
1627838900413,2972
1627838901125,2973
1627838901132,2974
1627838901151,2976
1627838901152,2975
1627838901153,2977
1627838901169,2978
1627838901172,2979
1627838901653,2980
1627838901661,2981
1627838902668,2982
1627838903181,2983
1627838903189,2984
1627838903243,2985
1627838903559,2986
1627838903915,2987
1627838903922,2988
1627838903929,2989
1627838903952,2990
1627838904096,2991
1627838904364,2992
1627838904765,2993
1627838904791,2994
1627838904825,2995
1627838904848,2996
1627838905092,2997
1627838905100,2998
1627838905356,2999

