lease_id,project_id,user_id,created_at,deleted_at,start_on,end_on,status,node_cnt,reserve_conditions,reserve_count_range,node_type
b2b934b84392c2805a87d125f281a7d7,85f4be9cb9da471fd794e511a1b381c6,cdabeeeab8a40a9958a265ca3dcd3725,2019-03-04 17:36:28,2019-03-05 20:04:18,2019-03-04 18:00:00,2019-03-07 17:36:00,active,1,"[""=="",""$node_type"",""compute_haswell""]",1-1,compute_haswell
9756fd760d9a3a22f6c634fb261b6305,9a99cf7b3a6b7d349d9b53d2b3f2c6ac,a08509e9fb2466a5f7145a7e3478d77f,2021-02-04 06:30:08,2021-02-06 16:06:06,2021-02-06 06:30:00,2021-02-07 06:29:00,active,4,"[""=="",""$node_type"",""compute_haswell""]",4-4,compute_haswell
a2c3661871a22e40f4b2c08e491058e4,c78cc0b9b1f03134791713d17916cc45,cbf0689e40cb1742b4675659c76b34e7,2020-11-09 04:08:00,2020-11-23 03:01:57,2020-11-09 15:00:00,2020-11-26 04:07:00,active,1,"[""=="",""$node_type"",""compute_haswell""]",1-1,compute_haswell
33d9508839cfb9046d09ff28edec512c,666de5295c9fd9e404701c78e5bcfa9e,bbbb30df9ef5575a22b98a0775529c5a,2019-01-10 19:53:33,2019-01-18 21:12:36,2019-01-15 23:15:00,2019-02-14 17:00:00,active,1,"[""=="",""$node_type"",""compute_haswell""]",1-1,compute_haswell
9be28ac4b6a707e55c6f46a86f10d009,b4526adf70b81a874c7b84b8bb0f1588,b0da84cce132638ebcf41b5103bf6f04,2018-11-13 14:12:01,2018-11-15 14:26:52,2018-11-13 22:00:00,2018-11-20 14:12:00,active,1,"[""=="",""$node_type"",""compute_haswell""]",1-1,compute_haswell
6917c6d1a70f69ef71bfbf510d459afa,39ed7082a8d7b891aa2bec0fdcd3ccc8,7d7c1abe5ebd75a736bd2095a1fa7a0b,2019-03-05 17:42:39,2019-03-07 19:51:59,2019-03-06 17:43:00,2019-03-13 17:42:00,active,1,"[""=="",""$node_type"",""compute_haswell""]",1-1,compute_haswell
d99e803eb5f7400475f3c1f754a68981,9a99cf7b3a6b7d349d9b53d2b3f2c6ac,a08509e9fb2466a5f7145a7e3478d77f,2021-02-04 06:28:03,2021-02-06 16:06:25,2021-02-06 06:28:00,2021-02-07 06:27:00,active,4,"[""=="",""$node_type"",""compute_haswell""]",4-4,compute_haswell
1252579a7d6a8a99bf4a8aba31adf39a,6a50a6d570d5cbde5cf475cf9c3a5ea5,b7ea8a44b5fe4e0b7a6e45954a945872,2018-11-05 15:27:38,2018-11-16 15:47:05,2018-11-11 15:28:00,2018-11-18 15:27:00,active,10,"[""=="",""$node_type"",""compute_haswell""]",10-10,compute_haswell
b3cdcc096a79a364a0bb05376d255549,d79a64ad06b4569c01b79595b62207fb,99b54d1d4e70e31f2c092dcec7e5e3b8,2020-07-19 17:22:58,2020-07-19 18:52:44,2020-07-19 18:23:00,2020-07-19 19:23:00,active,1,"[""="", ""$node_type"", ""compute_haswell""]",1-1,compute_haswell
03120601454dcb37ccd71ec436f60979,1f93a03de95790bef1b554d5f7b95529,da673fa4bcc0ce52356afd1ef4eacbe5,2020-05-12 00:32:02,2020-05-15 02:59:42,2020-05-14 18:00:00,2020-05-18 00:31:00,active,3,"[""=="",""$node_type"",""compute_haswell""]",1-3,compute_haswell
e65951e04e3aed773a00f3d75265888b,fb348a3cac4abf3feb12e141eb967416,496599f5a12135293f0d7405e8a23465,2018-12-07 19:50:44,2018-12-10 17:58:29,2018-12-10 14:00:00,2018-12-17 13:59:00,active,1,"[""=="",""$node_type"",""compute_haswell""]",1-1,compute_haswell
865303da9d6104163ff2abc89779c1ed,3a06b3f10cdb47fc11a1790455a01b28,a8df3c53b57104d58f1ea56a312b775e,2019-02-06 16:59:14,2019-02-17 07:43:26,2019-02-12 22:00:00,2019-02-19 22:00:00,active,4,"[""=="",""$node_type"",""compute_haswell""]",4-4,compute_haswell
3dc6bd9065a128e660fa3e4a0d13981f,d79a64ad06b4569c01b79595b62207fb,99b54d1d4e70e31f2c092dcec7e5e3b8,2020-07-19 17:24:56,2020-07-19 19:14:05,2020-07-19 18:25:00,2020-07-19 19:25:00,active,1,"[""="", ""$node_type"", ""compute_haswell""]",1-1,compute_haswell
4129d130f051f681820854be94683fc9,d889bcaa61641c9cf0fb4830a991d2d2,196037c5f2cd8eee918e72683e948217,2019-10-05 20:40:31,2019-10-07 01:05:46,2019-10-06 16:00:00,2019-10-07 15:59:00,active,1,"[""=="",""$node_type"",""compute_haswell""]",1-1,compute_haswell
071d2848472eaba46d01ffd572080934,e6c6a4f6e50a26c762c00aff61f0130c,4db566e9f0304e4f46b4029f23a1ff5b,2021-05-04 00:52:45,2021-05-04 17:21:43,2021-05-04 10:00:00,2021-05-11 00:52:00,active,1,"[""=="",""$node_type"",""compute_haswell""]",1-1,compute_haswell
0caa6f4889282ef4b0cc592e7a05ec12,a6207fc4e11d91820c6b19070a2c631a,616ba18ebe585740c3f16a80da6264b0,2019-10-07 16:37:37,2019-10-08 00:35:25,2019-10-08 00:00:00,2019-10-14 16:37:00,active,1,"[""=="",""$node_type"",""compute_haswell""]",1-1,compute_haswell
5593235121d263860d6a35194f22973f,9acc533cd696d492367f2887a1caa678,a1d0d994e3bb9f05c8670dd913863e00,2020-11-20 21:11:06,2020-11-22 07:05:55,2020-11-21 21:11:00,2020-11-28 21:10:00,active,1,"[""=="",""$node_type"",""compute_haswell""]",1-1,compute_haswell
1ab813b786b38ca26b50c9a384919294,d889bcaa61641c9cf0fb4830a991d2d2,462136b72dbf6ca7e3f0b7d7c268f951,2019-10-18 03:34:56,2019-10-19 13:05:48,2019-10-19 03:35:00,2019-10-24 03:34:00,active,1,"[""=="",""$node_type"",""compute_haswell""]",1-1,compute_haswell
f8165dae334b25c21ab78d681497fcb2,ffc5149d4790faee4096828382e6452b,c8a35b73cb179cfc97c81f44abbc95ea,2019-06-06 16:10:10,2019-06-12 14:27:21,2019-06-07 16:11:00,2019-06-14 16:10:00,active,1,"[""=="",""$node_type"",""compute_haswell""]",1-1,compute_haswell
066148c2e537c4766b021b2cba6346b5,da9619a6e3648e62189f855f7cf1da18,a142516240cf1c0a18f1493af7966be3,2020-03-04 23:31:46,2020-03-06 09:05:59,2020-03-05 23:32:00,2020-03-12 23:31:00,active,15,"[""=="",""$node_type"",""compute_haswell""]",15-15,compute_haswell
b68dc2b31526c845ef9fa6417b6abf9d,fb348a3cac4abf3feb12e141eb967416,496599f5a12135293f0d7405e8a23465,2019-07-24 20:05:21,2019-08-04 20:06:13,2019-07-31 07:00:00,2019-08-06 20:05:00,active,1,"[""=="",""$node_type"",""compute_haswell""]",1-1,compute_haswell
fa199a76cd80d9af24ff7dbba9441c67,a1698de3f44858bf8cc7f6a9c44f0a8f,9961da64036d24e394683d3dba96bb0d,2020-07-26 16:54:58,2020-07-28 02:05:46,2020-07-27 16:55:00,2020-08-03 16:54:00,active,1,"[""=="",""$node_type"",""compute_haswell""]",1-1,compute_haswell
7cd2c6a4f2e7f2f2ced3e11e090ee1a7,d79a64ad06b4569c01b79595b62207fb,99b54d1d4e70e31f2c092dcec7e5e3b8,2020-07-05 19:09:28,2020-07-05 20:42:36,2020-07-05 20:09:00,2020-07-05 21:09:00,active,1,"[""="", ""$node_type"", ""compute_haswell""]",1-1,compute_haswell
961edf80cab73e1dd9cb20fc394b48a2,1f93a03de95790bef1b554d5f7b95529,1f165ea9427a977d486d667afea537e7,2020-03-29 14:58:54,2020-03-30 01:05:45,2020-03-29 15:57:00,2020-04-03 22:55:00,active,1,"[""=="",""$node_type"",""compute_haswell""]",1-1,compute_haswell
600ba4053d5f35073f2ac7711dc077c3,c78cc0b9b1f03134791713d17916cc45,cbf0689e40cb1742b4675659c76b34e7,2020-11-20 21:53:37,2020-11-21 23:05:56,2020-11-21 14:00:00,2020-11-24 21:53:00,active,1,"[""=="",""$node_type"",""compute_haswell""]",1-1,compute_haswell
3f9a137d4b01e0e72eb110e146ceed5f,aad77411391198e489ba4508530e9a1c,558e1936d8ad749bb992c43ed2ba04d3,2020-02-17 16:09:57,2020-02-22 05:24:10,2020-02-19 08:00:00,2020-02-24 08:00:00,active,15,"[""=="",""$node_type"",""compute_haswell""]",15-15,compute_haswell
9b358090cb9e5c38148fa6ed1ff8b4c1,d889bcaa61641c9cf0fb4830a991d2d2,462136b72dbf6ca7e3f0b7d7c268f951,2019-10-05 18:05:36,2019-10-10 00:31:16,2019-10-05 19:00:00,2019-10-13 18:05:00,active,1,"[""=="",""$node_type"",""compute_haswell""]",1-1,compute_haswell
7dc4a9389c358a7a998b17fd74b7375d,e8fa6bb790b3e051c5882146756ff1a6,558e1936d8ad749bb992c43ed2ba04d3,2019-11-11 19:38:35,2019-11-16 14:47:16,2019-11-13 08:00:00,2019-11-20 08:00:00,active,15,"[""=="",""$node_type"",""compute_haswell""]",15-15,compute_haswell
e075b58c3f37aaeb81b0226ba35bb0fb,8d496f54dba82cd9ea791a646fdcfc33,a2877ff6f791358b9da425c6745d2859,2021-05-24 19:47:32,2021-05-24 21:04:07,2021-05-24 20:00:00,2021-05-25 06:00:00,active,1,"[""="",""$node_type"",""compute_haswell""]",1-1,compute_haswell
553eed64883a29227e31cb64340a0942,8530e3e58682886ce2197e2788041308,da726ec3597317042c79b63ebbe922e9,2021-04-06 03:03:55,2021-04-08 13:23:20,2021-04-06 18:00:00,2021-04-13 03:03:00,active,1,"[""=="",""$node_type"",""compute_haswell""]",1-1,compute_haswell
10737ca5c26c01ed4b7602f112f4d855,1ab8ea2f6fd99e582c7f6f1967bc6f4d,0a64a2fe203163f1d080f803efd66d7e,2019-03-04 18:24:23,2019-03-13 17:57:14,2019-03-11 17:25:00,2019-03-16 17:24:00,active,1,"[""=="",""$node_type"",""compute_haswell""]",1-1,compute_haswell
6e6412224cefb6a9432c218bef87cc48,293e09ee88e3cc3bd42054353749d3af,926ed0c60323fad7a808b8c49140cb9a,2018-10-24 14:36:09,2018-10-26 17:43:12,2018-10-25 11:00:00,2018-10-28 14:36:00,active,4,"[""=="",""$node_type"",""compute_haswell""]",4-4,compute_haswell
dec4149e42f16e4421856f89ed39df71,ad85f3098a02a429e0e0abd21f0671bb,08eec46ef94ae7af1c112722ffddd2e2,2018-03-19 21:23:15,2018-04-04 15:17:13,2018-03-21 21:24:00,2018-04-05 21:23:00,active,13,"[""=="",""$node_type"",""compute_haswell""]",12-13,compute_haswell
46bc11f333c7e25ffe899e6e5a30d3b7,d399e60fec39fc68912b3cf961d9f89b,eaaf8e5c24bf703b963f45347c4fe229,2019-06-10 03:20:55,2019-06-10 14:45:14,2019-06-10 14:00:00,2019-06-13 03:20:00,active,1,"[""=="",""$node_type"",""compute_haswell""]",1-1,compute_haswell
4edd3cd1dc4731688b93670f16fa635b,92b2d72f5af2edaeced4ed60557b40f2,f384d7795654ff7268499c8240e44e67,2018-09-15 05:03:30,2018-09-22 03:55:31,2018-09-15 07:00:00,2018-09-22 07:00:00,active,1,"[""=="",""$node_type"",""compute_haswell""]",1-1,compute_haswell
f58d72d84897f7422c8f73f4b1bdc1f7,ec0b942c1494cfe54b3b31581f32e9bc,d4a9749af5cd933775fea458629c8225,2019-10-24 17:28:01,2019-10-25 21:05:51,2019-10-25 12:00:00,2019-10-27 23:59:00,active,4,"["">="",""$node_type"",""compute_haswell""]",4-4,compute_haswell
704f3cde4f7c2eb554378d1826532947,c15f0aa33358bb10ccf12471a85f409a,ffc5de4cbb1db7fbd0bb93976c509605,2019-07-10 18:27:34,2019-07-16 06:50:41,2019-07-11 03:00:00,2019-07-18 03:00:00,active,1,"[""=="",""$node_type"",""compute_haswell""]",1-1,compute_haswell
52e371acabeac1eb9775f3607b8f3bc6,d889bcaa61641c9cf0fb4830a991d2d2,c2e1c8f32a7940aefee809683d5823c6,2019-09-12 19:53:26,2019-09-17 19:05:45,2019-09-16 19:54:00,2019-09-17 19:53:00,active,1,"[""=="",""$node_type"",""compute_haswell""]",1-1,compute_haswell
13d4a92e52ad81ff2ceabadab08358f0,c5332d5fefe29a122ffff7f1f4ed703c,bcc1927591fe48c7b127f62db8fe5ac9,2019-04-10 18:03:53,2019-04-11 15:09:18,2019-04-11 10:30:00,2019-04-15 15:00:00,active,2,"[""=="",""$node_type"",""compute_haswell""]",1-2,compute_haswell
00f6e9c3d8224f7f45cc45ce857e3282,c03acb678fce7e0a5aec96636a3e44b9,83c967880b2fe9e499e53c0401cf4920,2021-04-27 00:15:59,2021-04-27 16:08:17,2021-04-27 13:00:00,2021-05-03 23:45:00,active,1,"[""=="",""$node_type"",""compute_haswell""]",1-1,compute_haswell
472357f59b470cb93d26108859525382,15a727bd277271b0b813885217375d94,ed5c0f6cb912aae6abce99e9a0060d25,2021-06-04 22:53:38,,2021-06-05 22:54:00,2021-06-12 22:53:00,active,10,"[""=="",""$node_type"",""compute_haswell""]",10-10,compute_haswell
e5b29bf0e1c926b2edbc78bca12e9e86,a1634842af1292243e30c84c690b98d2,698180777c9dd979045e75e6a7d1ee58,2020-02-16 20:51:04,2020-02-18 04:04:01,2020-02-17 20:51:00,2020-02-24 20:50:00,active,1,"[""=="",""$node_type"",""compute_haswell""]",1-1,compute_haswell
4952fe24b9017acf5c3e4e90c2d7dc87,62bb73292f771c07082bac478db7afd7,ad3db85149d5f12a33402134812774f6,2018-08-02 18:02:56,2018-08-03 16:53:52,2018-08-03 15:00:00,2018-08-03 23:30:00,active,1,"[""=="",""$node_type"",""compute_haswell""]",1-1,compute_haswell
c912d8eaed7a7f9a3d7c0d483c312644,0bda2bbeaea2748255f19cb3f9638a3f,6c7d5ae100721a5e2ab4a711ef19b620,2021-03-18 20:09:06,2021-03-20 05:13:43,2021-03-19 20:09:00,2021-03-24 20:08:00,active,1,"[""=="",""$node_type"",""compute_haswell""]",1-1,compute_haswell
3cac32815ec7ac781a8b7038a344eb42,b8db4174800bf470d0827be549b4f87a,a134e2260b166cad827ac73a5b6f8fbd,2018-12-27 09:53:32,2019-04-21 16:21:15,2018-12-28 09:54:00,2019-03-05 12:53:00,active,1,"[""=="",""$node_type"",""compute_haswell""]",1-1,compute_haswell
db7c4cc0b1401e51643316f2d12b7d5d,f105f6bb078a743d30698c0a13f118a2,3a64e23985e1a931a725afd202a72c6a,2019-01-30 01:27:02,2019-02-07 14:50:29,2019-02-06 08:00:00,2019-02-09 18:00:00,active,50,"[""=="",""$node_type"",""compute_haswell""]",50-50,compute_haswell
2cc18efcdd7230ac578f98c891d4d43c,bb23a8370911627a83cd9fa3a3c6f522,864c85ca2b86760ccb3d070a413d1bdf,2021-04-25 15:41:10,2021-04-28 01:05:47,2021-04-27 15:41:00,2021-05-04 15:40:00,active,1,"[""=="",""$node_type"",""compute_haswell""]",1-1,compute_haswell
7ada58a971c93be559a81997dca6bfb8,b15afa3c56dd451837de15a79edbe60a,32baa489dc97d697ed96bfd7e6f6812b,2018-12-02 23:15:30,2018-12-05 05:02:50,2018-12-03 22:00:00,2018-12-08 21:00:00,active,1,"[""=="",""$node_type"",""compute_haswell""]",1-1,compute_haswell
84ed16fb2e336165591b2e1368123466,c0d3e7742a1cc4a1867129ce38a6e1e5,6b3b01a1b5ec903b9f179943c7a3dab0,2020-04-10 22:39:29,2020-04-15 08:05:46,2020-04-14 22:40:00,2020-04-21 22:39:00,active,1,"[""=="",""$node_type"",""compute_haswell""]",1-1,compute_haswell
46f8d522ae64a29b72e972e7b0e6e51c,1ab8ea2f6fd99e582c7f6f1967bc6f4d,0a64a2fe203163f1d080f803efd66d7e,2018-04-13 17:19:59,2018-04-22 10:09:18,2018-04-15 13:00:00,2018-04-21 03:00:00,active,1,"[""=="",""$node_type"",""compute_haswell""]",1-1,compute_haswell
0d80722ffaf5e2eb31bd3f6793aef44b,dcc3ef97657712c6372947bf668cfd5b,edde5066dfebad7be918e72afbb38ec2,2018-10-18 00:29:36,2018-10-25 18:04:43,2018-10-19 00:30:00,2018-10-26 00:29:00,active,1,"[""=="",""$node_type"",""compute_haswell""]",1-1,compute_haswell
1d1095634935091d2b4b74e51d4d36a9,3a1f5506e09d1195059c966943649509,31116643c275608534777e1ad3324dc2,2021-02-19 19:19:22,2021-02-22 09:06:35,2021-02-22 00:00:00,2021-02-27 00:00:00,active,5,"[""=="",""$node_type"",""compute_haswell""]",4-5,compute_haswell
9cfcfe2d866c9c24584e39c586fd5819,aad77411391198e489ba4508530e9a1c,558e1936d8ad749bb992c43ed2ba04d3,2020-04-24 16:36:53,2020-05-01 03:55:37,2020-04-26 08:00:00,2020-05-01 08:00:00,active,12,"[""=="",""$node_type"",""compute_haswell""]",12-12,compute_haswell
4d8b23b897ca3f61129934d4fec5e7b9,d889bcaa61641c9cf0fb4830a991d2d2,37c2cec8f7aa765a5d09c3748eb8d99d,2019-09-15 17:03:55,2019-09-18 14:57:59,2019-09-15 19:00:00,2019-09-19 14:00:00,active,1,"[""=="",""$node_type"",""compute_haswell""]",1-1,compute_haswell
df09fda3218176bed5574b5a90060b7a,038f80069efad5be46d02be82f144ab1,7d655aa4d497dfcbbb7d4e6d7553b592,2020-05-03 19:36:35,2020-05-06 05:06:03,2020-05-05 19:37:00,2020-05-11 19:36:00,active,14,"[""=="",""$node_type"",""compute_haswell""]",14-14,compute_haswell
7f1410773c9e86f514ff9dbe540d31f2,e5ac5c5bbafdca974b742264dfe9029c,449bbb03ed5401e9f4562f2222002470,2020-10-27 01:05:42,2020-11-01 10:06:36,2020-11-01 01:06:00,2020-11-08 01:05:00,active,1,"[""=="",""$node_type"",""compute_haswell""]",1-1,compute_haswell
43dcfb387786fc7e148886e356a0cab5,ffc5149d4790faee4096828382e6452b,de501130b3eba4705593c26c1d4659fc,2019-07-03 19:07:02,2019-07-07 02:14:18,2019-07-05 08:00:00,2019-07-12 23:59:00,active,1,"[""=="",""$node_type"",""compute_haswell""]",1-1,compute_haswell
6d4d0a5de261059c7599526b646b3b5a,f99d9532a5b5d343b83d24d66f222d74,e50fbd600280ac3b0af27f91f0567cde,2021-02-19 22:23:09,2021-02-23 22:30:12,2021-02-22 14:00:00,2021-03-02 00:00:00,active,1,"[""=="",""$node_type"",""compute_haswell""]",1-1,compute_haswell
46288e8627e104e23bfbc2397fe4fcab,1f2261d594e603fbd1f208e77a9c5454,105f8039cb72effade6da097be73ed1a,2019-04-29 01:15:51,2019-05-07 15:43:07,2019-05-03 10:00:00,2019-05-10 01:15:00,active,2,"[""=="",""$node_type"",""compute_haswell""]",2-2,compute_haswell
a09ee41fe9fa16fa15b7447546b81f52,f00cc6f3479bce271ce6850f466b57ce,09fc7f685d96ce2402d39d2fc1d5a718,2020-08-07 05:41:20,2020-08-08 21:06:31,2020-08-08 12:01:00,2020-08-12 12:01:00,active,2,"[""=="",""$node_type"",""compute_haswell""]",1-2,compute_haswell
c313c3552dcdca6fe1c381a207e3b0bd,d79a64ad06b4569c01b79595b62207fb,99b54d1d4e70e31f2c092dcec7e5e3b8,2020-09-06 17:25:36,2020-09-06 18:58:29,2020-09-06 18:25:00,2020-09-06 19:25:00,active,1,"[""="", ""$node_type"", ""compute_haswell""]",1-1,compute_haswell
ef01c02fb2e9a5068c3dfd512c51ca39,39ea2c7a74cfdf0ca28f1f31e912d646,01c73cb58a159d459866cfacf7cd7bd1,2020-04-14 19:06:33,2020-04-21 21:12:06,2020-04-15 20:00:00,2020-04-24 19:06:00,active,2,"[""=="",""$node_type"",""compute_haswell""]",2-2,compute_haswell
f3bbb1cd3128d1171a4b3a6cc5bfb6a4,ddeb0391562a27538ef40ad6ec994b7c,09574db71a8c478f716029864f39d913,2020-06-25 14:12:16,2020-06-27 02:05:53,2020-06-26 17:00:00,2020-06-29 14:12:00,active,1,"[""=="",""$node_type"",""compute_haswell""]",1-1,compute_haswell
b2f9786367eb59aec7a37c583dbf4010,d79a64ad06b4569c01b79595b62207fb,99b54d1d4e70e31f2c092dcec7e5e3b8,2020-06-28 20:20:52,2020-06-28 21:37:37,2020-06-28 20:51:00,2020-06-28 21:51:00,active,1,"[""="", ""$node_type"", ""compute_haswell""]",1-1,compute_haswell
ce2c7fd9c3f1fafbbdd1c5452f282d7e,d74bdc30e8de872523c95dd3b9fa758b,a14c7dbc35f3470d6bfce9fc5604cf97,2019-03-18 18:26:59,,2019-03-22 11:00:00,2019-03-25 18:26:00,active,1,"[""=="",""$node_type"",""compute_haswell""]",1-1,compute_haswell
096e0bd6ae70c755573837f291368537,39ea2c7a74cfdf0ca28f1f31e912d646,01c73cb58a159d459866cfacf7cd7bd1,2020-03-03 20:47:12,2020-03-06 06:05:54,2020-03-05 20:48:00,2020-03-12 20:47:00,active,2,"[""=="",""$node_type"",""compute_haswell""]",2-2,compute_haswell
29e26c88ee6129e13d9c3fd7b2ce70ec,b2eaf4c6c3022e6d0ef350e23a02ba90,a54cc01f128e8bf9d81b48e06250edb5,2018-11-21 21:24:43,,2018-11-23 01:00:00,2018-12-05 21:24:00,active,1,"[""=="",""$node_type"",""compute_haswell""]",1-1,compute_haswell
450ea8d048349ce8f4efaf5b54c0cd69,b2eaf4c6c3022e6d0ef350e23a02ba90,badcf471d9026cb61014e20f0552b0e8,2018-05-24 14:57:46,2018-05-26 15:39:51,2018-05-25 19:00:00,2018-05-31 19:00:00,active,1,"[""=="",""$node_type"",""compute_haswell""]",1-1,compute_haswell
1ab089a057554a9a647070a49aa828c6,d889bcaa61641c9cf0fb4830a991d2d2,c2e1c8f32a7940aefee809683d5823c6,2019-09-12 19:54:40,2019-09-17 19:05:48,2019-09-16 19:55:00,2019-09-17 19:54:00,active,1,"[""=="",""$node_type"",""compute_haswell""]",1-1,compute_haswell
6fa4ab86fc34d9afea6aa3beaec4028c,32a4c3acd227fb643cc38e743b252998,bf3c4061cdec4bad104d81a49f4a4900,2018-11-06 18:46:37,2018-11-14 11:46:37,2018-11-13 20:00:00,2018-11-20 18:46:00,active,1,"[""=="",""$node_type"",""compute_haswell""]",1-1,compute_haswell
a1a052eefad71c741da2ce308e191e1a,afc7d66b9f0472c7eb793c2f702e2009,f89a700d7b5d8c9f6fc4f9998e6cd00b,2021-01-26 01:24:32,2021-01-26 19:18:04,2021-01-26 08:00:00,2021-01-30 01:24:00,active,1,"[""=="",""$node_type"",""compute_haswell""]",1-1,compute_haswell
2edad8f31d01c21074525316a770716a,c3d8104ab30dae88b9bc52fee39e99e4,88afa6d94506398c87fb78389a97d6ee,2018-04-12 17:19:35,2018-04-12 18:51:55,2018-04-12 18:00:00,2018-04-15 18:00:00,active,1,"[""="", ""$node_type"", ""compute_haswell""]",1-1,compute_haswell
8c9c222b2389ad1debb5c9723fa7fac9,f38aa9b69d32b17b962c6727b58ad475,2c09afdcf35a099c60e41f6b1f4e492f,2021-02-19 19:55:56,2021-02-22 23:41:55,2021-02-22 16:00:00,2021-02-23 00:00:00,active,1,"[""=="",""$node_type"",""compute_haswell""]",1-1,compute_haswell
880204694db7663575af0d47181fe0ae,15a727bd277271b0b813885217375d94,ed5c0f6cb912aae6abce99e9a0060d25,2021-05-29 14:01:45,2021-06-06 00:21:29,2021-05-30 14:02:00,2021-06-06 14:01:00,active,11,"[""=="",""$node_type"",""compute_haswell""]",11-11,compute_haswell
c83532b5b04c57185d2c0ad2c2582b4f,385706880d3db07ead5bbb952d605148,8304f7950a211654edf5ad5865384ce8,2019-05-08 12:19:04,2019-05-16 04:19:53,2019-05-08 17:00:00,2019-05-13 16:00:00,active,9,"[""=="",""$node_type"",""compute_haswell""]",9-9,compute_haswell
f292f7c97a88fed4dad0dd7ec42c28fb,89d7bc82b87b52863ce223245bb34594,a2383e4e7615de4be9a96e91d91542ab,2019-06-27 02:35:48,2019-06-27 15:33:11,2019-06-27 14:00:00,2019-06-28 14:00:00,active,1,"[""=="",""$node_type"",""compute_haswell""]",1-1,compute_haswell
14baf5cfb552aac307d6c76b4123af16,2fbaf04d4ec6143cc76cb1079f1c826b,9d2552a3838e97b3ddaf3c7cc5cd9501,2020-05-29 04:44:34,2020-05-29 19:06:29,2020-05-29 04:55:00,2020-06-05 04:55:00,active,1,"[""=="",""$node_type"",""compute_haswell""]",1-1,compute_haswell
d51aa7ce2830243014f0dafdb5ae1608,9ace62c61d521ca870cb708fe7ba988d,88afa6d94506398c87fb78389a97d6ee,2019-01-17 02:20:23,2019-01-19 00:11:58,2019-01-19 00:00:00,2019-01-19 14:00:00,active,80,"[""="", ""$node_type"", ""compute_haswell""]",80-80,compute_haswell
29097a703845435b3231f577034ebb00,a6805fcc055db8dc06b3e2ee434cd8f9,b3d3e79a4618f42cfefeb10255252eb5,2019-03-08 19:07:42,2019-03-29 15:57:30,2019-03-21 11:00:00,2019-03-27 19:07:00,active,1,"[""=="",""$node_type"",""compute_haswell""]",1-1,compute_haswell
f9fbd8447203f628b7d579fcaca9f1d4,666de5295c9fd9e404701c78e5bcfa9e,bbbb30df9ef5575a22b98a0775529c5a,2019-01-03 17:49:32,2019-01-08 21:27:10,2019-01-08 05:00:00,2019-01-09 04:00:00,active,182,"[""=="",""$node_type"",""compute_haswell""]",150-330,compute_haswell
33bab542a8ac75c2b8d630104cb2d621,1ab8ea2f6fd99e582c7f6f1967bc6f4d,0a64a2fe203163f1d080f803efd66d7e,2018-05-12 00:21:17,2018-05-13 16:29:45,2018-05-13 13:00:00,2018-05-18 03:00:00,active,1,"[""=="",""$node_type"",""compute_haswell""]",1-1,compute_haswell
7471d102770b9ff91b4341f9aa599dde,c3d8104ab30dae88b9bc52fee39e99e4,88afa6d94506398c87fb78389a97d6ee,2018-04-14 02:08:38,2018-04-14 21:15:51,2018-04-14 13:00:00,2018-04-15 07:00:00,active,70,"[""="", ""$node_type"", ""compute_haswell""]",70-70,compute_haswell
7bf0233bd862b2e26b093cfdc4310d6a,c3d8104ab30dae88b9bc52fee39e99e4,88afa6d94506398c87fb78389a97d6ee,2018-05-10 23:50:42,2018-05-12 00:24:42,2018-05-11 12:00:00,2018-05-12 05:00:00,active,41,"[""=="",""$node_type"",""compute_haswell""]",41-41,compute_haswell
af5cde7a7446c2f179834d9e28bde577,6dc6efb1c19ba86dfdb1892af867610d,3fba0e884a51a240a5cdc013771ae471,2018-11-17 18:59:25,2018-12-03 17:23:41,2018-11-24 19:00:00,2018-12-01 18:59:00,active,1,"[""=="",""$node_type"",""compute_haswell""]",1-1,compute_haswell
6b1c326213c382a2fc8a0d2313b2880a,e8fa6bb790b3e051c5882146756ff1a6,558e1936d8ad749bb992c43ed2ba04d3,2019-11-06 22:15:29,2019-11-09 04:17:49,2019-11-07 08:00:00,2019-11-14 08:00:00,active,5,"[""=="",""$node_type"",""compute_haswell""]",5-5,compute_haswell
7071f6afa66db5474c0f6f9ebca1230d,9a99cf7b3a6b7d349d9b53d2b3f2c6ac,a08509e9fb2466a5f7145a7e3478d77f,2021-02-04 06:25:54,2021-02-06 16:06:50,2021-02-06 06:26:00,2021-02-07 06:25:00,active,4,"[""=="",""$node_type"",""compute_haswell""]",4-4,compute_haswell
471f73b881f433f3c9c128042482eff2,a6207fc4e11d91820c6b19070a2c631a,3c143f35b0b6958f5986cf12e3222cbb,2018-11-04 17:43:53,2018-11-06 20:46:42,2018-11-04 18:00:00,2018-11-11 18:00:00,active,1,"[""=="",""$node_type"",""compute_haswell""]",1-1,compute_haswell
f17e61ff1877424edf401a262099efcc,3a1f5506e09d1195059c966943649509,31116643c275608534777e1ad3324dc2,2021-04-02 16:49:53,2021-04-05 20:39:18,2021-04-05 20:00:00,2021-04-10 23:59:00,active,5,"[""=="",""$node_type"",""compute_haswell""]",1-5,compute_haswell
c776fac7b8307c065cf623747e6d3da4,9ace62c61d521ca870cb708fe7ba988d,88afa6d94506398c87fb78389a97d6ee,2019-01-14 23:43:23,2019-01-16 23:45:05,2019-01-16 14:00:00,2019-01-17 06:00:00,active,20,"[""="", ""$node_type"", ""compute_haswell""]",20-20,compute_haswell
47eeeefb22a0ba241bc6601feb42298a,b8db4174800bf470d0827be549b4f87a,b692e63e84d54423a7ab2463e918dd79,2019-05-17 20:41:49,2019-05-18 22:31:05,2019-05-18 03:14:00,2019-05-25 03:13:00,active,1,"[""=="",""$node_type"",""compute_haswell""]",1-1,compute_haswell
6eaae0cb9d93ea83281e15f5d7e61b1a,d889bcaa61641c9cf0fb4830a991d2d2,766ffadc57667f612cd16d90534a8f71,2018-11-14 21:54:45,2018-11-15 17:59:08,2018-11-15 00:00:00,2018-11-16 14:00:00,active,1,"[""=="",""$node_type"",""compute_haswell""]",1-1,compute_haswell
b726ebcb944cd0b20f3805e2f4bb73cc,8530e3e58682886ce2197e2788041308,da726ec3597317042c79b63ebbe922e9,2021-03-01 18:23:40,2021-03-13 14:31:44,2021-03-02 02:00:00,2021-03-14 18:23:00,active,1,"[""=="",""$node_type"",""compute_haswell""]",1-1,compute_haswell
0e19cdbf0d7e190c1a921851cea85902,aad77411391198e489ba4508530e9a1c,558e1936d8ad749bb992c43ed2ba04d3,2020-02-24 14:50:11,2020-03-02 05:57:39,2020-02-27 08:00:00,2020-03-03 08:00:00,active,20,"[""=="",""$node_type"",""compute_haswell""]",20-20,compute_haswell
610a715534196161fefe3ae7ee20b76a,89d7bc82b87b52863ce223245bb34594,a2383e4e7615de4be9a96e91d91542ab,2019-06-27 15:39:04,2019-06-28 16:02:22,2019-06-28 15:40:00,2019-06-29 15:39:00,active,1,"[""=="",""$node_type"",""compute_haswell""]",1-1,compute_haswell
e0dd4c8ed75aa9cef0291cf33bacb4b2,024d60bb5372ea89acfa09d8e1f2f971,0b6256d4d8651bc12011c67c0d06d266,2019-03-31 15:45:07,2019-04-04 02:09:49,2019-04-01 13:00:00,2019-04-08 13:00:00,active,16,"[""=="",""$node_type"",""compute_haswell""]",16-16,compute_haswell
e482a61577ab07b51d7602127648a87f,b60c1217fd3acb0dc59d5b7a840f462b,5a56c51affa424f47d9d4f1b493179c3,2020-10-06 18:06:47,2020-10-07 21:05:55,2020-10-07 12:00:00,2020-10-10 10:00:00,active,1,"[""=="",""$node_type"",""compute_haswell""]",1-1,compute_haswell
6502e585fbec9c464c15b55dda4aed05,9a99cf7b3a6b7d349d9b53d2b3f2c6ac,a08509e9fb2466a5f7145a7e3478d77f,2021-03-30 17:56:17,2021-04-04 03:06:08,2021-04-03 17:56:00,2021-04-04 17:55:00,active,4,"[""=="",""$node_type"",""compute_haswell""]",4-4,compute_haswell
1540a21ca652369eb155b3b2452e028c,6a50a6d570d5cbde5cf475cf9c3a5ea5,b7ea8a44b5fe4e0b7a6e45954a945872,2018-05-03 19:03:22,2018-05-15 01:43:02,2018-05-14 17:00:00,2018-05-16 12:00:00,active,120,"[""=="",""$node_type"",""compute_haswell""]",120-120,compute_haswell
1d4b9e298af4258bf6d90ba32fdfc87c,305f94dd082fde5dd8be820ec75e0385,48f4d348dab2bdef2404987699667864,2019-07-26 21:55:01,2019-08-02 19:45:08,2019-07-30 15:00:00,2019-08-03 21:54:00,active,1,"[""=="",""$node_type"",""compute_haswell""]",1-1,compute_haswell
269fe6982ebdd37c7ba501d6bcdf136b,e8fa6bb790b3e051c5882146756ff1a6,558e1936d8ad749bb992c43ed2ba04d3,2019-10-10 20:49:21,2019-10-18 01:31:43,2019-10-12 08:00:00,2019-10-19 08:00:00,active,11,"[""=="",""$node_type"",""compute_haswell""]",11-11,compute_haswell
e32f6bb163786e1b3a89952f3f513ad4,d06b684638cf83bdf6ae199d009ef21b,4d8b14e8585e17fb1fc9f0b4f88825d6,2018-09-23 06:30:31,2018-09-28 07:00:29,2018-09-27 06:31:00,2018-09-28 07:30:00,active,1,"[""=="",""$node_type"",""compute_haswell""]",1-1,compute_haswell
1307c45b3f7e55b4d99e8df1837c7b7e,84065ab6f5fdb8b7632011663a24eabe,59a19c6078b81b1804781abf4086fa1c,2019-11-05 03:15:41,,2019-11-08 20:00:00,2019-11-09 20:00:00,active,25,"[""=="",""$node_type"",""compute_haswell""]",25-25,compute_haswell
5f191c922f4bc98646ecfac025a66a82,038f80069efad5be46d02be82f144ab1,7d655aa4d497dfcbbb7d4e6d7553b592,2019-12-20 17:22:13,2019-12-21 19:05:58,2019-12-21 10:00:00,2019-12-27 17:22:00,active,4,"[""=="",""$node_type"",""compute_haswell""]",4-4,compute_haswell
ff0406fc90bf2d11917cbdcaed28146d,d79a64ad06b4569c01b79595b62207fb,99b54d1d4e70e31f2c092dcec7e5e3b8,2020-07-05 19:08:30,2020-07-05 20:40:47,2020-07-05 20:08:00,2020-07-05 21:08:00,active,1,"[""="", ""$node_type"", ""compute_haswell""]",1-1,compute_haswell
be1b9660ed2d6ba3bb29e06ae69db78d,258adef94532b947f8710e73897ad004,234e2ef1e35f10286b8d7e716788ad9b,2021-04-21 16:44:22,2021-04-22 21:07:28,2021-04-22 16:45:00,2021-04-23 16:44:00,active,1,"[""=="",""$node_type"",""compute_haswell""]",1-1,compute_haswell
6e1c263670713da836d15de22787e29d,fcce246ec2a5ea1eead359d3ef4ed3fb,fe180ceca85cd4ba7e9c359ec6ba03c3,2020-06-03 00:25:51,2020-06-04 07:18:19,2020-06-04 00:26:00,2020-06-05 00:25:00,active,1,"[""=="",""$node_type"",""compute_haswell""]",1-1,compute_haswell
e610d485bff71887321840245f194496,2f68a4492ac2eaa7d7750c183c8b56f1,cb6745dab85bcc06cbb53989589a814e,2019-05-03 20:57:46,2019-05-07 05:16:32,2019-05-06 23:00:00,2019-05-13 23:00:00,active,5,"[""=="",""$node_type"",""compute_haswell""]",5-5,compute_haswell
ef1c17b1c265bd8ef700fc46dc16b5c6,aad77411391198e489ba4508530e9a1c,558e1936d8ad749bb992c43ed2ba04d3,2020-01-15 20:35:28,2020-01-20 04:08:31,2020-01-17 08:00:00,2020-01-20 08:00:00,active,12,"[""=="",""$node_type"",""compute_haswell""]",12-12,compute_haswell
1b8083876c8e9483c0d81b8666455b5b,dcc3ef97657712c6372947bf668cfd5b,edde5066dfebad7be918e72afbb38ec2,2018-12-26 19:11:58,2019-01-03 17:41:51,2019-01-02 14:40:00,2019-01-09 14:39:00,active,1,"[""=="",""$node_type"",""compute_haswell""]",1-1,compute_haswell
855210600877498dfcd8d4eee8f07026,5ccb7a03411d025534d890926fa74349,bc9509bf4e6f54feac28739b2b549ee9,2018-12-13 22:44:46,2018-12-18 21:13:00,2018-12-13 22:55:00,2018-12-20 22:54:00,active,1,"[""=="",""$node_type"",""compute_haswell""]",1-1,compute_haswell
1f50e8cf60ff82dd4c9ace7c2967e6e4,385706880d3db07ead5bbb952d605148,8304f7950a211654edf5ad5865384ce8,2018-11-28 22:27:34,2018-11-29 03:18:59,2018-11-29 02:00:00,2018-12-01 15:00:00,active,4,"[""=="",""$node_type"",""compute_haswell""]",1-4,compute_haswell
a52c702b8bf80a2adf2fc92aa4d809f4,666de5295c9fd9e404701c78e5bcfa9e,bbbb30df9ef5575a22b98a0775529c5a,2019-10-07 21:29:55,2019-10-08 14:19:02,2019-10-08 13:00:00,2019-10-16 04:00:00,active,7,"[""=="",""$node_type"",""compute_haswell""]",7-7,compute_haswell
3a1790de0ac49d95ca2e35eb2fd1d5da,bb23a8370911627a83cd9fa3a3c6f522,87ceb81d5199579f5961b3f357266973,2021-03-29 22:26:00,2021-03-30 11:14:54,2021-03-30 02:14:00,2021-04-06 02:13:00,active,1,"[""=="",""$node_type"",""compute_haswell""]",1-1,compute_haswell
c491d0196a1bfe3fe4d21d793be310f0,d79a64ad06b4569c01b79595b62207fb,99b54d1d4e70e31f2c092dcec7e5e3b8,2020-04-26 18:38:01,2020-04-26 20:13:45,2020-04-26 19:38:00,2020-04-26 20:38:00,active,3,"[""="", ""$node_type"", ""compute_haswell""]",3-3,compute_haswell
9e32695c91c467d58aee3aa6ebb49ee7,c3d8104ab30dae88b9bc52fee39e99e4,88afa6d94506398c87fb78389a97d6ee,2018-05-11 13:53:35,2018-05-12 00:24:10,2018-05-11 20:00:00,2018-05-12 04:59:00,active,15,"[""=="",""$node_type"",""compute_haswell""]",15-15,compute_haswell
ef7bbc12fa877a311f12c972a1de6bb7,9a99cf7b3a6b7d349d9b53d2b3f2c6ac,a08509e9fb2466a5f7145a7e3478d77f,2021-03-30 17:58:18,2021-04-04 03:06:21,2021-04-03 17:59:00,2021-04-04 17:58:00,active,4,"[""=="",""$node_type"",""compute_haswell""]",4-4,compute_haswell
aa0fb5b907c32ba57e823432806e412b,6b8e567af94413b06617c3315a28c116,db9c893c012bf0c80f973be19e36562d,2020-05-09 19:26:07,2020-05-10 19:06:02,2020-05-10 09:20:00,2020-05-17 09:20:00,active,3,"[""=="",""$node_type"",""compute_haswell""]",3-3,compute_haswell
8568464f9507ec5ac08dd442d278534b,fb348a3cac4abf3feb12e141eb967416,496599f5a12135293f0d7405e8a23465,2018-10-03 06:26:41,2018-10-29 18:51:32,2018-10-23 10:00:00,2018-10-30 09:59:00,active,1,"[""=="",""$node_type"",""compute_haswell""]",1-1,compute_haswell
8a2b9f40c9bd2abc0c0852158a809600,d79a64ad06b4569c01b79595b62207fb,f5952c248fffc8d3fb648d1e0f9ea9ec,2018-05-24 15:31:22,2018-06-06 18:19:46,2018-05-29 08:00:00,2019-02-28 15:31:00,active,1,"[""=="",""$node_type"",""compute_haswell""]",1-1,compute_haswell
b7d355006a392e3faa9c08f18d871fec,c3d8104ab30dae88b9bc52fee39e99e4,88afa6d94506398c87fb78389a97d6ee,2018-04-12 17:15:36,2018-04-13 00:32:59,2018-04-12 18:00:00,2018-04-13 18:00:00,active,75,"[""="", ""$node_type"", ""compute_haswell""]",75-75,compute_haswell
598af954d31914fe4cad745bf2b8002d,d79a64ad06b4569c01b79595b62207fb,99b54d1d4e70e31f2c092dcec7e5e3b8,2020-05-04 10:06:39,2020-05-04 17:06:00,2020-05-04 16:05:00,2020-05-04 22:05:00,active,1,"[""="", ""$node_type"", ""compute_haswell""]",1-1,compute_haswell
c0cdd99343d052db5a52469907b0343a,3cfb13287815d51c5a747b232f312f65,861c76598a0c443eb769287b4f5ba97e,2018-12-19 21:06:37,2018-12-26 21:56:51,2018-12-24 03:00:00,2018-12-31 03:00:00,active,1,"[""=="",""$node_type"",""compute_haswell""]",1-1,compute_haswell
ed0ef48583a05ef1947a3c4afaf72f56,4058db695d0066beadf44122340223fd,f297c6a54681586888d936c99a8e5b9b,2019-08-29 03:49:00,,2019-08-29 22:48:00,2019-09-05 03:48:00,active,2,"[""=="",""$node_type"",""compute_haswell""]",1-2,compute_haswell
37418d5d9d483c04a03598bae687fa7a,1ab8ea2f6fd99e582c7f6f1967bc6f4d,0a64a2fe203163f1d080f803efd66d7e,2018-04-13 17:15:23,2018-04-22 10:09:34,2018-04-15 13:00:00,2018-04-21 03:00:00,active,1,"[""=="",""$node_type"",""compute_haswell""]",1-1,compute_haswell
5699c3681f9243207ef1b32e9312a187,305f94dd082fde5dd8be820ec75e0385,48f4d348dab2bdef2404987699667864,2019-08-22 14:27:18,2019-08-29 17:31:46,2019-08-28 14:28:00,2019-09-04 14:27:00,active,2,"[""=="",""$node_type"",""compute_haswell""]",2-2,compute_haswell
c0a1f01bd4fc8039fdbf8a1347abaaec,c15f0aa33358bb10ccf12471a85f409a,746fd9ed48a1859cfbf57e1345c9dbb3,2018-07-02 02:46:42,2018-07-02 20:45:14,2018-07-02 08:00:00,2018-07-07 08:00:00,active,1,"[""=="",""$node_type"",""compute_haswell""]",1-1,compute_haswell
92731b1309115b95857bb9e06dc54485,1ab8ea2f6fd99e582c7f6f1967bc6f4d,0a64a2fe203163f1d080f803efd66d7e,2018-04-13 17:18:46,2018-04-22 10:09:39,2018-04-15 13:00:00,2018-04-21 03:00:00,active,1,"[""=="",""$node_type"",""compute_haswell""]",1-1,compute_haswell
b097b18e0f926e09a23155ed06964ead,7b32a1d302f526623c197841bec9d285,eaf12fcc5aac68aa97f9d925a4af5c0f,2019-10-07 21:14:20,2019-10-09 02:05:55,2019-10-08 16:15:00,2019-10-12 16:45:00,active,4,"[""=="",""$node_type"",""compute_haswell""]",2-4,compute_haswell
931e81d71a587ed47ca1d9aad4b510ec,bb8dfe1fb7991f1620047d01efbe67a6,03c91cf1b5e14a780d150778835b844b,2021-04-19 23:38:30,2021-04-21 07:05:35,2021-04-20 22:00:00,2021-04-22 23:38:00,active,2,"[""=="",""$node_type"",""compute_haswell""]",2-2,compute_haswell
a2b160477044703e58f17cc90b846abb,e8fa6bb790b3e051c5882146756ff1a6,558e1936d8ad749bb992c43ed2ba04d3,2019-10-13 03:14:26,2019-10-18 01:32:28,2019-10-13 08:00:00,2019-10-19 03:14:00,active,20,"[""=="",""$node_type"",""compute_haswell""]",20-20,compute_haswell
e36031d284b33ec278ea7734a451af9c,3a162887dc17840eb9555f00b4779abd,36737b9373ec9fb77c04d385c9d2fc90,2020-07-15 15:47:38,2020-07-16 03:05:53,2020-07-15 18:00:00,2020-07-16 18:00:00,active,1,"[""=="",""$node_type"",""compute_haswell""]",1-1,compute_haswell
e66e51a9ea2580ef818d27e036e3df18,b2eaf4c6c3022e6d0ef350e23a02ba90,6b8fc80406b03ebf1e72b7afa8b6f0ef,2018-11-12 08:58:54,2018-11-13 03:25:28,2018-11-12 13:30:00,2018-11-13 04:30:00,active,3,"[""=="",""$node_type"",""compute_haswell""]",3-3,compute_haswell
85c206922a9d01bb0c4cb72c31ecc31b,c3d8104ab30dae88b9bc52fee39e99e4,88afa6d94506398c87fb78389a97d6ee,2018-05-03 17:00:29,2018-05-04 16:07:12,2018-05-04 14:00:00,2018-05-05 02:00:00,active,38,"[""=="",""$node_type"",""compute_haswell""]",38-38,compute_haswell
573683ba2ff184104a72dad2e15c31b3,1f2261d594e603fbd1f208e77a9c5454,105f8039cb72effade6da097be73ed1a,2019-03-18 00:53:56,2019-03-27 21:05:22,2019-03-18 02:00:00,2019-03-25 00:53:00,active,1,"[""=="",""$node_type"",""compute_haswell""]",1-1,compute_haswell
f551bea8f0e9be0a5fef73a0c937c2d2,9ace62c61d521ca870cb708fe7ba988d,88afa6d94506398c87fb78389a97d6ee,2019-01-15 15:44:09,2019-01-19 00:03:30,2019-01-17 14:00:00,2019-01-22 14:00:00,active,1,"[""="", ""$node_type"", ""compute_haswell""]",1-1,compute_haswell
f325683933f4361c6446604fd4f33586,e5ac5c5bbafdca974b742264dfe9029c,449bbb03ed5401e9f4562f2222002470,2020-10-27 01:04:22,2020-11-01 10:06:49,2020-11-01 01:05:00,2020-11-08 01:04:00,active,1,"[""=="",""$node_type"",""compute_haswell""]",1-1,compute_haswell
