lease_id,project_id,user_id,created_at,deleted_at,start_on,end_on,status,node_cnt,reserve_conditions,reserve_count_range,node_type
99453963f03dd31604736b67ae0cb364,d79a64ad06b4569c01b79595b62207fb,99b54d1d4e70e31f2c092dcec7e5e3b8,2020-06-21 17:01:50,2020-06-21 19:31:20,2020-06-21 19:02:00,2020-06-21 20:02:00,active,1,"[""="", ""$node_type"", ""storage_hierarchy""]",1-1,storage_hierarchy
46126b1aa51495cfb548cfe62d6c484b,d79a64ad06b4569c01b79595b62207fb,99b54d1d4e70e31f2c092dcec7e5e3b8,2020-06-14 17:08:21,2020-06-15 04:35:25,2020-06-15 04:06:00,2020-06-15 05:06:00,active,1,"[""="", ""$node_type"", ""storage_hierarchy""]",1-1,storage_hierarchy
969af2117ce0389772a0b68a54d9b3e8,d79a64ad06b4569c01b79595b62207fb,99b54d1d4e70e31f2c092dcec7e5e3b8,2020-02-09 19:41:29,2020-02-14 10:20:00,2020-02-14 09:49:00,2020-02-14 10:49:00,active,1,"[""="", ""$node_type"", ""storage_hierarchy""]",1-1,storage_hierarchy
4d19ce1a68562a99b0c7d0656f8c6d0f,d79a64ad06b4569c01b79595b62207fb,99b54d1d4e70e31f2c092dcec7e5e3b8,2019-09-29 22:07:38,2019-09-30 02:31:26,2019-09-30 02:07:00,2019-09-30 03:07:00,active,1,"[""="", ""$node_type"", ""storage_hierarchy""]",1-1,storage_hierarchy
3f0add6c3b6ba80369f39cad4c172687,d79a64ad06b4569c01b79595b62207fb,99b54d1d4e70e31f2c092dcec7e5e3b8,2020-08-09 20:02:26,2020-08-11 19:20:27,2020-08-11 18:52:00,2020-08-11 19:52:00,active,1,"[""="", ""$node_type"", ""storage_hierarchy""]",1-1,storage_hierarchy
4a7cf0b362681fb0197bf2a321fed80a,d79a64ad06b4569c01b79595b62207fb,99b54d1d4e70e31f2c092dcec7e5e3b8,2020-05-03 17:01:23,2020-05-03 18:31:38,2020-05-03 18:02:00,2020-05-03 19:02:00,active,1,"[""="", ""$node_type"", ""storage_hierarchy""]",1-1,storage_hierarchy
b8fe149282f8fda971a1af5882a22164,b2eaf4c6c3022e6d0ef350e23a02ba90,70c761730b846e22433cf231fe2c7d81,2017-10-24 05:35:51,2017-11-27 11:59:54,2017-10-26 11:00:00,2017-11-26 19:00:00,completed,1,"[""="", ""$node_type"", ""storage_hierarchy""]",1-1,storage_hierarchy
59dc6a8929bc758117da65fe0312496a,d79a64ad06b4569c01b79595b62207fb,99b54d1d4e70e31f2c092dcec7e5e3b8,2019-06-02 19:31:18,2019-06-02 21:56:23,2019-06-02 21:32:00,2019-06-02 22:32:00,active,1,"[""="", ""$node_type"", ""storage_hierarchy""]",1-1,storage_hierarchy
86c50ce5c00f7a2ac9264b82a04cc3f5,d79a64ad06b4569c01b79595b62207fb,99b54d1d4e70e31f2c092dcec7e5e3b8,2020-05-24 17:02:15,2020-05-24 19:55:09,2020-05-24 19:02:00,2020-05-24 20:02:00,active,1,"[""="", ""$node_type"", ""storage_hierarchy""]",1-1,storage_hierarchy
c76425bf38f164918e3e27dd25bf8c9a,d79a64ad06b4569c01b79595b62207fb,99b54d1d4e70e31f2c092dcec7e5e3b8,2019-06-09 19:31:03,2019-06-09 20:56:35,2019-06-09 20:32:00,2019-06-09 21:32:00,active,1,"[""="", ""$node_type"", ""storage_hierarchy""]",1-1,storage_hierarchy
140d669471709287a4ca21e59f6b04c0,d79a64ad06b4569c01b79595b62207fb,99b54d1d4e70e31f2c092dcec7e5e3b8,2020-07-26 21:08:14,2020-07-28 03:00:18,2020-07-28 02:31:00,2020-07-28 03:31:00,active,1,"[""="", ""$node_type"", ""storage_hierarchy""]",1-1,storage_hierarchy
b8df993d1c0d5a1d6c7c68fa39c0e6eb,d79a64ad06b4569c01b79595b62207fb,99b54d1d4e70e31f2c092dcec7e5e3b8,2020-10-18 23:25:07,2020-10-19 00:54:11,2020-10-19 00:25:00,2020-10-19 01:25:00,active,1,"[""="", ""$node_type"", ""storage_hierarchy""]",1-1,storage_hierarchy
4d1190cdd3cafe298654f07188c5039f,b2eaf4c6c3022e6d0ef350e23a02ba90,70c761730b846e22433cf231fe2c7d81,2016-11-17 02:12:13,2016-11-24 16:02:57,2016-11-17 15:30:00,2016-11-24 15:30:00,completed,2,"[""="", ""$node_type"", ""storage_hierarchy""]",2-2,storage_hierarchy
4236161dcd9e9541274cb446d2b086a5,d79a64ad06b4569c01b79595b62207fb,99b54d1d4e70e31f2c092dcec7e5e3b8,2020-08-09 20:25:50,2020-08-11 21:44:36,2020-08-11 21:15:00,2020-08-11 22:15:00,active,1,"[""="", ""$node_type"", ""storage_hierarchy""]",1-1,storage_hierarchy
898251c9427392ce07f1a3d4c4810464,3cfb13287815d51c5a747b232f312f65,1259290f35f0de6209c542b86f6e6e78,2017-03-06 07:18:38,2017-03-13 18:50:53,2017-03-06 12:00:00,2017-03-12 00:00:00,completed,1,"[""="", ""$node_type"", ""storage_hierarchy""]",1-1,storage_hierarchy
c59a3f0a4959acb4b52b5a6c5d9fa242,d79a64ad06b4569c01b79595b62207fb,99b54d1d4e70e31f2c092dcec7e5e3b8,2020-08-09 20:13:59,2020-08-11 20:31:46,2020-08-11 20:03:00,2020-08-11 21:03:00,active,1,"[""="", ""$node_type"", ""storage_hierarchy""]",1-1,storage_hierarchy
b1533593c68932dd3b6c590474e9fcce,d79a64ad06b4569c01b79595b62207fb,99b54d1d4e70e31f2c092dcec7e5e3b8,2019-08-06 13:57:12,2019-08-07 21:16:26,2019-08-07 20:52:00,2019-08-07 21:52:00,active,1,"[""="", ""$node_type"", ""storage_hierarchy""]",1-1,storage_hierarchy
1875fdbc38b2b5686c02e346e45ccc28,d79a64ad06b4569c01b79595b62207fb,99b54d1d4e70e31f2c092dcec7e5e3b8,2020-06-28 17:13:45,2020-06-30 19:58:42,2020-06-30 19:31:00,2020-06-30 20:31:00,active,1,"[""="", ""$node_type"", ""storage_hierarchy""]",1-1,storage_hierarchy
63b1df8c3b80297d3966339430f34945,d79a64ad06b4569c01b79595b62207fb,99b54d1d4e70e31f2c092dcec7e5e3b8,2019-08-06 13:51:27,2019-08-07 20:09:19,2019-08-07 19:46:00,2019-08-07 20:46:00,active,1,"[""="", ""$node_type"", ""storage_hierarchy""]",1-1,storage_hierarchy
b3a14011ef7fea67b77bdc6ea1dc11fd,3cfb13287815d51c5a747b232f312f65,1259290f35f0de6209c542b86f6e6e78,2017-05-04 16:47:19,2017-05-18 01:01:46,2017-05-04 22:00:00,2017-05-10 00:00:00,completed,1,"[""="", ""$node_type"", ""storage_hierarchy""]",1-1,storage_hierarchy
0868a3b0277dafa029259d45dd0ff8e0,1dab1cffd4c079140167b7d592814181,e8422d8470ad849641afff751303f098,2019-10-30 02:05:33,2019-11-02 02:55:06,2019-10-31 18:40:00,2019-11-07 02:05:00,active,1,"[""=="",""$node_type"",""storage_hierarchy""]",1-1,storage_hierarchy
1f74b4c4caee2e0a9de2ae5e39bf2ca1,d79a64ad06b4569c01b79595b62207fb,2f8f8bb4a26a73b2f8f84bfab73034ae,2016-12-19 17:28:48,2016-12-23 11:03:05,2016-12-19 18:00:00,2016-12-20 05:00:00,completed,1,"[""="", ""$node_type"", ""storage_hierarchy""]",1-1,storage_hierarchy
a782beeb3775027ef925b45f47c63061,d79a64ad06b4569c01b79595b62207fb,99b54d1d4e70e31f2c092dcec7e5e3b8,2019-09-15 22:06:50,2019-09-15 23:31:48,2019-09-15 23:07:00,2019-09-16 00:07:00,active,1,"[""="", ""$node_type"", ""storage_hierarchy""]",1-1,storage_hierarchy
431f8911e1f351b9b51c0b19a4b74904,d79a64ad06b4569c01b79595b62207fb,99b54d1d4e70e31f2c092dcec7e5e3b8,2020-07-12 17:01:07,2020-07-12 18:31:33,2020-07-12 18:02:00,2020-07-12 19:02:00,active,1,"[""="", ""$node_type"", ""storage_hierarchy""]",1-1,storage_hierarchy
1ab4d8210bc11c7fc1dddabc72c28c79,d79a64ad06b4569c01b79595b62207fb,99b54d1d4e70e31f2c092dcec7e5e3b8,2019-10-13 21:52:30,2019-10-16 21:01:49,2019-10-16 20:39:00,2019-10-16 21:39:00,active,1,"[""="", ""$node_type"", ""storage_hierarchy""]",1-1,storage_hierarchy
887921b41fba47ec9b3d1eb0eea69fc5,d06b684638cf83bdf6ae199d009ef21b,4d8b14e8585e17fb1fc9f0b4f88825d6,2018-12-03 20:11:47,2018-12-22 06:44:30,2018-12-17 20:12:00,2018-12-24 20:11:00,active,1,"[""=="",""$node_type"",""storage_hierarchy""]",1-1,storage_hierarchy
f2d3b656c07e075e3ef09ed95ac3a887,d79a64ad06b4569c01b79595b62207fb,99b54d1d4e70e31f2c092dcec7e5e3b8,2019-09-01 22:22:54,2019-09-04 07:07:26,2019-09-04 06:43:00,2019-09-04 07:43:00,active,1,"[""="", ""$node_type"", ""storage_hierarchy""]",1-1,storage_hierarchy
6cbfb3577da245dd535030b485f84e96,d79a64ad06b4569c01b79595b62207fb,99b54d1d4e70e31f2c092dcec7e5e3b8,2019-09-29 22:06:38,2019-09-30 01:29:51,2019-09-30 01:07:00,2019-09-30 02:07:00,active,1,"[""="", ""$node_type"", ""storage_hierarchy""]",1-1,storage_hierarchy
7413392716659053d3f7b1fe3bfdeb65,3cfb13287815d51c5a747b232f312f65,1259290f35f0de6209c542b86f6e6e78,2017-04-10 02:35:18,2017-04-15 04:42:13,2017-04-10 04:00:00,2017-04-16 12:00:00,completed,1,"[""="", ""$node_type"", ""storage_hierarchy""]",1-1,storage_hierarchy
0a7b02ab3c733b63e310d883e50bc481,d79a64ad06b4569c01b79595b62207fb,99b54d1d4e70e31f2c092dcec7e5e3b8,2020-03-08 17:16:32,2020-03-10 08:08:29,2020-03-10 07:39:00,2020-03-10 08:39:00,active,1,"[""="", ""$node_type"", ""storage_hierarchy""]",1-1,storage_hierarchy
07c8aab3da79d85acbb2d9cc34fce774,d79a64ad06b4569c01b79595b62207fb,99b54d1d4e70e31f2c092dcec7e5e3b8,2020-01-26 19:10:38,2020-01-29 23:21:40,2020-01-29 22:55:00,2020-01-29 23:55:00,active,1,"[""="", ""$node_type"", ""storage_hierarchy""]",1-1,storage_hierarchy
b6817f96fd6151e1c378b4af6170ef7c,d79a64ad06b4569c01b79595b62207fb,99b54d1d4e70e31f2c092dcec7e5e3b8,2020-04-26 17:29:57,2020-04-28 15:50:48,2020-04-28 15:21:00,2020-04-28 16:21:00,active,1,"[""="", ""$node_type"", ""storage_hierarchy""]",1-1,storage_hierarchy
f0963efb2493a13a5ca01df89c46b929,d79a64ad06b4569c01b79595b62207fb,99b54d1d4e70e31f2c092dcec7e5e3b8,2020-06-28 17:38:32,2020-06-30 22:27:38,2020-06-30 21:57:00,2020-06-30 22:57:00,active,1,"[""="", ""$node_type"", ""storage_hierarchy""]",1-1,storage_hierarchy
837f62610945476fe95c07a946af2f77,d79a64ad06b4569c01b79595b62207fb,99b54d1d4e70e31f2c092dcec7e5e3b8,2019-10-27 19:27:00,2019-10-27 20:50:41,2019-10-27 20:27:00,2019-10-27 21:27:00,active,1,"[""="", ""$node_type"", ""storage_hierarchy""]",1-1,storage_hierarchy
3d7f7f98f2b85b5b2ddf25874fe3ca76,d79a64ad06b4569c01b79595b62207fb,99b54d1d4e70e31f2c092dcec7e5e3b8,2019-10-13 22:20:21,2019-10-16 23:31:12,2019-10-16 23:07:00,2019-10-17 00:07:00,active,1,"[""="", ""$node_type"", ""storage_hierarchy""]",1-1,storage_hierarchy
875bae15a4a0e97aa150fdbec1c37346,d79a64ad06b4569c01b79595b62207fb,99b54d1d4e70e31f2c092dcec7e5e3b8,2020-06-14 17:02:39,2020-06-15 02:29:21,2020-06-15 02:01:00,2020-06-15 03:01:00,active,1,"[""="", ""$node_type"", ""storage_hierarchy""]",1-1,storage_hierarchy
ecdda92b0050c560133c6b71d59e39c5,9a278fea9bd92e7c135193234181a1ce,d6d4f343a0d32b7ac05d7fce42e18fd3,2020-02-24 16:52:33,2020-03-01 02:05:46,2020-02-29 16:53:00,2020-03-07 16:52:00,active,1,"[""=="",""$node_type"",""storage_hierarchy""]",1-1,storage_hierarchy
4a4dfa002eff729a15f036acceb5c2d9,d79a64ad06b4569c01b79595b62207fb,99b54d1d4e70e31f2c092dcec7e5e3b8,2020-05-10 17:01:01,2020-05-10 18:30:29,2020-05-10 18:01:00,2020-05-10 19:01:00,active,1,"[""="", ""$node_type"", ""storage_hierarchy""]",1-1,storage_hierarchy
2c3e01c04f4a0c7ce67c98588be6fef6,d79a64ad06b4569c01b79595b62207fb,99b54d1d4e70e31f2c092dcec7e5e3b8,2020-08-23 20:57:09,2020-08-24 22:15:31,2020-08-24 21:46:00,2020-08-24 22:46:00,active,1,"[""="", ""$node_type"", ""storage_hierarchy""]",1-1,storage_hierarchy
f2756f173bb1e09d9be548f2fbe34862,3cfb13287815d51c5a747b232f312f65,1259290f35f0de6209c542b86f6e6e78,2017-04-15 04:42:46,2017-04-19 00:48:25,2017-04-15 05:30:00,2017-04-21 06:00:00,completed,1,"[""="", ""$node_type"", ""storage_hierarchy""]",1-1,storage_hierarchy
69c79fb2a6fce69156ec933eeaa4f761,b2eaf4c6c3022e6d0ef350e23a02ba90,70c761730b846e22433cf231fe2c7d81,2017-11-27 12:09:58,2017-12-05 16:26:51,2017-12-02 01:00:00,2017-12-08 15:30:00,active,1,"[""="", ""$node_type"", ""storage_hierarchy""]",1-1,storage_hierarchy
9798ea49f9d8d5a18acc5941a5385bc3,d79a64ad06b4569c01b79595b62207fb,99b54d1d4e70e31f2c092dcec7e5e3b8,2020-06-14 17:05:22,2020-06-15 03:32:07,2020-06-15 03:03:00,2020-06-15 04:03:00,active,1,"[""="", ""$node_type"", ""storage_hierarchy""]",1-1,storage_hierarchy
d04d62c71d0c0632b3b94a0b40f997fb,d79a64ad06b4569c01b79595b62207fb,99b54d1d4e70e31f2c092dcec7e5e3b8,2019-09-01 22:33:51,2019-09-04 08:18:30,2019-09-04 07:54:00,2019-09-04 08:54:00,active,1,"[""="", ""$node_type"", ""storage_hierarchy""]",1-1,storage_hierarchy
05f52fa1bd1ff39e338f546cc532a1e6,d79a64ad06b4569c01b79595b62207fb,99b54d1d4e70e31f2c092dcec7e5e3b8,2019-04-21 19:31:12,2019-04-21 21:56:34,2019-04-21 21:32:00,2019-04-21 22:32:00,active,1,"[""="", ""$node_type"", ""storage_hierarchy""]",1-1,storage_hierarchy
6bee3b1c2a2f3ff2caea8ddff4093102,d79a64ad06b4569c01b79595b62207fb,99b54d1d4e70e31f2c092dcec7e5e3b8,2020-03-15 17:01:21,2020-03-15 18:47:14,2020-03-15 18:02:00,2020-03-15 19:02:00,active,1,"[""="", ""$node_type"", ""storage_hierarchy""]",1-1,storage_hierarchy
de3664b1ecff1bd51610e39c1484a829,d79a64ad06b4569c01b79595b62207fb,99b54d1d4e70e31f2c092dcec7e5e3b8,2019-10-27 19:27:35,2019-10-27 21:57:33,2019-10-27 21:28:00,2019-10-27 22:28:00,active,1,"[""="", ""$node_type"", ""storage_hierarchy""]",1-1,storage_hierarchy
90299f049f93e1314030499722fbc43c,d79a64ad06b4569c01b79595b62207fb,99b54d1d4e70e31f2c092dcec7e5e3b8,2020-01-26 19:43:24,2020-01-30 01:56:47,2020-01-30 01:28:00,2020-01-30 02:28:00,active,1,"[""="", ""$node_type"", ""storage_hierarchy""]",1-1,storage_hierarchy
ec52cdcd1e3838502b8bbca33162501d,d79a64ad06b4569c01b79595b62207fb,99b54d1d4e70e31f2c092dcec7e5e3b8,2019-04-21 19:30:44,2019-04-21 20:56:38,2019-04-21 20:31:00,2019-04-21 21:31:00,active,1,"[""="", ""$node_type"", ""storage_hierarchy""]",1-1,storage_hierarchy
7e67f073033538cab59f5bbd0d58e57f,d79a64ad06b4569c01b79595b62207fb,99b54d1d4e70e31f2c092dcec7e5e3b8,2019-06-23 19:31:06,2019-06-23 20:57:16,2019-06-23 20:32:00,2019-06-23 21:32:00,active,1,"[""="", ""$node_type"", ""storage_hierarchy""]",1-1,storage_hierarchy
ca2b4bbe70b228dd05ced3caf5a59cc4,d79a64ad06b4569c01b79595b62207fb,99b54d1d4e70e31f2c092dcec7e5e3b8,2020-07-05 17:09:06,2020-07-06 05:07:09,2020-07-06 04:37:00,2020-07-06 05:37:00,active,1,"[""="", ""$node_type"", ""storage_hierarchy""]",1-1,storage_hierarchy
7ee2ed4dd47b683596288107f750487a,5d07e03e77e1b44bea861e06e5cfc148,55597d78eb4a6b2fccc6d16d74921abd,2020-02-20 19:03:36,2020-02-25 04:05:43,2020-02-24 19:04:00,2020-03-02 19:03:00,active,1,"[""=="",""$node_type"",""storage_hierarchy""]",1-1,storage_hierarchy
8893fe2db65a441d71b1937f0ed4984b,d79a64ad06b4569c01b79595b62207fb,99b54d1d4e70e31f2c092dcec7e5e3b8,2020-09-27 21:21:46,2020-09-30 17:21:24,2020-09-30 16:51:00,2020-09-30 17:51:00,active,1,"[""="", ""$node_type"", ""storage_hierarchy""]",1-1,storage_hierarchy
6d98304fae491d97e81a3ae9594d78f7,d79a64ad06b4569c01b79595b62207fb,99b54d1d4e70e31f2c092dcec7e5e3b8,2020-03-01 18:21:31,2020-03-05 19:59:56,2020-03-05 19:31:00,2020-03-05 20:31:00,active,1,"[""="", ""$node_type"", ""storage_hierarchy""]",1-1,storage_hierarchy
6407526bad539db9878563bbdda6a577,b2eaf4c6c3022e6d0ef350e23a02ba90,5d36764c37b4447db3dc15a8d850c115,2017-09-19 08:16:53,2017-09-25 18:25:40,2017-09-25 14:01:00,2017-09-30 22:00:00,completed,2,"[""="", ""$node_type"", ""storage_hierarchy""]",2-2,storage_hierarchy
d692a83baff626b06a86b0d9d6aee21b,d79a64ad06b4569c01b79595b62207fb,99b54d1d4e70e31f2c092dcec7e5e3b8,2020-08-23 20:45:24,2020-08-24 21:04:05,2020-08-24 20:35:00,2020-08-24 21:35:00,active,1,"[""="", ""$node_type"", ""storage_hierarchy""]",1-1,storage_hierarchy
1834490f723dcbf5dd1ce0adae1b375f,d79a64ad06b4569c01b79595b62207fb,99b54d1d4e70e31f2c092dcec7e5e3b8,2019-08-26 01:01:53,2019-08-26 02:26:35,2019-08-26 02:02:00,2019-08-26 03:02:00,active,1,"[""="", ""$node_type"", ""storage_hierarchy""]",1-1,storage_hierarchy
8f55fb262697990fa52c03d155f6b3dd,bdb83e41af3b4e90ff341f1e6267d2c6,0f7f3b55647454e63dd710053f9f2feb,2019-10-25 21:23:50,2019-11-05 16:04:41,2019-10-30 22:24:00,2019-11-06 22:23:00,active,1,"[""=="",""$node_type"",""storage_hierarchy""]",1-1,storage_hierarchy
f9a5f46fe7fac092242359ae9b30a9f4,d79a64ad06b4569c01b79595b62207fb,99b54d1d4e70e31f2c092dcec7e5e3b8,2020-01-12 19:40:37,2020-01-15 22:54:56,2020-01-15 22:26:00,2020-01-15 23:26:00,active,1,"[""="", ""$node_type"", ""storage_hierarchy""]",1-1,storage_hierarchy
ab6371b7efe8b0a16dab857d879390ca,6a50a6d570d5cbde5cf475cf9c3a5ea5,b7ea8a44b5fe4e0b7a6e45954a945872,2020-02-20 14:24:39,2020-02-24 23:34:58,2020-02-23 14:25:00,2020-02-28 14:24:00,active,1,"[""=="",""$node_type"",""storage_hierarchy""]",1-1,storage_hierarchy
48260d7e071f65db2c4e718bd24aebdc,d79a64ad06b4569c01b79595b62207fb,99b54d1d4e70e31f2c092dcec7e5e3b8,2019-11-10 21:52:20,2019-11-10 23:23:41,2019-11-10 22:53:00,2019-11-10 23:53:00,active,1,"[""="", ""$node_type"", ""storage_hierarchy""]",1-1,storage_hierarchy
5bfd05bff58c0cc1cb0016953450e471,d79a64ad06b4569c01b79595b62207fb,99b54d1d4e70e31f2c092dcec7e5e3b8,2019-10-06 20:12:33,2019-10-06 21:37:51,2019-10-06 21:13:00,2019-10-06 22:13:00,active,1,"[""="", ""$node_type"", ""storage_hierarchy""]",1-1,storage_hierarchy
2668900a36097f3153c1ddb7992abe07,d79a64ad06b4569c01b79595b62207fb,99b54d1d4e70e31f2c092dcec7e5e3b8,2020-02-16 18:56:22,2020-02-16 20:27:25,2020-02-16 19:57:00,2020-02-16 20:57:00,active,1,"[""="", ""$node_type"", ""storage_hierarchy""]",1-1,storage_hierarchy
169c3ff2c70576abde3a25aed1311ac4,d79a64ad06b4569c01b79595b62207fb,99b54d1d4e70e31f2c092dcec7e5e3b8,2020-03-08 17:08:28,2020-03-10 06:58:31,2020-03-10 06:31:00,2020-03-10 07:31:00,active,1,"[""="", ""$node_type"", ""storage_hierarchy""]",1-1,storage_hierarchy
62d98847da458027ba65cedd1116d96a,d79a64ad06b4569c01b79595b62207fb,99b54d1d4e70e31f2c092dcec7e5e3b8,2020-10-18 23:26:17,2020-10-19 01:55:54,2020-10-19 01:26:00,2020-10-19 02:26:00,active,1,"[""="", ""$node_type"", ""storage_hierarchy""]",1-1,storage_hierarchy
af30b4ba38055f4b41489abcdb9760c3,d79a64ad06b4569c01b79595b62207fb,1063ea6d0366e258308b86ed3840f8cc,2016-11-03 17:46:02,2016-11-03 17:46:29,2016-11-05 00:00:00,2016-11-05 01:00:00,completed,1,"[""="", ""$node_type"", ""storage_hierarchy""]",1-1,storage_hierarchy
64264e83eefa96768452068d00b77711,d79a64ad06b4569c01b79595b62207fb,99b54d1d4e70e31f2c092dcec7e5e3b8,2019-06-16 19:45:22,2019-06-20 11:54:46,2019-06-20 11:31:00,2019-06-20 12:31:00,active,1,"[""="", ""$node_type"", ""storage_hierarchy""]",1-1,storage_hierarchy
629691d2136d6ede0f3c82251526f4db,d79a64ad06b4569c01b79595b62207fb,99b54d1d4e70e31f2c092dcec7e5e3b8,2019-09-22 20:19:32,2019-09-22 21:44:48,2019-09-22 21:20:00,2019-09-22 22:20:00,active,1,"[""="", ""$node_type"", ""storage_hierarchy""]",1-1,storage_hierarchy
dede88dfe3b6935f2b5ad40e65804971,3cfb13287815d51c5a747b232f312f65,1259290f35f0de6209c542b86f6e6e78,2017-03-03 07:04:18,2017-03-06 07:17:11,2017-03-04 00:00:00,2017-03-09 00:00:00,completed,1,"[""="", ""$node_type"", ""storage_hierarchy""]",1-1,storage_hierarchy
9378e72e9c98f78abd0948eec416627a,d79a64ad06b4569c01b79595b62207fb,99b54d1d4e70e31f2c092dcec7e5e3b8,2020-06-21 17:01:09,2020-06-21 18:31:32,2020-06-21 18:02:00,2020-06-21 19:02:00,active,1,"[""="", ""$node_type"", ""storage_hierarchy""]",1-1,storage_hierarchy
fedaaac661beaee2157c5e758a60aebb,b2eaf4c6c3022e6d0ef350e23a02ba90,70c761730b846e22433cf231fe2c7d81,2017-09-12 01:55:39,2017-09-25 15:12:49,2017-09-18 07:00:00,2017-09-25 14:00:00,completed,2,"[""="", ""$node_type"", ""storage_hierarchy""]",2-2,storage_hierarchy
a8890d5e9f72626c717b3af221c33274,d79a64ad06b4569c01b79595b62207fb,99b54d1d4e70e31f2c092dcec7e5e3b8,2019-10-20 19:45:20,2019-10-20 21:09:29,2019-10-20 20:46:00,2019-10-20 21:46:00,active,1,"[""="", ""$node_type"", ""storage_hierarchy""]",1-1,storage_hierarchy
23cb8ff29a239383f03f807cdb189d71,b2eaf4c6c3022e6d0ef350e23a02ba90,70c761730b846e22433cf231fe2c7d81,2016-11-29 05:28:44,2017-01-13 01:52:21,2016-12-09 12:00:00,2016-12-15 15:00:00,completed,2,"[""="", ""$node_type"", ""storage_hierarchy""]",2-2,storage_hierarchy
c82b8234c8622f15e58dc3f518762659,d79a64ad06b4569c01b79595b62207fb,99b54d1d4e70e31f2c092dcec7e5e3b8,2019-10-13 22:06:23,2019-10-16 22:23:46,2019-10-16 21:53:00,2019-10-16 22:53:00,active,1,"[""="", ""$node_type"", ""storage_hierarchy""]",1-1,storage_hierarchy
2fbd30ef01f44d054eeacd4a4e53c52f,d79a64ad06b4569c01b79595b62207fb,99b54d1d4e70e31f2c092dcec7e5e3b8,2019-11-03 20:15:00,2019-11-03 21:39:24,2019-11-03 21:15:00,2019-11-03 22:15:00,active,1,"[""="", ""$node_type"", ""storage_hierarchy""]",1-1,storage_hierarchy
ca0b6f03a01158089031300fcabd796a,d79a64ad06b4569c01b79595b62207fb,99b54d1d4e70e31f2c092dcec7e5e3b8,2019-12-15 18:59:40,2019-12-16 20:51:55,2019-12-16 20:25:00,2019-12-16 21:25:00,active,1,"[""="", ""$node_type"", ""storage_hierarchy""]",1-1,storage_hierarchy
98c7c5949e2f914a513f764759fddfbd,d79a64ad06b4569c01b79595b62207fb,99b54d1d4e70e31f2c092dcec7e5e3b8,2020-04-26 17:20:19,2020-04-28 14:40:45,2020-04-28 14:11:00,2020-04-28 15:11:00,active,1,"[""="", ""$node_type"", ""storage_hierarchy""]",1-1,storage_hierarchy
b176a8ef69d7027a8e6f6d047a4ae314,b2eaf4c6c3022e6d0ef350e23a02ba90,5d36764c37b4447db3dc15a8d850c115,2017-10-03 01:01:41,2017-10-12 01:53:37,2017-10-05 09:00:00,2017-10-12 01:01:00,completed,2,"[""="", ""$node_type"", ""storage_hierarchy""]",2-2,storage_hierarchy
9b64ea6dc224d94541dc5fcfc99972c6,b2eaf4c6c3022e6d0ef350e23a02ba90,a54cc01f128e8bf9d81b48e06250edb5,2018-11-21 21:44:40,,2018-11-30 21:45:00,2018-12-06 21:44:00,active,1,"[""=="",""$node_type"",""storage_hierarchy""]",1-1,storage_hierarchy
31247a079e800abc8b6ae42ee4c7fa15,b15afa3c56dd451837de15a79edbe60a,32baa489dc97d697ed96bfd7e6f6812b,2018-11-21 16:24:14,2018-11-25 16:07:58,2018-11-22 21:00:00,2018-11-29 20:00:00,active,1,"[""=="",""$node_type"",""storage_hierarchy""]",1-1,storage_hierarchy
cab5019bea6a784cf83e0c4b2d8a6a5b,b2eaf4c6c3022e6d0ef350e23a02ba90,70c761730b846e22433cf231fe2c7d81,2016-11-21 01:28:23,2016-12-02 01:09:29,2016-11-24 16:00:00,2016-12-01 15:00:00,completed,2,"[""="", ""$node_type"", ""storage_hierarchy""]",2-2,storage_hierarchy
e883ec9b2a09a6f1ab28ce55ac6b0427,d79a64ad06b4569c01b79595b62207fb,99b54d1d4e70e31f2c092dcec7e5e3b8,2019-11-03 20:15:33,2019-11-03 22:39:39,2019-11-03 22:16:00,2019-11-03 23:16:00,active,1,"[""="", ""$node_type"", ""storage_hierarchy""]",1-1,storage_hierarchy
33f756953fec49a547b558f3af721b3e,d79a64ad06b4569c01b79595b62207fb,99b54d1d4e70e31f2c092dcec7e5e3b8,2020-01-05 19:06:33,2020-01-07 17:53:51,2020-01-07 17:27:00,2020-01-07 18:27:00,active,1,"[""="", ""$node_type"", ""storage_hierarchy""]",1-1,storage_hierarchy
e8f3371446563d8b1bee8d1eabf80e50,d79a64ad06b4569c01b79595b62207fb,99b54d1d4e70e31f2c092dcec7e5e3b8,2020-01-19 19:15:56,2020-01-21 22:46:35,2020-01-21 22:05:00,2020-01-21 23:05:00,active,1,"[""="", ""$node_type"", ""storage_hierarchy""]",1-1,storage_hierarchy
97fa2354019fcde59ef87b487ce364eb,d79a64ad06b4569c01b79595b62207fb,99b54d1d4e70e31f2c092dcec7e5e3b8,2020-07-19 19:45:22,2020-07-19 22:14:29,2020-07-19 21:45:00,2020-07-19 22:45:00,active,1,"[""="", ""$node_type"", ""storage_hierarchy""]",1-1,storage_hierarchy
cec86895781ab0a0c6fa046700e33aea,d79a64ad06b4569c01b79595b62207fb,99b54d1d4e70e31f2c092dcec7e5e3b8,2019-06-16 20:15:15,2019-06-20 14:25:18,2019-06-20 14:01:00,2019-06-20 15:01:00,active,1,"[""="", ""$node_type"", ""storage_hierarchy""]",1-1,storage_hierarchy
040470a6aa766e16157712953eff95b0,3cfb13287815d51c5a747b232f312f65,1259290f35f0de6209c542b86f6e6e78,2017-03-20 21:09:22,2017-03-25 05:31:14,2017-03-21 00:00:00,2017-03-26 00:00:00,completed,1,"[""="", ""$node_type"", ""storage_hierarchy""]",1-1,storage_hierarchy
0695969d148822adf614515cdf036241,d79a64ad06b4569c01b79595b62207fb,99b54d1d4e70e31f2c092dcec7e5e3b8,2020-09-27 20:49:55,2020-09-30 16:19:41,2020-09-30 15:50:00,2020-09-30 16:50:00,active,1,"[""="", ""$node_type"", ""storage_hierarchy""]",1-1,storage_hierarchy
dc96929ac5a5fe324d6319d1409756f6,d79a64ad06b4569c01b79595b62207fb,99b54d1d4e70e31f2c092dcec7e5e3b8,2020-01-12 19:24:56,2020-01-15 21:38:12,2020-01-15 21:10:00,2020-01-15 22:10:00,active,1,"[""="", ""$node_type"", ""storage_hierarchy""]",1-1,storage_hierarchy
b206a03e89d8718ca6d83da575611f0f,e8fa6bb790b3e051c5882146756ff1a6,558e1936d8ad749bb992c43ed2ba04d3,2019-11-06 22:35:20,2019-11-09 04:17:42,2019-11-07 08:00:00,2019-11-13 08:00:00,active,2,"[""=="",""$node_type"",""storage_hierarchy""]",2-2,storage_hierarchy
d9accce6e8164b9de060f8e16becf164,3cfb13287815d51c5a747b232f312f65,1259290f35f0de6209c542b86f6e6e78,2017-03-13 18:51:11,2017-03-13 18:52:07,2017-03-14 00:00:00,2017-03-19 12:00:00,completed,1,"[""="", ""$node_type"", ""storage_hierarchy""]",1-1,storage_hierarchy
ee17433228a7b40c4ec9d05a517ea268,d79a64ad06b4569c01b79595b62207fb,99b54d1d4e70e31f2c092dcec7e5e3b8,2020-09-21 01:32:02,2020-09-21 03:03:03,2020-09-21 02:32:00,2020-09-21 03:32:00,active,1,"[""="", ""$node_type"", ""storage_hierarchy""]",1-1,storage_hierarchy
e38d1cc3e16c8a515a9a5657c9d16773,d79a64ad06b4569c01b79595b62207fb,99b54d1d4e70e31f2c092dcec7e5e3b8,2020-08-23 21:09:25,2020-08-24 23:27:57,2020-08-24 22:58:00,2020-08-24 23:58:00,active,1,"[""="", ""$node_type"", ""storage_hierarchy""]",1-1,storage_hierarchy
8d31b62ac4a9994fc8cb879095d7d67b,d79a64ad06b4569c01b79595b62207fb,99b54d1d4e70e31f2c092dcec7e5e3b8,2020-06-28 17:25:53,2020-06-30 21:15:00,2020-06-30 20:45:00,2020-06-30 21:45:00,active,1,"[""="", ""$node_type"", ""storage_hierarchy""]",1-1,storage_hierarchy
92f850c0cfdf9090056d9229a748e406,d79a64ad06b4569c01b79595b62207fb,99b54d1d4e70e31f2c092dcec7e5e3b8,2020-05-17 17:01:31,2020-05-17 18:32:10,2020-05-17 18:02:00,2020-05-17 19:02:00,active,1,"[""="", ""$node_type"", ""storage_hierarchy""]",1-1,storage_hierarchy
5d03b25200b9d27310b7facbd96ad2b2,d79a64ad06b4569c01b79595b62207fb,2f8f8bb4a26a73b2f8f84bfab73034ae,2016-12-12 21:07:54,2016-12-15 20:10:42,2016-12-15 16:00:00,2016-12-15 19:00:00,completed,1,"[""="", ""$node_type"", ""storage_hierarchy""]",1-1,storage_hierarchy
76863c1339dab7842ef9272eafa1791c,b2eaf4c6c3022e6d0ef350e23a02ba90,6b8fc80406b03ebf1e72b7afa8b6f0ef,2018-11-09 01:57:24,2018-11-20 15:14:07,2018-11-13 15:00:00,2018-11-21 05:00:00,active,1,"[""=="",""$node_type"",""storage_hierarchy""]",1-1,storage_hierarchy
c9668d602bd9e2be3f50aebeb5cd93eb,d79a64ad06b4569c01b79595b62207fb,99b54d1d4e70e31f2c092dcec7e5e3b8,2019-07-07 19:46:59,2019-07-10 09:55:13,2019-07-10 09:31:00,2019-07-10 10:31:00,active,1,"[""="", ""$node_type"", ""storage_hierarchy""]",1-1,storage_hierarchy
9cbba5447745fe753bf6bbb578a9e594,d79a64ad06b4569c01b79595b62207fb,99b54d1d4e70e31f2c092dcec7e5e3b8,2020-07-12 17:01:48,2020-07-12 19:41:50,2020-07-12 19:02:00,2020-07-12 20:02:00,active,1,"[""="", ""$node_type"", ""storage_hierarchy""]",1-1,storage_hierarchy
53c16938b342541b7d68239a0a01207a,d79a64ad06b4569c01b79595b62207fb,99b54d1d4e70e31f2c092dcec7e5e3b8,2020-09-27 20:19:00,2020-09-30 16:18:52,2020-09-30 15:48:00,2020-09-30 16:48:00,active,1,"[""="", ""$node_type"", ""storage_hierarchy""]",1-1,storage_hierarchy
49c1c49dfdf227c6abf43ba3551d26e7,d79a64ad06b4569c01b79595b62207fb,99b54d1d4e70e31f2c092dcec7e5e3b8,2019-08-26 01:02:23,2019-08-26 03:27:13,2019-08-26 03:03:00,2019-08-26 04:03:00,active,1,"[""="", ""$node_type"", ""storage_hierarchy""]",1-1,storage_hierarchy
07763f7bcb574dd0a27cadd7caad7ad9,d79a64ad06b4569c01b79595b62207fb,99b54d1d4e70e31f2c092dcec7e5e3b8,2020-04-26 17:10:21,2020-04-28 13:30:31,2020-04-28 13:02:00,2020-04-28 14:02:00,active,1,"[""="", ""$node_type"", ""storage_hierarchy""]",1-1,storage_hierarchy
063e67ae3d93e64f7b23a83f7a0854a5,bb8dfe1fb7991f1620047d01efbe67a6,265148c0dac7d31ce797af2952d9ecaa,2021-05-17 15:24:04,2021-05-24 01:05:36,2021-05-23 15:24:00,2021-05-25 15:23:00,active,1,"[""=="",""$node_type"",""storage_hierarchy""]",1-1,storage_hierarchy
8ae523e58406843b04fe6cf8b0cb5ce1,d79a64ad06b4569c01b79595b62207fb,99b54d1d4e70e31f2c092dcec7e5e3b8,2020-05-17 17:02:20,2020-05-17 19:30:55,2020-05-17 19:02:00,2020-05-17 20:02:00,active,1,"[""="", ""$node_type"", ""storage_hierarchy""]",1-1,storage_hierarchy
3c87bdfe45afb1745f35f7da4d6eb723,d79a64ad06b4569c01b79595b62207fb,99b54d1d4e70e31f2c092dcec7e5e3b8,2019-12-22 18:54:43,2019-12-22 20:24:02,2019-12-22 19:55:00,2019-12-22 20:55:00,active,1,"[""="", ""$node_type"", ""storage_hierarchy""]",1-1,storage_hierarchy
5c65f69dfa0033289231535504cf0eed,3cfb13287815d51c5a747b232f312f65,1259290f35f0de6209c542b86f6e6e78,2017-03-13 18:52:29,2017-03-20 21:08:42,2017-03-14 12:00:00,2017-03-19 12:00:00,completed,1,"[""="", ""$node_type"", ""storage_hierarchy""]",1-1,storage_hierarchy
2459221f291bdf4cfdfb73f410685cfd,d79a64ad06b4569c01b79595b62207fb,99b54d1d4e70e31f2c092dcec7e5e3b8,2019-08-11 19:30:58,2019-08-11 20:55:40,2019-08-11 20:31:00,2019-08-11 21:31:00,active,1,"[""="", ""$node_type"", ""storage_hierarchy""]",1-1,storage_hierarchy
26014c359cca210846d78674b141cc0a,7f92a507dd2e54605c1f69a046140387,d2851b35c830f4d530ebf779bd0dfdee,2021-04-04 08:42:38,2021-04-07 18:01:42,2021-04-07 08:43:00,2021-04-11 08:42:00,active,1,"[""=="",""$node_type"",""storage_hierarchy""]",1-1,storage_hierarchy
8462f7b984d05675d399ac71767f3433,b2eaf4c6c3022e6d0ef350e23a02ba90,6b8fc80406b03ebf1e72b7afa8b6f0ef,2018-01-02 02:41:06,2018-01-08 20:25:25,2018-01-06 06:05:00,2018-01-07 15:00:00,completed,1,"[""=="",""$node_type"",""storage_hierarchy""]",1-1,storage_hierarchy
e9c8482bcbbaaa40ae0852051ae3dc30,d79a64ad06b4569c01b79595b62207fb,99b54d1d4e70e31f2c092dcec7e5e3b8,2020-03-29 17:01:09,2020-03-29 18:33:01,2020-03-29 18:02:00,2020-03-29 19:02:00,active,1,"[""="", ""$node_type"", ""storage_hierarchy""]",1-1,storage_hierarchy
40fd53186816b5960a2b31b8ba1322ec,d79a64ad06b4569c01b79595b62207fb,99b54d1d4e70e31f2c092dcec7e5e3b8,2020-02-02 19:58:05,2020-02-07 23:01:18,2020-02-07 22:32:00,2020-02-07 23:32:00,active,1,"[""="", ""$node_type"", ""storage_hierarchy""]",1-1,storage_hierarchy
cfa4575ee9dbd5a944aad17e614ebb57,d79a64ad06b4569c01b79595b62207fb,99b54d1d4e70e31f2c092dcec7e5e3b8,2019-04-07 19:30:45,2019-04-07 20:55:20,2019-04-07 20:31:00,2019-04-07 21:31:00,active,1,"[""="", ""$node_type"", ""storage_hierarchy""]",1-1,storage_hierarchy
a8607d586b0d311cccfb7ddf92ab65a7,d79a64ad06b4569c01b79595b62207fb,99b54d1d4e70e31f2c092dcec7e5e3b8,2019-08-11 19:31:30,2019-08-11 22:04:53,2019-08-11 21:32:00,2019-08-11 22:32:00,active,1,"[""="", ""$node_type"", ""storage_hierarchy""]",1-1,storage_hierarchy
577dbc41149825c58df5ff9ba7d1712a,b2eaf4c6c3022e6d0ef350e23a02ba90,70c761730b846e22433cf231fe2c7d81,2016-11-08 03:11:12,2016-11-17 15:29:41,2016-11-11 01:00:00,2016-11-17 15:00:00,completed,2,"[""="", ""$node_type"", ""storage_hierarchy""]",2-2,storage_hierarchy
8ce1943c63cc4450d4a76d3c05a07c21,d79a64ad06b4569c01b79595b62207fb,99b54d1d4e70e31f2c092dcec7e5e3b8,2020-05-10 17:01:41,2020-05-10 19:33:25,2020-05-10 19:02:00,2020-05-10 20:02:00,active,1,"[""="", ""$node_type"", ""storage_hierarchy""]",1-1,storage_hierarchy
ae8f35fc5e715f4594bf51f3634bb9fe,d79a64ad06b4569c01b79595b62207fb,99b54d1d4e70e31f2c092dcec7e5e3b8,2020-01-19 19:27:01,2020-01-21 23:45:42,2020-01-21 23:17:00,2020-01-22 00:17:00,active,1,"[""="", ""$node_type"", ""storage_hierarchy""]",1-1,storage_hierarchy
47d09fd819dece696f2ee583da73ab65,d79a64ad06b4569c01b79595b62207fb,99b54d1d4e70e31f2c092dcec7e5e3b8,2019-04-14 20:27:00,2019-04-19 02:58:26,2019-04-19 02:34:00,2019-04-19 03:34:00,active,1,"[""="", ""$node_type"", ""storage_hierarchy""]",1-1,storage_hierarchy
13355e6f661afe26297caedebc2870e0,d06b684638cf83bdf6ae199d009ef21b,4d8b14e8585e17fb1fc9f0b4f88825d6,2018-12-03 20:10:09,2018-12-28 19:51:14,2018-12-24 20:11:00,2018-12-31 20:10:00,active,1,"[""=="",""$node_type"",""storage_hierarchy""]",1-1,storage_hierarchy
0120a548205daf23a9aa9a98fe954a4b,d79a64ad06b4569c01b79595b62207fb,99b54d1d4e70e31f2c092dcec7e5e3b8,2019-10-20 19:45:56,2019-10-20 22:09:35,2019-10-20 21:46:00,2019-10-20 22:46:00,active,1,"[""="", ""$node_type"", ""storage_hierarchy""]",1-1,storage_hierarchy
d5f4d54e8183eaed4a223a3802c8b13a,d79a64ad06b4569c01b79595b62207fb,99b54d1d4e70e31f2c092dcec7e5e3b8,2019-09-22 20:20:03,2019-09-22 22:45:13,2019-09-22 22:20:00,2019-09-22 23:20:00,active,1,"[""="", ""$node_type"", ""storage_hierarchy""]",1-1,storage_hierarchy
77dc279accd5bbc1299f54751b59967e,d79a64ad06b4569c01b79595b62207fb,99b54d1d4e70e31f2c092dcec7e5e3b8,2020-08-16 21:32:09,2020-08-16 23:01:36,2020-08-16 22:32:00,2020-08-16 23:32:00,active,1,"[""="", ""$node_type"", ""storage_hierarchy""]",1-1,storage_hierarchy
760b753e140758c129f402d1250773c3,d79a64ad06b4569c01b79595b62207fb,99b54d1d4e70e31f2c092dcec7e5e3b8,2019-06-30 19:31:18,2019-06-30 20:57:04,2019-06-30 20:32:00,2019-06-30 21:32:00,active,1,"[""="", ""$node_type"", ""storage_hierarchy""]",1-1,storage_hierarchy
df76abaf6741ae9ec57d57bf8940ab19,d79a64ad06b4569c01b79595b62207fb,99b54d1d4e70e31f2c092dcec7e5e3b8,2020-01-12 19:09:24,2020-01-15 20:21:57,2020-01-15 19:55:00,2020-01-15 20:55:00,active,1,"[""="", ""$node_type"", ""storage_hierarchy""]",1-1,storage_hierarchy
efc223ab124bd5a94e4b8adeacd09726,3f5e9a14311f459a5e0cebcf659245e2,e8422d8470ad849641afff751303f098,2020-01-20 22:27:00,2020-01-28 23:17:58,2020-01-22 22:27:00,2020-01-29 22:26:00,active,1,"[""=="",""$node_type"",""storage_hierarchy""]",1-1,storage_hierarchy
c919a04aafdae72a8a7b175484aeeb0e,d79a64ad06b4569c01b79595b62207fb,99b54d1d4e70e31f2c092dcec7e5e3b8,2020-07-19 19:44:39,2020-07-19 21:14:15,2020-07-19 20:45:00,2020-07-19 21:45:00,active,1,"[""="", ""$node_type"", ""storage_hierarchy""]",1-1,storage_hierarchy
f14b3442c693ccc0dc95a0f8a6afad90,d79a64ad06b4569c01b79595b62207fb,99b54d1d4e70e31f2c092dcec7e5e3b8,2020-01-26 19:27:18,2020-01-30 00:39:28,2020-01-30 00:11:00,2020-01-30 01:11:00,active,1,"[""="", ""$node_type"", ""storage_hierarchy""]",1-1,storage_hierarchy
eb3c2efd788ed00440055219eadb217a,d79a64ad06b4569c01b79595b62207fb,99b54d1d4e70e31f2c092dcec7e5e3b8,2019-01-07 18:31:26,2019-01-07 20:17:44,2019-01-07 19:32:00,2019-01-07 20:32:00,active,1,"[""="", ""$node_type"", ""storage_hierarchy""]",1-1,storage_hierarchy
9752e8eaf8aab08a497d10aaeb69c5ee,d79a64ad06b4569c01b79595b62207fb,99b54d1d4e70e31f2c092dcec7e5e3b8,2019-08-18 22:49:18,2019-08-19 01:15:28,2019-08-19 00:50:00,2019-08-19 01:50:00,active,1,"[""="", ""$node_type"", ""storage_hierarchy""]",1-1,storage_hierarchy
93b80cd288dc98a65dd5e3b4d9dfe034,d79a64ad06b4569c01b79595b62207fb,99b54d1d4e70e31f2c092dcec7e5e3b8,2019-09-15 22:07:18,2019-09-16 00:32:46,2019-09-16 00:08:00,2019-09-16 01:08:00,active,1,"[""="", ""$node_type"", ""storage_hierarchy""]",1-1,storage_hierarchy
a727dbefd5150470db40fa259ed2a88d,273c67bff1d74021f9e1852a9a3c8fc0,f846bdc98852d8f822535d98bc31ccee,2016-10-26 16:52:52,2016-10-26 16:57:28,2016-10-29 12:00:00,2016-10-30 23:00:00,completed,2,"[""="", ""$node_type"", ""storage_hierarchy""]",2-2,storage_hierarchy
0c4c6532e7715fe07b5b2c218011b554,e6c6a4f6e50a26c762c00aff61f0130c,4db566e9f0304e4f46b4029f23a1ff5b,2021-02-23 23:16:19,2021-03-05 04:21:32,2021-03-04 23:16:00,2021-03-10 23:15:00,active,1,"[""=="",""$node_type"",""storage_hierarchy""]",1-1,storage_hierarchy
f20ba6be37fc5e34d2042a97eb3b4ea5,b2eaf4c6c3022e6d0ef350e23a02ba90,70c761730b846e22433cf231fe2c7d81,2016-11-04 01:43:03,2016-11-15 03:09:18,2016-11-04 06:00:00,2016-11-10 15:00:00,completed,2,"[""="", ""$node_type"", ""storage_hierarchy""]",2-2,storage_hierarchy
925b648fc933ac8d8ba4ed116a1d2c75,d79a64ad06b4569c01b79595b62207fb,99b54d1d4e70e31f2c092dcec7e5e3b8,2019-08-18 22:48:48,2019-08-19 00:13:45,2019-08-18 23:49:00,2019-08-19 00:49:00,active,1,"[""="", ""$node_type"", ""storage_hierarchy""]",1-1,storage_hierarchy
c10dcc81e29eeda81b71096c52072527,d79a64ad06b4569c01b79595b62207fb,99b54d1d4e70e31f2c092dcec7e5e3b8,2020-08-16 21:33:26,2020-08-17 00:03:52,2020-08-16 23:33:00,2020-08-17 00:33:00,active,1,"[""="", ""$node_type"", ""storage_hierarchy""]",1-1,storage_hierarchy
194910144b2ff232d48b5696445ad6b9,3cfb13287815d51c5a747b232f312f65,e3c05dd13a18270e5127f3a149e35a88,2016-11-22 15:46:00,2017-01-12 21:27:56,2016-12-02 09:00:00,2016-12-08 23:00:00,completed,1,"[""="", ""$node_type"", ""storage_hierarchy""]",1-1,storage_hierarchy
5db1fbcb8a21fe0cb7a299f74b67830e,3cfb13287815d51c5a747b232f312f65,1259290f35f0de6209c542b86f6e6e78,2017-03-25 05:32:24,2017-04-06 18:40:41,2017-03-27 06:00:00,2017-04-02 00:00:00,completed,1,"[""="", ""$node_type"", ""storage_hierarchy""]",1-1,storage_hierarchy
278fea2b052392d1adc19a8f0044ff2e,d79a64ad06b4569c01b79595b62207fb,99b54d1d4e70e31f2c092dcec7e5e3b8,2020-01-19 19:04:32,2020-01-21 21:21:01,2020-01-21 20:55:00,2020-01-21 21:55:00,active,1,"[""="", ""$node_type"", ""storage_hierarchy""]",1-1,storage_hierarchy
2b9b2ed7fa6f1b4fda0f7779131b8962,d79a64ad06b4569c01b79595b62207fb,99b54d1d4e70e31f2c092dcec7e5e3b8,2019-06-16 20:00:05,2019-06-20 13:10:25,2019-06-20 12:46:00,2019-06-20 13:46:00,active,1,"[""="", ""$node_type"", ""storage_hierarchy""]",1-1,storage_hierarchy
75e65ad6514479f91091c25b06720755,d79a64ad06b4569c01b79595b62207fb,99b54d1d4e70e31f2c092dcec7e5e3b8,2019-06-23 19:31:40,2019-06-23 22:09:21,2019-06-23 21:32:00,2019-06-23 22:32:00,active,1,"[""="", ""$node_type"", ""storage_hierarchy""]",1-1,storage_hierarchy
4beaab4446d44d611cac7884c9079019,d79a64ad06b4569c01b79595b62207fb,99b54d1d4e70e31f2c092dcec7e5e3b8,2020-05-24 17:01:21,2020-05-24 18:31:59,2020-05-24 18:02:00,2020-05-24 19:02:00,active,1,"[""="", ""$node_type"", ""storage_hierarchy""]",1-1,storage_hierarchy
a5335fd540bd7b122a988ea0695be158,d79a64ad06b4569c01b79595b62207fb,99b54d1d4e70e31f2c092dcec7e5e3b8,2020-10-04 21:46:09,2020-10-04 23:16:55,2020-10-04 22:46:00,2020-10-04 23:46:00,active,1,"[""="", ""$node_type"", ""storage_hierarchy""]",1-1,storage_hierarchy
708f620d235e44248a49200e8bae6603,d79a64ad06b4569c01b79595b62207fb,99b54d1d4e70e31f2c092dcec7e5e3b8,2019-09-29 22:08:51,2019-09-30 03:32:26,2019-09-30 03:08:00,2019-09-30 04:08:00,active,1,"[""="", ""$node_type"", ""storage_hierarchy""]",1-1,storage_hierarchy
d229349df2eed02d0205f70e2cad311a,d79a64ad06b4569c01b79595b62207fb,99b54d1d4e70e31f2c092dcec7e5e3b8,2020-07-26 20:53:36,2020-07-28 00:45:04,2020-07-28 00:17:00,2020-07-28 01:17:00,active,1,"[""="", ""$node_type"", ""storage_hierarchy""]",1-1,storage_hierarchy
e98250e8dc5a4c6c027f3dcb60900dfa,d79a64ad06b4569c01b79595b62207fb,99b54d1d4e70e31f2c092dcec7e5e3b8,2020-10-11 22:35:15,2020-10-12 00:04:40,2020-10-11 23:35:00,2020-10-12 00:35:00,active,1,"[""="", ""$node_type"", ""storage_hierarchy""]",1-1,storage_hierarchy
7d5b93e3125b33d697b86f58f6fb515b,d79a64ad06b4569c01b79595b62207fb,99b54d1d4e70e31f2c092dcec7e5e3b8,2020-02-02 20:24:51,2020-02-08 00:29:28,2020-02-07 23:59:00,2020-02-08 00:59:00,active,1,"[""="", ""$node_type"", ""storage_hierarchy""]",1-1,storage_hierarchy
b043e719ee0b3776f82c4f293c15d3be,273c67bff1d74021f9e1852a9a3c8fc0,f846bdc98852d8f822535d98bc31ccee,2016-11-03 17:23:46,2016-11-03 17:45:30,2016-11-03 18:00:00,2016-11-03 20:00:00,completed,2,"[""="", ""$node_type"", ""storage_hierarchy""]",2-2,storage_hierarchy
589fee18532666905ad5c343df4803ac,d79a64ad06b4569c01b79595b62207fb,99b54d1d4e70e31f2c092dcec7e5e3b8,2020-03-01 19:04:15,2020-03-05 22:43:20,2020-03-05 22:13:00,2020-03-05 23:13:00,active,1,"[""="", ""$node_type"", ""storage_hierarchy""]",1-1,storage_hierarchy
2a601650891e3988ff21c8471a44ecaa,3cfb13287815d51c5a747b232f312f65,1259290f35f0de6209c542b86f6e6e78,2017-03-07 05:48:04,2017-03-13 18:50:53,2017-03-07 12:00:00,2017-03-12 12:00:00,completed,1,"[""="", ""$node_type"", ""storage_hierarchy""]",1-1,storage_hierarchy
8ade244076701aaaaca1f76af003bb81,3cfb13287815d51c5a747b232f312f65,1259290f35f0de6209c542b86f6e6e78,2017-04-19 00:49:02,2017-04-26 06:19:42,2017-04-19 02:00:00,2017-04-25 12:00:00,completed,1,"[""="", ""$node_type"", ""storage_hierarchy""]",1-1,storage_hierarchy
25a81fb3c7a4da65dd999c13f06905cb,d79a64ad06b4569c01b79595b62207fb,99b54d1d4e70e31f2c092dcec7e5e3b8,2020-04-12 17:01:05,2020-04-12 18:39:58,2020-04-12 18:02:00,2020-04-12 19:02:00,active,1,"[""="", ""$node_type"", ""storage_hierarchy""]",1-1,storage_hierarchy
8a5ca83ee948cd603936ce30f39d9ce2,d79a64ad06b4569c01b79595b62207fb,99b54d1d4e70e31f2c092dcec7e5e3b8,2020-07-26 21:00:25,2020-07-28 01:54:03,2020-07-28 01:24:00,2020-07-28 02:24:00,active,1,"[""="", ""$node_type"", ""storage_hierarchy""]",1-1,storage_hierarchy
9e783fc7b3443caded5d2660e13b5a07,d79a64ad06b4569c01b79595b62207fb,99b54d1d4e70e31f2c092dcec7e5e3b8,2019-10-06 20:13:03,2019-10-06 22:37:31,2019-10-06 22:13:00,2019-10-06 23:13:00,active,1,"[""="", ""$node_type"", ""storage_hierarchy""]",1-1,storage_hierarchy
92ba5511744530d11a63932fe41c75a3,13143602eee8959d3c5698b64ce1916f,fb3b7a8e8e8194fd8a0ff4574e096af3,2020-01-14 17:53:38,2020-01-16 07:21:09,2020-01-16 00:00:00,2020-01-22 17:53:00,active,1,"[""=="",""$node_type"",""storage_hierarchy""]",1-1,storage_hierarchy
d300798bc112ef58a98f29f2385658f1,d79a64ad06b4569c01b79595b62207fb,99b54d1d4e70e31f2c092dcec7e5e3b8,2020-07-05 17:06:04,2020-07-06 04:03:24,2020-07-06 03:34:00,2020-07-06 04:34:00,active,1,"[""="", ""$node_type"", ""storage_hierarchy""]",1-1,storage_hierarchy
b6d49b32e22f8c86650ef513c09b96bd,d79a64ad06b4569c01b79595b62207fb,99b54d1d4e70e31f2c092dcec7e5e3b8,2019-08-06 14:03:25,2019-08-07 22:23:02,2019-08-07 21:58:00,2019-08-07 22:58:00,active,1,"[""="", ""$node_type"", ""storage_hierarchy""]",1-1,storage_hierarchy
d62fe2ef68720062f0d3d1d4a321c32a,d79a64ad06b4569c01b79595b62207fb,99b54d1d4e70e31f2c092dcec7e5e3b8,2020-07-05 17:03:08,2020-07-06 03:00:23,2020-07-06 02:31:00,2020-07-06 03:31:00,active,1,"[""="", ""$node_type"", ""storage_hierarchy""]",1-1,storage_hierarchy
