"Time","running","pending","completed"
2021-07-29 20:09:16,0,1346,10
2021-07-29 20:09:20,105,5096,111
2021-07-29 20:09:22,179,6760,241
2021-07-29 20:09:24,254,8505,405
2021-07-29 20:09:26,319,10050,554
2021-07-29 20:09:28,387,11787,741
2021-07-29 20:09:30,438,13398,903
2021-07-29 20:09:32,487,15016,1080
2021-07-29 20:09:34,538,16689,1243
2021-07-29 20:09:36,541,18362,1422
2021-07-29 20:09:38,540,20001,1585
2021-07-29 20:09:40,524,21647,1761
2021-07-29 20:09:42,547,23336,1932
2021-07-29 20:09:44,527,25008,2098
2021-07-29 20:09:46,543,26536,2268
2021-07-29 20:09:48,548,28354,2406
2021-07-29 20:09:50,547,29968,2564
2021-07-29 20:09:52,547,31486,2731
2021-07-29 20:09:54,517,33129,2903
2021-07-29 20:09:56,522,34784,3059
2021-07-29 20:09:58,528,36440,3230
2021-07-29 20:10:00,521,38104,3372
2021-07-29 20:10:02,537,39767,3535
2021-07-29 20:10:04,539,41383,3709
2021-07-29 20:10:06,513,42919,3880
2021-07-29 20:10:08,513,44571,4033
2021-07-29 20:10:10,514,46211,4208
2021-07-29 20:10:12,512,47793,4377
2021-07-29 20:10:14,534,49397,4519
2021-07-29 20:10:16,490,50959,4688
2021-07-29 20:10:18,494,52273,4814
2021-07-29 20:10:20,509,54265,4947
2021-07-29 20:10:22,510,55912,5131
2021-07-29 20:10:24,495,57453,5301
2021-07-29 20:10:26,490,59078,5457
2021-07-29 20:10:28,473,60706,5622
2021-07-29 20:10:30,493,62358,5780
2021-07-29 20:10:32,494,63938,5955
2021-07-29 20:10:34,493,65442,6124
2021-07-29 20:10:36,501,67141,6269
2021-07-29 20:10:38,514,68642,6442
2021-07-29 20:10:40,492,70303,6598
2021-07-29 20:10:42,507,71972,6760
2021-07-29 20:10:44,506,73579,6932
2021-07-29 20:10:46,522,75012,7080
2021-07-29 20:10:48,523,76733,7252
2021-07-29 20:10:50,497,78213,7370
2021-07-29 20:10:52,493,79964,7527
2021-07-29 20:10:54,498,81656,7693
2021-07-29 20:10:56,444,83261,7849
2021-07-29 20:10:58,435,84837,7997
2021-07-29 20:11:00,413,86384,8154
2021-07-29 20:11:02,443,88009,8306
2021-07-29 20:11:04,430,89593,8473
2021-07-29 20:11:06,451,91270,8618
2021-07-29 20:11:08,462,92860,8777
2021-07-29 20:11:10,465,93704,8923
2021-07-29 20:11:12,474,93558,9070
2021-07-29 20:11:14,461,93425,9235
2021-07-29 20:11:16,479,93284,9398
2021-07-29 20:11:18,465,93135,9558
2021-07-29 20:11:20,461,92898,9737
2021-07-29 20:11:22,438,92853,9843
2021-07-29 20:11:24,444,92703,10009
2021-07-29 20:11:26,441,92455,10180
2021-07-29 20:11:28,470,92321,10335
2021-07-29 20:11:30,449,92178,10523
2021-07-29 20:11:32,474,92033,10655
2021-07-29 20:11:34,475,91787,10838
2021-07-29 20:11:36,460,91644,10997
2021-07-29 20:11:38,454,91495,11180
2021-07-29 20:11:40,456,91344,11337
2021-07-29 20:11:42,479,91202,11475
2021-07-29 20:11:44,458,91062,11645
2021-07-29 20:11:46,467,90810,11807
2021-07-29 20:11:48,472,90655,11977
2021-07-29 20:11:50,475,90501,12138
2021-07-29 20:11:52,489,90450,12225
2021-07-29 20:11:54,476,90295,12391
2021-07-29 20:11:56,474,90155,12538
2021-07-29 20:11:58,486,90007,12685
2021-07-29 20:12:00,462,89793,12841
2021-07-29 20:12:02,448,89653,12984
2021-07-29 20:12:04,450,89503,13154
2021-07-29 20:12:06,434,89338,13309
2021-07-29 20:12:08,466,89184,13450
2021-07-29 20:12:10,470,89022,13618
2021-07-29 20:12:12,477,88871,13754
2021-07-29 20:12:14,495,88718,13913
2021-07-29 20:12:16,515,88554,14075
2021-07-29 20:12:18,536,88401,14221
2021-07-29 20:12:20,522,88250,14395
2021-07-29 20:12:22,532,88000,14555
2021-07-29 20:12:24,538,87941,14655
2021-07-29 20:12:26,531,87787,14812
2021-07-29 20:12:28,526,87641,14981
2021-07-29 20:12:30,546,87496,15134
2021-07-29 20:12:32,543,87250,15307
2021-07-29 20:12:34,525,87192,15445
2021-07-29 20:12:36,516,87051,15600
2021-07-29 20:12:38,510,86837,15763
2021-07-29 20:12:40,488,86687,15914
2021-07-29 20:12:42,517,86531,16086
2021-07-29 20:12:44,503,86389,16242
2021-07-29 20:12:46,492,86249,16382
2021-07-29 20:12:48,491,86102,16549
2021-07-29 20:12:50,484,85958,16694
2021-07-29 20:12:52,486,85806,16849
2021-07-29 20:12:54,500,85655,17010
2021-07-29 20:12:56,483,85479,17115
2021-07-29 20:12:58,492,85349,17262
2021-07-29 20:13:00,484,85194,17423
2021-07-29 20:13:02,499,85049,17564
2021-07-29 20:13:04,462,84944,17728
2021-07-29 20:13:06,434,84790,17895
2021-07-29 20:13:08,459,84641,18030
2021-07-29 20:13:10,447,84493,18197
2021-07-29 20:13:12,412,84515,18333
2021-07-29 20:13:14,294,84372,18451
2021-07-29 20:13:16,253,84333,18581
2021-07-29 20:13:18,228,84178,18716
2021-07-29 20:13:20,201,84175,18793
2021-07-29 20:13:22,213,84015,18915
2021-07-29 20:13:24,236,83868,19051
2021-07-29 20:13:26,279,83703,19121
2021-07-29 20:13:28,344,83529,19258
2021-07-29 20:13:30,270,83505,19376
2021-07-29 20:13:32,249,83476,19476
2021-07-29 20:13:34,215,83444,19532
2021-07-29 20:13:36,169,83285,19633
2021-07-29 20:13:38,246,83117,19742
2021-07-29 20:13:40,305,82953,19872
2021-07-29 20:13:42,364,82775,20027
2021-07-29 20:13:44,404,82610,20152
2021-07-29 20:13:46,355,82574,20294
2021-07-29 20:13:48,290,82437,20413
2021-07-29 20:13:50,272,82293,20561
2021-07-29 20:13:52,260,82160,20680
2021-07-29 20:13:54,275,82003,20811
2021-07-29 20:13:56,332,81831,20943
2021-07-29 20:13:58,373,81753,21041
2021-07-29 20:14:00,417,81478,21179
2021-07-29 20:14:02,473,81299,21329
2021-07-29 20:14:04,480,81235,21461
2021-07-29 20:14:06,471,80995,21620
2021-07-29 20:14:08,532,80818,21781
2021-07-29 20:14:10,538,80674,21901
2021-07-29 20:14:12,543,80512,22064
2021-07-29 20:14:14,516,80431,22214
2021-07-29 20:14:16,462,80306,22330
2021-07-29 20:14:18,481,80135,22491
2021-07-29 20:14:20,524,79958,22638
2021-07-29 20:14:22,561,79795,22770
2021-07-29 20:14:24,567,79621,22942
2021-07-29 20:14:26,573,79449,23086
2021-07-29 20:14:28,554,79296,23225
2021-07-29 20:14:30,558,79236,23330
2021-07-29 20:14:32,578,79074,23496
2021-07-29 20:14:34,551,79039,23615
2021-07-29 20:14:36,463,78888,23764
2021-07-29 20:14:38,473,78735,23900
2021-07-29 20:14:40,455,78687,24028
2021-07-29 20:14:42,453,78533,24183
2021-07-29 20:14:44,441,78394,24300
2021-07-29 20:14:46,465,78226,24469
2021-07-29 20:14:48,448,78064,24616
2021-07-29 20:14:50,441,77934,24741
2021-07-29 20:14:52,427,77778,24896
2021-07-29 20:14:54,442,77731,25000
2021-07-29 20:14:56,425,77585,25168
2021-07-29 20:14:58,411,77425,25297
2021-07-29 20:15:00,400,77374,25383
2021-07-29 20:15:02,397,77212,25505
2021-07-29 20:15:04,412,77065,25618
2021-07-29 20:15:06,423,76989,25771
2021-07-29 20:15:08,432,76852,25895
2021-07-29 20:15:10,419,76713,26031
2021-07-29 20:15:12,368,76591,26176
2021-07-29 20:15:14,323,76593,26286
2021-07-29 20:15:16,281,76509,26384
2021-07-29 20:15:18,225,76388,26498
2021-07-29 20:15:20,217,76344,26612
2021-07-29 20:15:22,229,76216,26727
2021-07-29 20:15:24,204,76096,26829
2021-07-29 20:15:26,187,76079,26908
2021-07-29 20:15:28,237,75911,27028
2021-07-29 20:15:30,285,75743,27138
2021-07-29 20:15:32,331,75647,27193
2021-07-29 20:15:34,360,75478,27336
2021-07-29 20:15:36,390,75316,27457
2021-07-29 20:15:38,434,75150,27581
2021-07-29 20:15:40,466,74974,27735
2021-07-29 20:15:42,446,74802,27850
2021-07-29 20:15:44,446,74667,28002
2021-07-29 20:15:46,460,74504,28146
2021-07-29 20:15:48,481,74430,28253
2021-07-29 20:15:50,504,74167,28416
2021-07-29 20:15:52,541,74071,28554
2021-07-29 20:15:54,548,73964,28682
2021-07-29 20:15:56,482,73846,28826
2021-07-29 20:15:58,454,73693,28964
2021-07-29 20:16:00,406,73736,29068
2021-07-29 20:16:02,344,73582,29205
2021-07-29 20:16:04,352,73528,29261
2021-07-29 20:16:06,330,73367,29401
2021-07-29 20:16:08,383,73196,29515
2021-07-29 20:16:10,377,73041,29669
2021-07-29 20:16:12,389,72971,29758
2021-07-29 20:16:14,393,72830,29905
2021-07-29 20:16:16,376,72691,30053
2021-07-29 20:16:18,345,72679,30156
2021-07-29 20:16:20,308,72551,30302
2021-07-29 20:16:22,293,72433,30411
2021-07-29 20:16:24,271,72378,30525
2021-07-29 20:16:26,243,72233,30665
2021-07-29 20:16:28,221,72139,30774
2021-07-29 20:16:30,252,72082,30856
2021-07-29 20:16:32,288,71908,30962
2021-07-29 20:16:34,344,71738,31069
2021-07-29 20:16:36,365,71646,31158
2021-07-29 20:16:38,374,71580,31260
2021-07-29 20:16:40,329,71458,31361
2021-07-29 20:16:42,292,71408,31452
2021-07-29 20:16:44,338,71242,31561
2021-07-29 20:16:46,376,71056,31706
2021-07-29 20:16:48,421,70889,31817
2021-07-29 20:16:50,437,70756,31953
2021-07-29 20:16:52,384,70705,32032
2021-07-29 20:16:54,380,70533,32175
2021-07-29 20:16:56,382,70466,32282
2021-07-29 20:16:58,381,70317,32426
2021-07-29 20:17:00,385,70164,32562
2021-07-29 20:17:02,370,70108,32671
2021-07-29 20:17:04,368,69949,32812
2021-07-29 20:17:06,397,69896,32870
2021-07-29 20:17:08,385,69715,33000
2021-07-29 20:17:10,446,69544,33110
2021-07-29 20:17:12,470,69356,33257
2021-07-29 20:17:14,505,69171,33416
2021-07-29 20:17:16,545,69115,33506
2021-07-29 20:17:18,550,68942,33639
2021-07-29 20:17:20,558,68779,33795
2021-07-29 20:17:22,546,68737,33882
2021-07-29 20:17:24,544,68708,34021
2021-07-29 20:17:26,456,68545,34158
2021-07-29 20:17:28,414,68496,34268
2021-07-29 20:17:30,421,68327,34400
2021-07-29 20:17:32,428,68383,34500
2021-07-29 20:17:34,316,68232,34612
2021-07-29 20:17:36,327,68065,34697
2021-07-29 20:17:38,374,67977,34766
2021-07-29 20:17:40,426,67800,34867
2021-07-29 20:17:42,463,67700,35024
2021-07-29 20:17:44,493,67539,35121
2021-07-29 20:17:46,528,67351,35263
2021-07-29 20:17:48,524,67171,35398
2021-07-29 20:17:50,528,67126,35491
2021-07-29 20:17:52,517,67201,35606
2021-07-29 20:17:54,440,67170,35699
2021-07-29 20:17:56,392,67155,35747
2021-07-29 20:17:58,269,66996,35873
2021-07-29 20:18:00,277,66838,35980
2021-07-29 20:18:02,281,66783,36070
2021-07-29 20:18:04,270,66720,36188
2021-07-29 20:18:06,267,66582,36283
2021-07-29 20:18:08,333,66406,36379
2021-07-29 20:18:10,358,66320,36456
2021-07-29 20:18:12,421,66146,36555
2021-07-29 20:18:14,438,66052,36691
2021-07-29 20:18:16,480,65902,36790
2021-07-29 20:18:18,501,65721,36925
2021-07-29 20:18:20,482,65550,37048
2021-07-29 20:18:22,488,65502,37162
2021-07-29 20:18:24,483,65335,37302
2021-07-29 20:18:26,486,65265,37423
2021-07-29 20:18:28,492,65121,37515
2021-07-29 20:18:30,502,64948,37652
2021-07-29 20:18:32,498,64879,37796
2021-07-29 20:18:34,512,64725,37883
2021-07-29 20:18:36,524,64554,38025
2021-07-29 20:18:38,518,64483,38169
2021-07-29 20:18:40,538,64345,38256
2021-07-29 20:18:42,526,64259,38339
2021-07-29 20:18:44,560,64075,38483
2021-07-29 20:18:46,573,63992,38580
2021-07-29 20:18:48,574,63852,38710
2021-07-29 20:18:50,565,63679,38847
2021-07-29 20:18:52,564,63609,38989
2021-07-29 20:18:54,576,63459,39083
2021-07-29 20:18:56,561,63393,39220
2021-07-29 20:18:58,566,63226,39360
2021-07-29 20:19:00,572,63137,39473
2021-07-29 20:19:02,540,63034,39569
2021-07-29 20:19:04,521,62858,39710
2021-07-29 20:19:06,491,62946,39821
2021-07-29 20:19:08,443,62918,39876
2021-07-29 20:19:10,371,62770,40000
2021-07-29 20:19:12,360,62700,40097
2021-07-29 20:19:14,387,62578,40157
2021-07-29 20:19:16,361,62499,40288
2021-07-29 20:19:18,416,62326,40365
2021-07-29 20:19:20,456,62221,40492
2021-07-29 20:19:22,457,62056,40622
2021-07-29 20:19:24,457,61918,40718
2021-07-29 20:19:26,451,61847,40840
2021-07-29 20:19:28,444,61669,40978
2021-07-29 20:19:30,418,61667,41061
2021-07-29 20:19:32,404,61495,41187
2021-07-29 20:19:34,428,61420,41293
2021-07-29 20:19:36,416,61282,41401
2021-07-29 20:19:38,425,61225,41534
2021-07-29 20:19:40,410,61085,41614
2021-07-29 20:19:42,384,61024,41739
2021-07-29 20:19:44,395,60956,41784
2021-07-29 20:19:46,383,60778,41916
2021-07-29 20:19:48,422,60691,42030
2021-07-29 20:19:50,434,60536,42129
2021-07-29 20:19:52,443,60451,42262
2021-07-29 20:19:54,450,60296,42355
2021-07-29 20:19:56,454,60230,42488
2021-07-29 20:19:58,461,60051,42626
2021-07-29 20:20:00,497,59882,42708
2021-07-29 20:20:02,514,59805,42840
2021-07-29 20:20:04,495,59619,42984
2021-07-29 20:20:06,520,59564,43076
2021-07-29 20:20:08,500,59397,43212
2021-07-29 20:20:10,517,59321,43345
2021-07-29 20:20:12,499,59198,43417
2021-07-29 20:20:14,473,59151,43544
2021-07-29 20:20:16,461,59080,43621
2021-07-29 20:20:18,459,59000,43714
2021-07-29 20:20:20,454,58873,43817
2021-07-29 20:20:22,468,58698,43951
2021-07-29 20:20:24,449,58627,44035
2021-07-29 20:20:26,437,58523,44158
2021-07-29 20:20:28,426,58446,44289
2021-07-29 20:20:30,440,58297,44367
2021-07-29 20:20:32,424,58230,44484
2021-07-29 20:20:34,455,58041,44620
2021-07-29 20:20:36,505,57981,44695
2021-07-29 20:20:38,495,57806,44820
2021-07-29 20:20:40,515,57733,44931
2021-07-29 20:20:42,500,57598,45028
2021-07-29 20:20:44,504,57535,45146
2021-07-29 20:20:46,482,57365,45270
2021-07-29 20:20:48,499,57304,45300
2021-07-29 20:20:50,478,57235,45418
2021-07-29 20:20:52,476,57209,45543
2021-07-29 20:20:54,413,57051,45653
2021-07-29 20:20:56,465,56877,45748
2021-07-29 20:20:58,497,56787,45877
2021-07-29 20:21:00,504,56634,45954
2021-07-29 20:21:02,485,56557,46085
2021-07-29 20:21:04,504,56377,46216
2021-07-29 20:21:06,492,56303,46301
2021-07-29 20:21:08,498,56169,46430
2021-07-29 20:21:10,489,56098,46546
2021-07-29 20:21:12,505,56013,46654
2021-07-29 20:21:14,500,55874,46757
2021-07-29 20:21:16,496,55798,46882
2021-07-29 20:21:18,510,55625,47001
2021-07-29 20:21:20,503,55564,47026
2021-07-29 20:21:22,502,55510,47150
2021-07-29 20:21:24,510,55325,47281
2021-07-29 20:21:26,511,55262,47398
2021-07-29 20:21:28,503,55115,47475
2021-07-29 20:21:30,485,55050,47598
2021-07-29 20:21:32,495,54967,47727
2021-07-29 20:21:34,470,54889,47784
2021-07-29 20:21:36,428,54813,47897
2021-07-29 20:21:38,444,54635,48010
2021-07-29 20:21:40,468,54573,48075
2021-07-29 20:21:42,454,54522,48200
2021-07-29 20:21:44,444,54337,48328
2021-07-29 20:21:46,503,54262,48408
2021-07-29 20:21:48,524,54070,48528
2021-07-29 20:21:50,504,54008,48624
2021-07-29 20:21:52,498,53981,48658
2021-07-29 20:21:54,485,53906,48783
2021-07-29 20:21:56,496,53733,48908
2021-07-29 20:21:58,501,53654,49024
2021-07-29 20:22:00,505,53510,49108
2021-07-29 20:22:02,489,53441,49232
2021-07-29 20:22:04,451,53284,49360
2021-07-29 20:22:06,447,53253,49435
2021-07-29 20:22:08,428,53184,49548
2021-07-29 20:22:10,418,53030,49665
2021-07-29 20:22:12,458,52974,49736
2021-07-29 20:22:14,458,52801,49855
2021-07-29 20:22:16,454,52714,49955
2021-07-29 20:22:18,449,52675,50045
2021-07-29 20:22:20,456,52505,50169
2021-07-29 20:22:22,453,52430,50235
2021-07-29 20:22:24,510,52369,50291
2021-07-29 20:22:26,517,52199,50423
2021-07-29 20:22:28,501,52104,50554
2021-07-29 20:22:30,523,51970,50609
2021-07-29 20:22:32,482,52036,50726
2021-07-29 20:22:34,400,51871,50851
2021-07-29 20:22:36,385,51797,50915
2021-07-29 20:22:38,389,51786,51021
2021-07-29 20:22:40,333,51663,51138
2021-07-29 20:22:42,341,51601,51189
2021-07-29 20:22:44,376,51505,51305
2021-07-29 20:22:46,417,51343,51386
2021-07-29 20:22:48,431,51253,51506
2021-07-29 20:22:50,437,51106,51577
2021-07-29 20:22:52,454,51015,51700
2021-07-29 20:22:54,461,50931,51760
2021-07-29 20:22:56,473,50880,51829
2021-07-29 20:22:58,461,50708,51959
2021-07-29 20:23:00,481,50624,52071
2021-07-29 20:23:02,521,50444,52145
2021-07-29 20:23:04,548,50358,52269
2021-07-29 20:23:06,567,50171,52388
2021-07-29 20:23:08,579,50137,52461
2021-07-29 20:23:10,560,49957,52585
2021-07-29 20:23:12,547,49883,52714
2021-07-29 20:23:14,576,49702,52829
2021-07-29 20:23:16,574,49765,52887
2021-07-29 20:23:18,483,49701,52981
2021-07-29 20:23:20,457,49629,53098
2021-07-29 20:23:22,501,49463,53163
2021-07-29 20:23:24,527,49367,53292
2021-07-29 20:23:26,550,49196,53349
2021-07-29 20:23:28,573,49107,53465
2021-07-29 20:23:30,568,49081,53533
2021-07-29 20:23:32,510,48977,53650
2021-07-29 20:23:34,469,48903,53754
2021-07-29 20:23:36,460,48844,53851
2021-07-29 20:23:38,453,48783,53936
2021-07-29 20:23:40,452,48624,54055
2021-07-29 20:23:42,470,48540,54177
2021-07-29 20:23:44,472,48395,54238
2021-07-29 20:23:46,457,48312,54360
2021-07-29 20:23:48,483,48230,54484
2021-07-29 20:23:50,478,48079,54552
2021-07-29 20:23:52,492,48011,54679
2021-07-29 20:23:54,491,47827,54786
2021-07-29 20:23:56,480,47791,54859
2021-07-29 20:23:58,474,47705,54932
2021-07-29 20:24:00,491,47633,55050
2021-07-29 20:24:02,487,47550,55119
2021-07-29 20:24:04,481,47416,55244
2021-07-29 20:24:06,473,47258,55368
2021-07-29 20:24:08,468,47183,55459
2021-07-29 20:24:10,469,47150,55547
2021-07-29 20:24:12,454,46976,55666
2021-07-29 20:24:14,443,46916,55781
2021-07-29 20:24:16,441,46872,55849
2021-07-29 20:24:18,456,46682,55969
2021-07-29 20:24:20,446,46611,56079
2021-07-29 20:24:22,492,46536,56142
2021-07-29 20:24:24,505,46347,56262
2021-07-29 20:24:26,529,46259,56377
2021-07-29 20:24:28,568,46185,56428
2021-07-29 20:24:30,577,46094,56497
2021-07-29 20:24:32,560,45919,56617
2021-07-29 20:24:34,588,45826,56729
2021-07-29 20:24:36,580,45788,56797
2021-07-29 20:24:38,574,45607,56915
2021-07-29 20:24:40,574,45529,57040
2021-07-29 20:24:42,576,45448,57151
2021-07-29 20:24:44,582,45318,57216
2021-07-29 20:24:46,592,45235,57325
2021-07-29 20:24:48,596,45151,57440
2021-07-29 20:24:50,585,44982,57553
2021-07-29 20:24:52,599,44942,57619
2021-07-29 20:24:54,590,44856,57741
2021-07-29 20:24:56,581,44696,57859
2021-07-29 20:24:58,576,44621,57979
2021-07-29 20:25:00,589,44557,58036
2021-07-29 20:25:02,586,44465,58121
2021-07-29 20:25:04,582,44378,58225
2021-07-29 20:25:06,512,44303,58328
2021-07-29 20:25:08,506,44226,58390
2021-07-29 20:25:10,494,44203,58495
2021-07-29 20:25:12,522,44013,58601
2021-07-29 20:25:14,541,43924,58715
2021-07-29 20:25:16,556,43770,58769
2021-07-29 20:25:18,554,43696,58881
2021-07-29 20:25:20,543,43610,58996
2021-07-29 20:25:22,567,43437,59106
2021-07-29 20:25:24,554,43399,59152
2021-07-29 20:25:26,543,43320,59264
2021-07-29 20:25:28,560,43238,59375
2021-07-29 20:25:30,539,43148,59444

