Time,Total Util Rate,Chameleon Utl Rate,OSG Utl Rate
1627795764173,0.0,0.0,0.0
1627795765022,5.95,1.19,4.76
1627795765269,5.95,1.19,4.76
1627795765766,5.58,0.39799999999999996,5.18
1627795766086,13.5,0.73,12.8
1627795766288,16.8,0.73,16.1
1627795766795,24.5,0.73,23.7
1627795767300,29.9,0.73,29.2
1627795767774,35.8,0.73,35.0
1627795768297,40.1,0.73,39.4
1627795769344,51.8,0.73,51.1
1627795770313,58.8,0.73,58.0
1627795771312,69.3,0.73,68.6
1627795772340,78.5,0.365,78.1
1627795773336,90.1,0.365,89.8
1627795773952,96.0,0.365,95.6
1627795774334,98.5,0.0,98.5
1627795774861,100.0,0.0,100.0
1627795775195,100.0,0.365,99.6
1627795775365,100.0,0.365,99.6
1627795775545,100.0,0.73,99.3
1627795775798,100.0,1.09,98.9
1627795776013,100.0,1.46,98.5
1627795776237,99.6,2.19,97.4
1627795776393,99.3,1.82,97.4
1627795776852,100.0,1.09,98.9
1627795777367,100.0,1.09,98.9
1627795777861,100.0,1.09,98.9
1627795778170,100.0,0.365,99.6
1627795778331,100.0,0.73,99.3
1627795778514,100.0,0.73,99.3
1627795778690,100.0,1.09,98.9
1627795778844,100.0,1.46,98.5
1627795779030,98.9,0.365,98.5
1627795779381,100.0,0.0,100.0
1627795779874,100.0,0.0,100.0
1627795780400,100.0,0.0,100.0
1627795781385,100.0,0.0,100.0
1627795781799,100.0,0.0,100.0
1627795781947,100.0,0.365,99.6
1627795782139,100.0,0.73,99.3
1627795782305,100.0,1.09,98.9
1627795782478,100.0,1.46,98.5
1627795782618,100.0,1.82,98.2
1627795782763,100.0,1.82,98.2
1627795782949,100.0,2.19,97.8
1627795783411,100.0,1.82,98.2
1627795783969,100.0,1.82,98.2
1627795784421,100.0,1.82,98.2
1627795784918,100.0,1.82,98.2
1627795786017,100.0,2.19,97.8
1627795786161,99.6,1.82,97.8
1627795786368,100.0,2.19,97.8
1627795786518,99.6,2.19,97.4
1627795786714,99.6,2.19,97.4
1627795786874,100.0,2.55,97.4
1627795787047,99.6,2.19,97.4
1627795787431,100.0,1.82,98.2
1627795787923,100.0,1.82,98.2
1627795788432,100.0,1.82,98.2
1627795788931,99.6,1.82,97.8
1627795789474,100.0,1.82,98.2
1627795789931,100.0,1.46,98.5
1627795790461,100.0,0.0,100.0
1627795790951,100.0,0.0,100.0
1627795791461,100.0,0.0,100.0
1627795791953,100.0,0.0,100.0
1627795792185,100.0,0.365,99.6
1627795792476,100.0,0.365,99.6
1627795792958,99.6,0.365,99.3
1627795793488,100.0,0.365,99.6
1627795793968,100.0,0.365,99.6
1627795794280,100.0,0.73,99.3
1627795794447,100.0,1.09,98.9
1627795794649,100.0,1.09,98.9
1627795794814,100.0,1.46,98.5
1627795795062,100.0,1.82,98.2
1627795795250,99.3,1.09,98.2
1627795795502,100.0,0.365,99.6
1627795795995,100.0,0.365,99.6
1627795796502,100.0,0.365,99.6
1627795796989,100.0,0.365,99.6
1627795797507,100.0,0.365,99.6
1627795798020,100.0,0.365,99.6
1627795798534,100.0,0.365,99.6
1627795799011,100.0,0.365,99.6
1627795799522,100.0,0.365,99.6
1627795800006,100.0,0.365,99.6
1627795800528,100.0,0.365,99.6
1627795801024,100.0,0.365,99.6
1627795801534,100.0,0.365,99.6
1627795802042,100.0,0.365,99.6
1627795802342,100.0,0.73,99.3
1627795802544,100.0,0.73,99.3
1627795802727,100.0,1.09,98.9
1627795802931,100.0,1.46,98.5
1627795803156,99.6,1.46,98.2
1627795803307,99.3,0.73,98.5
1627795803543,99.6,0.365,99.3
1627795804351,100.0,0.365,99.6
1627795804521,100.0,0.73,99.3
1627795804691,100.0,1.09,98.9
1627795804855,100.0,1.46,98.5
1627795805013,100.0,1.82,98.2
1627795805237,100.0,1.82,98.2
1627795805476,99.6,0.73,98.9
1627795805624,100.0,0.73,99.3
1627795805794,100.0,3.28,96.7
1627795806086,100.0,2.92,97.1
1627795806591,100.0,2.92,97.1
1627795807072,100.0,2.92,97.1
1627795807598,100.0,2.92,97.1
1627795808078,100.0,2.92,97.1
1627795808585,100.0,2.92,97.1
1627795809079,100.0,2.92,97.1
1627795809593,100.0,2.92,97.1
1627795810099,100.0,2.92,97.1
1627795810404,100.0,3.28,96.7
1627795810559,100.0,3.65,96.4
1627795810686,100.0,3.65,96.4
1627795810831,100.0,4.01,96.0
1627795811002,100.0,4.01,96.0
1627795811176,99.3,3.65,95.6
1627795811612,100.0,2.92,97.1
1627795812111,100.0,2.92,97.1
1627795812653,100.0,2.92,97.1
1627795813133,100.0,2.92,97.1
1627795813273,100.0,3.28,96.7
1627795813644,99.6,3.28,96.4
1627795813845,100.0,3.65,96.4
1627795814138,100.0,3.65,96.4
1627795814663,100.0,3.65,96.4
1627795815129,99.6,3.65,96.0
1627795815648,100.0,3.65,96.4
1627795816136,100.0,3.65,96.4
1627795816642,100.0,3.65,96.4
1627795817600,100.0,4.01,96.0
1627795817761,100.0,4.01,96.0
1627795818172,100.0,3.65,96.4
1627795818624,100.0,3.65,96.4
1627795818819,100.0,4.01,96.0
1627795819675,100.0,3.65,96.4
1627795820695,100.0,3.65,96.4
1627795820990,100.0,4.01,96.0
1627795821253,100.0,4.01,96.0
1627795821430,100.0,4.38,95.6
1627795821578,100.0,4.38,95.6
1627795821806,99.3,4.01,95.3
1627795822189,100.0,3.28,96.7
1627795822695,100.0,3.28,96.7
1627795823214,100.0,3.28,96.7
1627795823726,100.0,3.28,96.7
1627795823929,100.0,3.65,96.4
1627795824196,100.0,8.03,92.0
1627795824732,100.0,8.03,92.0
1627795825197,100.0,8.03,92.0
1627795825827,100.0,8.03,92.0
1627795826225,100.0,8.03,92.0
1627795826548,100.0,8.39,91.6
1627795826751,100.0,8.76,91.2
1627795826908,100.0,8.76,91.2
1627795827119,100.0,9.12,90.9
1627795827295,100.0,9.49,90.5
1627795827481,99.6,8.76,90.9
1627795827734,100.0,8.03,92.0
1627795828254,100.0,8.03,92.0
1627795828749,99.6,8.03,91.6
1627795829241,100.0,7.66,92.3
1627795829499,100.0,8.03,92.0
1627795829750,100.0,8.03,92.0
1627795830251,100.0,8.03,92.0
1627795830762,100.0,8.03,92.0
1627795831256,100.0,8.03,92.0
1627795831522,100.0,8.39,91.6
1627795831697,100.0,8.76,91.2
1627795831903,100.0,9.12,90.9
1627795832258,100.0,8.76,91.2
1627795832775,100.0,8.76,91.2
1627795833265,100.0,8.76,91.2
1627795833773,100.0,8.76,91.2
1627795834270,100.0,8.76,91.2
1627795834585,100.0,9.12,90.9
1627795834770,99.6,9.12,90.5
1627795834928,100.0,9.49,90.5
1627795835108,100.0,9.85,90.1
1627795835297,100.0,9.85,90.1
1627795835453,98.5,8.76,89.8
1627795835808,99.6,8.76,90.9
1627795835961,100.0,9.12,90.9
1627795836305,100.0,11.7,88.3
1627795836808,100.0,11.7,88.3
1627795837293,100.0,11.7,88.3
1627795837450,100.0,12.0,88.0
1627795837637,100.0,12.4,87.6
1627795837808,99.6,12.0,87.6
1627795837959,100.0,12.4,87.6
1627795838318,100.0,12.4,87.6
1627795838826,100.0,12.4,87.6
1627795839308,100.0,12.4,87.6
1627795839836,100.0,11.7,88.3
1627795840316,100.0,11.7,88.3
1627795840835,100.0,11.7,88.3
1627795841325,100.0,11.7,88.3
1627795841858,100.0,11.7,88.3
1627795842347,100.0,11.7,88.3
1627795842642,100.0,12.0,88.0
1627795842784,100.0,12.4,87.6
1627795842918,100.0,12.4,87.6
1627795843106,100.0,12.8,87.2
1627795843365,100.0,13.1,86.9
1627795843565,99.3,12.4,86.9
1627795843862,100.0,11.7,88.3
1627795844366,100.0,8.76,91.2
1627795844874,100.0,8.76,91.2
1627795845375,100.0,8.76,91.2
1627795845885,100.0,8.03,92.0
1627795846377,100.0,7.66,92.3
1627795846891,100.0,7.66,92.3
1627795847391,100.0,7.66,92.3
1627795847879,100.0,7.66,92.3
1627795848033,100.0,9.85,90.1
1627795848397,100.0,9.85,90.1
1627795849636,100.0,10.2,89.8
1627795849802,99.6,9.49,90.1
1627795850058,100.0,9.85,90.1
1627795850398,100.0,9.49,90.5
1627795850724,100.0,9.85,90.1
1627795850935,99.6,9.85,89.8
1627795851205,100.0,10.2,89.8
1627795851405,100.0,10.6,89.4
1627795851542,100.0,10.6,89.4
1627795851740,99.3,10.2,89.1
1627795851948,100.0,9.49,90.5
1627795852946,100.0,9.49,90.5
1627795853445,100.0,9.49,90.5
1627795853952,100.0,6.93,93.1
1627795854461,100.0,6.93,93.1
1627795854959,100.0,6.93,93.1
1627795855444,100.0,6.93,93.1
1627795856444,100.0,6.93,93.1
1627795857458,100.0,6.93,93.1
1627795858450,100.0,6.93,93.1
1627795858870,99.6,6.93,92.7
1627795859142,100.0,7.3,92.7
1627795859458,100.0,6.93,93.1
1627795860372,100.0,6.93,93.1
1627795860576,100.0,7.3,92.7
1627795860761,100.0,7.66,92.3
1627795860922,100.0,8.03,92.0
1627795861089,99.6,7.3,92.3
1627795861488,100.0,6.93,93.1
1627795861994,100.0,6.93,93.1
1627795862485,100.0,6.93,93.1
1627795862662,100.0,7.3,92.7
1627795862841,100.0,7.66,92.3
1627795863073,100.0,10.6,89.4
1627795863295,100.0,10.6,89.4
1627795863527,100.0,10.6,89.4
1627795863682,100.0,10.9,89.1
1627795863845,100.0,14.6,85.4
1627795864017,99.6,17.9,81.8
1627795864510,100.0,17.9,82.1
1627795864703,100.0,18.2,81.8
1627795864893,100.0,18.6,81.4
1627795865100,100.0,19.0,81.0
1627795865310,100.0,19.3,80.7
1627795865489,100.0,19.7,80.3
1627795865698,99.6,19.3,80.3
1627795866057,100.0,19.3,80.7
1627795866538,100.0,19.3,80.7
1627795866854,100.0,19.7,80.3
1627795867005,100.0,20.1,79.9
1627795867172,100.0,20.1,79.9
1627795867366,100.0,20.4,79.6
1627795867586,100.0,20.8,79.2
1627795867787,99.3,20.1,79.2
1627795868070,99.6,19.3,80.3
1627795868547,100.0,19.3,80.7
1627795869074,100.0,19.3,80.7
1627795869574,100.0,19.3,80.7
1627795870070,100.0,19.3,80.7
1627795870573,100.0,19.3,80.7
1627795871079,98.9,16.4,82.5
1627795871465,100.0,16.4,83.6
1627795871608,100.0,16.8,83.2
1627795871748,100.0,17.2,82.8
1627795872114,100.0,13.5,86.5
1627795872590,100.0,13.5,86.5
1627795873163,100.0,13.5,86.5
1627795873599,100.0,13.5,86.5
1627795874147,100.0,13.5,86.5
1627795874617,100.0,13.5,86.5
1627795874923,100.0,13.9,86.1
1627795875072,100.0,14.2,85.8
1627795875207,100.0,14.2,85.8
1627795875375,100.0,14.6,85.4
1627795875530,99.6,14.6,85.0
1627795875708,99.6,14.2,85.4
1627795876134,100.0,13.5,86.5
1627795876646,100.0,13.5,86.5
1627795877142,100.0,13.5,86.5
1627795877629,100.0,13.5,86.5
1627795877897,100.0,13.9,86.1
1627795878093,100.0,14.2,85.8
1627795878282,99.6,14.2,85.4
1627795878657,100.0,14.2,85.8
1627795879179,100.0,14.2,85.8
1627795879666,100.0,13.9,86.1
1627795880169,100.0,13.5,86.5
1627795880665,100.0,13.5,86.5
1627795881674,100.0,13.9,86.1
1627795881871,99.6,13.5,86.1
1627795882174,100.0,13.5,86.5
1627795882666,100.0,13.5,86.5
1627795882992,100.0,13.9,86.1
1627795883157,100.0,14.2,85.8
1627795883293,100.0,14.2,85.8
1627795883484,100.0,14.6,85.4
1627795883738,100.0,15.0,85.0
1627795884025,98.9,13.9,85.0
1627795884224,100.0,13.5,86.5
1627795884694,100.0,13.5,86.5
1627795885208,100.0,13.5,86.5
1627795885707,100.0,13.5,86.5
1627795885860,99.6,13.5,86.1
1627795886228,100.0,13.1,86.9
1627795886719,100.0,13.1,86.9
1627795887294,100.0,13.1,86.9
1627795887565,100.0,13.5,86.5
1627795887736,100.0,13.5,86.5
1627795887904,100.0,13.9,86.1
1627795888086,100.0,14.2,85.8
1627795888246,100.0,14.2,85.8
1627795888724,100.0,14.2,85.8
1627795889246,100.0,14.2,85.8
1627795889768,100.0,14.2,85.8
1627795890260,100.0,14.2,85.8
1627795890742,100.0,14.2,85.8
1627795891075,100.0,14.6,85.4
1627795891313,100.0,15.0,85.0
1627795891513,100.0,15.0,85.0
1627795891679,100.0,15.3,84.7
1627795891999,100.0,15.7,84.3
1627795892216,98.9,14.6,84.3
1627795892450,99.6,14.2,85.4
1627795892698,100.0,14.6,85.4
1627795892880,100.0,15.0,85.0
1627795893275,100.0,14.6,85.4
1627795893785,100.0,14.6,85.4
1627795894289,100.0,14.2,85.8
1627795894777,100.0,14.2,85.8
1627795895259,100.0,14.2,85.8
1627795895447,100.0,14.6,85.4
1627795895830,99.6,13.5,86.1
1627795896301,100.0,13.5,86.5
1627795896515,100.0,13.9,86.1
1627795896812,100.0,15.3,84.7
1627795897340,100.0,15.3,84.7
1627795897804,100.0,15.3,84.7
1627795898344,100.0,15.3,84.7
1627795898828,100.0,15.3,84.7
1627795899129,100.0,15.7,84.3
1627795899279,100.0,16.1,83.9
1627795899423,100.0,16.1,83.9
1627795899566,100.0,16.4,83.6
1627795899745,100.0,16.8,83.2
1627795899955,99.6,16.4,83.2
1627795900349,100.0,15.3,84.7
1627795900854,100.0,15.0,85.0
1627795901076,100.0,15.3,84.7
1627795901355,100.0,15.3,84.7
1627795901845,100.0,15.3,84.7
1627795902376,100.0,15.3,84.7
1627795902871,100.0,15.3,84.7
1627795903380,100.0,15.0,85.0
1627795903864,100.0,15.0,85.0
1627795904378,100.0,15.0,85.0
1627795904880,100.0,15.0,85.0
1627795905429,100.0,15.0,85.0
1627795905923,100.0,15.0,85.0
1627795906409,100.0,15.0,85.0
1627795906897,100.0,15.0,85.0
1627795907228,100.0,15.3,84.7
1627795907467,100.0,15.7,84.3
1627795907612,100.0,15.7,84.3
1627795907810,100.0,16.1,83.9
1627795907989,100.0,16.1,83.9
1627795908165,99.6,16.1,83.6
1627795908420,100.0,15.0,85.0
1627795908926,100.0,15.0,85.0
1627795909153,100.0,15.3,84.7
1627795909462,100.0,15.0,85.0
1627795909919,100.0,15.0,85.0
1627795910463,100.0,15.0,85.0
1627795910936,100.0,15.0,85.0
1627795911963,100.0,15.0,85.0
1627795912938,100.0,15.0,85.0
1627795913729,98.2,13.5,84.7
1627795913951,100.0,13.1,86.9
1627795914940,100.0,13.1,86.9
1627795915374,100.0,13.1,86.9
1627795915578,100.0,13.5,86.5
1627795915983,100.0,13.1,86.9
1627795917485,100.0,12.8,87.2
1627795918023,100.0,13.1,86.9
1627795918196,100.0,13.5,86.5
1627795918343,100.0,13.9,86.1
1627795918539,99.6,13.9,85.8
1627795918914,100.0,13.1,86.9
1627795919081,99.6,13.1,86.5
1627795919249,100.0,13.1,86.9
1627795919512,100.0,12.4,87.6
1627795920012,100.0,12.0,88.0
1627795920377,100.0,12.0,88.0
1627795920583,100.0,12.4,87.6
1627795921019,100.0,12.4,87.6
1627795921547,100.0,10.9,89.1
1627795921917,100.0,10.6,89.4
1627795922092,100.0,10.9,89.1
1627795922240,100.0,11.3,88.7
1627795922454,100.0,11.7,88.3
1627795922635,100.0,12.0,88.0
1627795923026,100.0,11.7,88.3
1627795923353,100.0,12.0,88.0
1627795923483,99.6,12.0,87.6
1627795923624,100.0,12.4,87.6
1627795923771,100.0,12.8,87.2
1627795923931,100.0,13.1,86.9
1627795924127,99.3,12.4,86.9
1627795924587,100.0,11.7,88.3
1627795924945,100.0,12.0,88.0
1627795925158,100.0,12.4,87.6
1627795925344,99.6,12.4,87.2
1627795925573,100.0,12.4,87.6
1627795926055,100.0,12.4,87.6
1627795926189,100.0,12.8,87.2
1627795926343,100.0,13.1,86.9
1627795926504,100.0,13.5,86.5
1627795926648,99.6,13.5,86.1
1627795926823,100.0,13.5,86.5
1627795927049,100.0,13.9,86.1
1627795927200,100.0,14.2,85.8
1627795927407,100.0,14.6,85.4
1627795927550,100.0,15.0,85.0
1627795927723,100.0,15.3,84.7
1627795927921,100.0,15.7,84.3
1627795928151,100.0,15.7,84.3
1627795928376,100.0,16.1,83.9
1627795928583,99.6,16.1,83.6
1627795928771,100.0,16.4,83.6
1627795928895,100.0,16.8,83.2
1627795929098,100.0,17.2,82.8
1627795929309,100.0,17.5,82.5
1627795929536,100.0,17.9,82.1
1627795929679,100.0,18.2,81.8
1627795929831,100.0,18.2,81.8
1627795929954,100.0,18.6,81.4
1627795930133,100.0,19.0,81.0
1627795930310,100.0,19.3,80.7
1627795930543,100.0,19.7,80.3
1627795930759,97.8,17.9,79.9
1627795930966,99.3,17.9,81.4
1627795931131,99.6,17.5,82.1
1627795931276,99.6,17.5,82.1
1627795931482,99.6,17.5,82.1
1627795931630,100.0,17.9,82.1
1627795931815,100.0,17.9,82.1
1627795932027,100.0,18.2,81.8
1627795932245,100.0,18.2,81.8
1627795932462,100.0,18.6,81.4
1627795932617,100.0,19.0,81.0
1627795932837,98.9,17.9,81.0
1627795933064,99.6,17.5,82.1
1627795933396,100.0,17.2,82.8
1627795933662,100.0,17.5,82.5
1627795934037,100.0,17.9,82.1
1627795934211,100.0,17.9,82.1
1627795934416,100.0,18.2,81.8
1627795934700,98.9,16.4,82.5
1627795934862,99.6,16.4,83.2
1627795935062,99.6,15.3,84.3
1627795935220,100.0,15.7,84.3
1627795935422,100.0,15.3,84.7
1627795935659,100.0,15.7,84.3
1627795935888,100.0,16.1,83.9
1627795936181,99.3,13.1,86.1
1627795936401,100.0,13.5,86.5
1627795936602,99.3,13.1,86.1
1627795936822,100.0,13.1,86.9
1627795937105,99.6,12.8,86.9
1627795937309,100.0,13.1,86.9
1627795937766,100.0,12.8,87.2
1627795938235,100.0,12.8,87.2
1627795938805,100.0,12.8,87.2
1627795939284,100.0,12.8,87.2
1627795939569,100.0,13.1,86.9
1627795939747,100.0,13.5,86.5
1627795939882,100.0,13.5,86.5
1627795940015,100.0,13.9,86.1
1627795940184,99.6,13.9,85.8
1627795940374,99.6,13.1,86.5
1627795940758,100.0,12.8,87.2
1627795941282,100.0,12.8,87.2
1627795941809,100.0,12.4,87.6
1627795942271,100.0,12.4,87.6
1627795942448,100.0,12.8,87.2
1627795942805,100.0,12.4,87.6
1627795943307,100.0,11.3,88.7
1627795943794,100.0,10.9,89.1
1627795944311,99.6,10.6,89.1
1627795944702,100.0,9.85,90.1
1627795944869,100.0,10.2,89.8
1627795945314,98.2,5.47,92.7
1627795945815,100.0,5.47,94.5
1627795946349,99.3,5.11,94.2
1627795946848,100.0,4.38,95.6
1627795947332,100.0,4.38,95.6
1627795947641,100.0,4.74,95.3
1627795947827,99.6,4.74,94.9
1627795948069,100.0,5.11,94.9
1627795948269,100.0,5.47,94.5
1627795948434,100.0,5.84,94.2
1627795948684,99.3,4.74,94.5
1627795948892,99.6,4.38,95.3
1627795949081,100.0,4.74,95.3
1627795949376,100.0,4.74,95.3
1627795949875,100.0,4.74,95.3
1627795950377,100.0,4.74,95.3
1627795950727,100.0,5.11,94.9
1627795950965,100.0,5.47,94.5
1627795951377,100.0,5.11,94.9
1627795951560,100.0,5.47,94.5
1627795951825,100.0,5.47,94.5
1627795952004,100.0,5.84,94.2
1627795952366,100.0,5.84,94.2
1627795952625,96.4,2.55,93.8
1627795952806,98.2,2.55,95.6
1627795952971,100.0,2.55,97.4
1627795953115,100.0,2.92,97.1
1627795953278,100.0,3.28,96.7
1627795953448,100.0,3.65,96.4
1627795953931,100.0,3.28,96.7
1627795954387,100.0,3.28,96.7
1627795954874,100.0,3.28,96.7
1627795955059,100.0,3.65,96.4
1627795955222,100.0,4.01,96.0
1627795955426,99.6,4.01,95.6
1627795955710,100.0,4.38,95.6
1627795955884,100.0,4.74,95.3
1627795956079,100.0,4.74,95.3
1627795956239,100.0,5.11,94.9
1627795956396,99.6,5.11,94.5
1627795956547,98.9,4.38,94.5
1627795956977,100.0,4.01,96.0
1627795957479,100.0,3.65,96.4
1627795957673,100.0,4.01,96.0
1627795957939,100.0,4.01,96.0
1627795958431,100.0,4.01,96.0
1627795958893,100.0,3.65,96.4
1627795959084,100.0,4.01,96.0
1627795959383,100.0,4.01,96.0
1627795959544,100.0,5.11,94.9
1627795959743,100.0,5.47,94.5
1627795959974,99.6,5.47,94.2
1627795960479,100.0,5.47,94.5
1627795960981,100.0,4.38,95.6
1627795961459,100.0,4.01,96.0
1627795961684,100.0,4.38,95.6
1627795961854,100.0,4.74,95.3
1627795962078,100.0,5.11,94.9
1627795962259,100.0,5.11,94.9
1627795962499,99.6,5.11,94.5
1627795962670,100.0,5.47,94.5
1627795962885,100.0,5.84,94.2
1627795963087,98.9,5.11,93.8
1627795963479,100.0,5.11,94.9
1627795963823,100.0,5.47,94.5
1627795964055,99.6,5.47,94.2
1627795964256,100.0,5.84,94.2
1627795964381,100.0,6.2,93.8
1627795964614,100.0,6.57,93.4
1627795964844,98.5,5.11,93.4
1627795965041,100.0,5.47,94.5
1627795966043,100.0,4.74,95.3
1627795966304,100.0,5.11,94.9
1627795966514,100.0,12.0,88.0
1627795967066,100.0,11.7,88.3
1627795967532,100.0,11.7,88.3
1627795968053,100.0,11.7,88.3
1627795968548,100.0,11.7,88.3
1627795969052,100.0,11.7,88.3
1627795969554,100.0,11.7,88.3
1627795970088,100.0,10.9,89.1
1627795970564,100.0,10.6,89.4
1627795971075,100.0,9.85,90.1
1627795971518,100.0,9.85,90.1
1627795971682,100.0,10.9,89.1
1627795971913,100.0,11.3,88.7
1627795972226,100.0,11.7,88.3
1627795972391,100.0,11.7,88.3
1627795972620,100.0,12.0,88.0
1627795972818,100.0,12.4,87.6
1627795973018,98.9,11.3,87.6
1627795973237,100.0,11.3,88.7
1627795973591,99.6,10.9,88.7
1627795974105,100.0,10.9,89.1
1627795974639,100.0,10.9,89.1
1627795974816,100.0,11.3,88.7
1627795975007,100.0,11.7,88.3
1627795975233,100.0,12.0,88.0
1627795975410,100.0,12.0,88.0
1627795975687,100.0,12.4,87.6
1627795975880,100.0,12.8,87.2
1627795976099,100.0,12.8,87.2
1627795976239,100.0,12.4,87.6
1627795976639,100.0,12.4,87.6
1627795977145,100.0,12.4,87.6
1627795977463,100.0,12.8,87.2
1627795978140,100.0,13.5,86.5
1627795978636,100.0,13.5,86.5
1627795979145,100.0,13.5,86.5
1627795979693,99.6,13.5,86.1
1627795979983,100.0,13.9,86.1
1627795980142,100.0,14.2,85.8
1627795980348,100.0,14.2,85.8
1627795980665,100.0,14.6,85.4
1627795981011,100.0,15.0,85.0
1627795981211,99.6,14.6,85.0
1627795981417,99.6,13.5,86.1
1627795981621,100.0,13.9,86.1
1627795981795,99.6,13.9,85.8
1627795982203,100.0,13.9,86.1
1627795982668,100.0,13.9,86.1
1627795983250,100.0,12.8,87.2
1627795983697,100.0,12.4,87.6
1627795984183,99.6,12.0,87.6
1627795984391,100.0,12.4,87.6
1627795984713,100.0,12.4,87.6
1627795985237,100.0,12.4,87.6
1627795985710,100.0,12.4,87.6
1627795986223,100.0,12.4,87.6
1627795986712,100.0,12.4,87.6
1627795987205,100.0,12.4,87.6
1627795987735,100.0,12.4,87.6
1627795988038,100.0,12.8,87.2
1627795988218,100.0,13.1,86.9
1627795988378,100.0,13.1,86.9
1627795988539,100.0,13.5,86.5
1627795988687,100.0,13.9,86.1
1627795988871,99.6,13.1,86.5
1627795989017,100.0,13.1,86.9
1627795989197,100.0,13.9,86.1
1627795989387,100.0,13.9,86.1
1627795989741,99.3,13.1,86.1
1627795989981,100.0,13.5,86.5
1627795990303,100.0,13.5,86.5
1627795990738,100.0,13.5,86.5
1627795991255,100.0,13.5,86.5
1627795991752,100.0,13.5,86.5
1627795992302,99.6,13.1,86.5
1627795992466,100.0,13.5,86.5
1627795992782,99.6,22.3,77.4
1627795992992,100.0,22.6,77.4
1627795993276,100.0,22.6,77.4
1627795993764,100.0,22.6,77.4
1627795994330,100.0,22.6,77.4
1627795994788,100.0,22.6,77.4
1627795995346,100.0,22.6,77.4
1627795995780,100.0,22.6,77.4
1627795996205,100.0,22.6,77.4
1627795996354,100.0,23.0,77.0
1627795997161,100.0,21.5,78.5
1627795997808,100.0,21.5,78.5
1627795998120,100.0,21.5,78.5
1627795998340,100.0,21.9,78.1
1627795998498,100.0,21.9,78.1
1627795998731,100.0,22.3,77.7
1627795998908,98.9,21.5,77.4
1627795999081,100.0,21.5,78.5
1627795999356,100.0,21.5,78.5
1627795999527,100.0,21.9,78.1
1627795999699,100.0,23.0,77.0
1627795999884,100.0,23.0,77.0
1627796000043,100.0,23.4,76.6
1627796000232,100.0,23.7,76.3
1627796000391,100.0,24.1,75.9
1627796000606,100.0,24.1,75.9
1627796000851,100.0,51.5,48.5
1627796001023,100.0,51.8,48.2
1627796001214,100.0,52.6,47.4
1627796001443,100.0,52.6,47.4
1627796001637,100.0,52.9,47.1
1627796002359,100.0,52.6,47.4
1627796002626,100.0,52.9,47.1
1627796002868,100.0,54.4,45.6
1627796003366,100.0,54.4,45.6
1627796005638,100.0,54.4,45.6
1627796005821,100.0,54.7,45.3
1627796006021,100.0,55.1,44.9
1627796006196,100.0,55.5,44.5
1627796006439,99.3,54.7,44.5
1627796006890,100.0,54.4,45.6
1627796007089,100.0,54.7,45.3
1627796007278,100.0,82.1,17.9
1627796007427,99.6,82.8,16.8
1627796007901,100.0,81.0,19.0
1627796008051,100.0,81.4,18.6
1627796008248,100.0,81.8,18.2
1627796008423,100.0,82.1,17.9
1627796008606,100.0,82.1,17.9
1627796008796,100.0,82.1,17.9
1627796009005,74.5,55.1,19.3
1627796009213,77.4,55.5,21.9
1627796009368,79.6,55.8,23.7
1627796009627,84.3,56.2,28.1
1627796009764,88.3,56.6,31.8
1627796009970,90.9,56.9,33.9
1627796010114,90.9,56.9,33.9
1627796010278,93.4,57.3,36.1
1627796010465,94.9,57.3,37.6
1627796010641,97.4,57.7,39.8
1627796010815,97.8,58.0,39.8
1627796011031,100.0,58.4,41.6
1627796011191,100.0,58.8,41.2
1627796011394,100.0,58.8,41.2
1627796011981,100.0,59.1,40.9
1627796012164,100.0,59.5,40.5
1627796012316,100.0,61.3,38.7
1627796012526,100.0,61.7,38.3
1627796012723,100.0,62.0,38.0
1627796012847,100.0,62.0,38.0
1627796013023,99.6,61.7,38.0
1627796013179,74.5,34.3,40.1
1627796013290,77.7,34.7,43.1
1627796013486,79.9,35.0,44.9
1627796013683,81.8,35.4,46.4
1627796013840,82.8,35.4,47.4
1627796014084,85.0,35.8,49.3
1627796014283,85.0,35.8,49.3
1627796014496,86.9,35.0,51.8
1627796014650,87.2,35.0,52.2
1627796014831,92.0,38.0,54.0
1627796015016,92.0,38.0,54.0
1627796015146,94.5,38.0,56.6
1627796015281,96.7,38.3,58.4
1627796015471,98.9,38.3,60.6
1627796015692,100.0,63.9,36.1
1627796015859,99.6,63.5,36.1
1627796016548,99.6,60.9,38.7
1627796017071,100.0,58.8,41.2
1627796017527,99.6,56.6,43.1
1627796017693,100.0,56.6,43.4
1627796018063,100.0,79.9,20.1
1627796018536,100.0,79.9,20.1
1627796019046,100.0,79.9,20.1
1627796019553,100.0,79.9,20.1
1627796020081,98.9,78.8,20.1
1627796020372,100.0,79.2,20.8
1627796020565,99.6,79.2,20.4
1627796020744,100.0,79.6,20.4
1627796020918,100.0,79.9,20.1
1627796021137,100.0,79.9,20.1
1627796021331,98.9,79.2,19.7
1627796021567,75.9,53.3,22.6
1627796022123,82.8,53.3,29.6
1627796022320,83.6,53.6,29.9
1627796022505,86.1,53.6,32.5
1627796022687,86.1,53.6,32.5
1627796022880,88.3,54.0,34.3
1627796023015,92.0,54.4,37.6
1627796023168,92.3,54.7,37.6
1627796023381,94.5,55.1,39.4
1627796023600,96.7,55.5,41.2
1627796023779,99.3,55.8,43.4
1627796023929,99.6,56.2,43.4
1627796024131,95.3,49.3,46.0
1627796024280,97.8,49.6,48.2
1627796024412,100.0,50.0,50.0
1627796024593,100.0,50.4,49.6
1627796024772,100.0,50.4,49.6
1627796024951,100.0,50.7,49.3
1627796025163,100.0,51.1,48.9
1627796025391,100.0,51.5,48.5
1627796025562,100.0,51.8,48.2
1627796025725,100.0,51.8,48.2
1627796025901,100.0,52.9,47.1
1627796026107,100.0,52.9,47.1
1627796026343,99.3,51.8,47.4
1627796026546,100.0,51.8,48.2
1627796026740,74.5,26.3,48.2
1627796026954,76.3,26.6,49.6
1627796027133,78.5,26.6,51.8
1627796027335,79.2,26.6,52.6
1627796027479,79.2,26.6,52.6
1627796027665,81.8,27.0,54.7
1627796027959,84.7,27.0,57.7
1627796028139,85.4,27.0,58.4
1627796028450,91.2,27.4,63.9
1627796028595,91.6,27.7,63.9
1627796028729,92.3,27.7,64.6
1627796028924,94.5,28.1,66.4
1627796029135,94.9,28.5,66.4
1627796029379,96.7,27.0,69.7
1627796029957,100.0,27.0,73.0
1627796030134,100.0,27.4,72.6
1627796030385,99.6,27.7,71.9
1627796030566,100.0,28.1,71.9
1627796031223,99.3,24.1,75.2
1627796031401,99.6,24.1,75.5
1627796031595,99.6,24.1,75.5
1627796032061,100.0,49.3,50.7
1627796032236,100.0,51.5,48.5
1627796032415,100.0,50.7,49.3
1627796032554,100.0,51.8,48.2
1627796032882,100.0,52.2,47.8
1627796033041,99.6,52.2,47.4
1627796033275,100.0,52.6,47.4
1627796033474,100.0,52.9,47.1
1627796033632,100.0,53.3,46.7
1627796033787,100.0,53.6,46.4
1627796033982,100.0,53.6,46.4
1627796034165,100.0,54.0,46.0
1627796034431,100.0,54.0,46.0
1627796034692,100.0,54.4,45.6
1627796034877,100.0,54.7,45.3
1627796035063,100.0,55.1,44.9
1627796035243,100.0,55.5,44.5
1627796035529,100.0,55.8,44.2
1627796035788,100.0,56.9,43.1
1627796035987,100.0,56.9,43.1
1627796036187,100.0,57.3,42.7
1627796036362,100.0,58.0,42.0
1627796036525,100.0,58.0,42.0
1627796036721,100.0,58.0,42.0
1627796036866,100.0,58.4,41.6
1627796037065,100.0,58.8,41.2
1627796037255,100.0,59.5,40.5
1627796037467,100.0,59.9,40.1
1627796037641,100.0,59.9,40.1
1627796037842,100.0,60.2,39.8
1627796038060,100.0,60.2,39.8
1627796038252,100.0,60.2,39.8
1627796038534,100.0,60.6,39.4
1627796038693,98.2,59.1,39.1
1627796038928,99.3,59.1,40.1
1627796039171,100.0,59.5,40.5
1627796039363,100.0,59.9,40.1
1627796039542,99.6,59.5,40.1
1627796039717,100.0,59.9,40.1
1627796039902,98.5,56.9,41.6
1627796040084,100.0,57.3,42.7
1627796040339,99.6,57.3,42.3
1627796040533,100.0,57.7,42.3
1627796040735,99.6,57.7,42.0
1627796040951,72.6,28.5,44.2
1627796041200,75.5,28.5,47.1
1627796041429,78.1,28.8,49.3
1627796041765,81.0,28.1,52.9
1627796042000,79.2,26.3,52.9
1627796042332,79.2,24.8,54.4
1627796042861,90.5,24.8,65.7
1627796043343,100.0,24.8,75.2
1627796043597,99.3,24.5,74.8
1627796043873,100.0,23.7,76.3
1627796044378,100.0,23.7,76.3
1627796044680,100.0,24.1,75.9
1627796044860,100.0,24.5,75.5
1627796045041,100.0,24.5,75.5
1627796045226,100.0,24.8,75.2
1627796045367,100.0,25.2,74.8
1627796045660,98.9,24.1,74.8
1627796045878,100.0,23.7,76.3
1627796046389,100.0,22.6,77.4
1627796046881,100.0,22.3,77.7
1627796047375,100.0,21.9,78.1
1627796047958,100.0,21.2,78.8
1627796048443,100.0,21.2,78.8
1627796048922,100.0,20.8,79.2
1627796049930,98.9,11.3,87.6
1627796050469,100.0,11.3,88.7
1627796050945,100.0,11.3,88.7
1627796051414,100.0,9.49,90.5
1627796051925,100.0,9.12,90.9
1627796052479,100.0,8.76,91.2
1627796052759,100.0,9.12,90.9
1627796052935,99.6,9.12,90.5
1627796053152,100.0,9.49,90.5
1627796053364,100.0,9.85,90.1
1627796053636,100.0,9.85,90.1
1627796053932,99.3,9.49,89.8
1627796054077,99.6,8.76,90.9
1627796054438,100.0,8.76,91.2
1627796055007,100.0,8.76,91.2
1627796055520,100.0,8.76,91.2
1627796056004,100.0,8.76,91.2
1627796056460,100.0,8.76,91.2
1627796056707,100.0,9.12,90.9
1627796056997,100.0,23.4,76.6
1627796057301,100.0,23.7,76.3
1627796057460,100.0,24.1,75.9
1627796057646,100.0,24.1,75.9
1627796057854,100.0,24.5,75.5
1627796058073,100.0,24.8,75.2
1627796058258,100.0,24.8,75.2
1627796058457,100.0,25.2,74.8
1627796058610,100.0,25.2,74.8
1627796059016,100.0,25.2,74.8
1627796059542,99.6,24.5,75.2
1627796060055,100.0,24.5,75.5
1627796060564,100.0,24.5,75.5
1627796060853,86.9,10.2,76.6
1627796061053,90.1,10.6,79.6
1627796061229,90.1,10.6,79.6
1627796061360,91.6,10.9,80.7
1627796061548,90.9,10.2,80.7
1627796062038,95.6,9.85,85.8
1627796062215,96.0,10.2,85.8
1627796062554,98.2,10.2,88.0
1627796063069,99.6,10.2,89.4
1627796063530,100.0,10.2,89.8
1627796063787,98.9,9.12,89.8
1627796064114,99.6,9.85,89.8
1627796064556,100.0,9.85,90.1
1627796065067,100.0,9.85,90.1
1627796065230,100.0,10.2,89.8
1627796065558,100.0,9.49,90.5
1627796066067,100.0,9.12,90.9
1627796066597,100.0,8.39,91.6
1627796067117,100.0,8.39,91.6
1627796068111,99.3,7.66,91.6
1627796068915,100.0,6.93,93.1
1627796069058,100.0,7.3,92.7
1627796069294,100.0,7.66,92.3
1627796070109,100.0,6.93,93.1
1627796071144,100.0,6.2,93.8
1627796072129,100.0,6.2,93.8
1627796073153,99.6,5.84,93.8
1627796074165,100.0,5.84,94.2
1627796074387,98.9,5.11,93.8
1627796074567,99.3,5.47,93.8
1627796075127,100.0,5.84,94.2
1627796076166,100.0,5.84,94.2
1627796076954,100.0,5.84,94.2
1627796077159,100.0,6.2,93.8
1627796077343,100.0,6.57,93.4
1627796078191,100.0,5.84,94.2
1627796079157,100.0,5.84,94.2
1627796080198,100.0,5.84,94.2
1627796080681,99.6,4.74,94.9
1627796081158,100.0,4.74,95.3
1627796081661,100.0,4.74,95.3
1627796082225,100.0,4.74,95.3
1627796082689,100.0,4.38,95.6
1627796082872,100.0,4.74,95.3
1627796083237,100.0,25.5,74.5
1627796084207,100.0,25.5,74.5
1627796085033,100.0,25.5,74.5
1627796085233,100.0,25.9,74.1
1627796085471,100.0,26.3,73.7
1627796086205,100.0,25.5,74.5
1627796087014,100.0,25.5,74.5
1627796087268,100.0,25.9,74.1
1627796087445,100.0,26.3,73.7
1627796087656,100.0,26.6,73.4
1627796087871,99.3,25.9,73.4
1627796088028,100.0,25.9,74.1
1627796088234,99.6,26.3,73.4
1627796088445,100.0,26.6,73.4
1627796088742,100.0,26.6,73.4
1627796089265,99.6,26.3,73.4
1627796089762,100.0,25.9,74.1
1627796090181,100.0,25.9,74.1
1627796090321,100.0,27.7,72.3
1627796090735,100.0,27.7,72.3
1627796091310,100.0,27.4,72.6
1627796091777,100.0,27.4,72.6
1627796092264,100.0,27.4,72.6
1627796092776,100.0,27.4,72.6
1627796093068,100.0,27.7,72.3
1627796093439,100.0,28.1,71.9
1627796093676,100.0,28.1,71.9
1627796093902,99.3,27.4,71.9
1627796094277,100.0,27.4,72.6
1627796094464,100.0,27.7,72.3
1627796094775,100.0,27.7,72.3
1627796095285,100.0,27.7,72.3
1627796095830,100.0,27.7,72.3
1627796096060,100.0,28.1,71.9
1627796096342,100.0,28.5,71.5
1627796096468,100.0,28.5,71.5
1627796096835,100.0,27.7,72.3
1627796096979,100.0,28.1,71.9
1627796097149,100.0,28.5,71.5
1627796097406,100.0,28.8,71.2
1627796097625,100.0,28.8,71.2
1627796097850,100.0,28.8,71.2
1627796098091,100.0,29.2,70.8
1627796098308,100.0,29.6,70.4
1627796098544,100.0,29.9,70.1
1627796098754,100.0,29.9,70.1
1627796098911,100.0,30.3,69.7
1627796099094,100.0,30.7,69.3
1627796099263,100.0,31.0,69.0
1627796099455,99.6,31.0,68.6
1627796099667,99.6,30.7,69.0
1627796099831,100.0,30.7,69.3
1627796099972,100.0,31.0,69.0
1627796100186,100.0,31.0,69.0
1627796100461,100.0,31.4,68.6
1627796100693,100.0,31.8,68.2
1627796100887,100.0,31.8,68.2
1627796101197,100.0,31.8,68.2
1627796101351,100.0,32.1,67.9
1627796101589,100.0,32.1,67.9
1627796101817,100.0,32.5,67.5
1627796101975,100.0,32.8,67.2
1627796102130,98.9,31.8,67.2
1627796102377,99.6,31.4,68.2
1627796102900,100.0,31.0,69.0
1627796103172,100.0,31.4,68.6
1627796103422,100.0,31.4,68.6
1627796103728,100.0,31.8,68.2
1627796103898,100.0,31.8,68.2
1627796104053,100.0,32.1,67.9
1627796104197,100.0,32.5,67.5
1627796104410,100.0,32.8,67.2
1627796104569,100.0,32.8,67.2
1627796105154,100.0,33.2,66.8
1627796105404,100.0,33.6,66.4
1627796105621,100.0,33.9,66.1
1627796105913,100.0,34.3,65.7
1627796106167,100.0,34.7,65.3
1627796106364,100.0,35.0,65.0
1627796106502,100.0,35.4,64.6
1627796106681,100.0,35.8,64.2
1627796106851,100.0,36.1,63.9
1627796107067,100.0,36.5,63.5
1627796107299,100.0,36.9,63.1
1627796107480,100.0,37.2,62.8
1627796107653,100.0,37.6,62.4
1627796107837,100.0,38.0,62.0
1627796108082,100.0,38.3,61.7
1627796108338,100.0,38.7,61.3
1627796108662,99.3,38.0,61.3
1627796108867,100.0,37.6,62.4
1627796109038,98.9,36.5,62.4
1627796109236,98.2,34.7,63.5
1627796109432,99.3,34.3,65.0
1627796109604,100.0,35.0,65.0
1627796109739,100.0,35.4,64.6
1627796109898,100.0,35.8,64.2
1627796110142,100.0,35.8,64.2
1627796110356,100.0,36.1,63.9
1627796110575,100.0,36.5,63.5
1627796110770,100.0,36.5,63.5
1627796111054,99.6,36.5,63.1
1627796111245,100.0,36.1,63.9
1627796111397,100.0,36.1,63.9
1627796111587,100.0,36.5,63.5
1627796111754,100.0,36.5,63.5
1627796111939,100.0,36.9,63.1
1627796112125,98.9,35.8,63.1
1627796112316,99.6,35.8,63.9
1627796112495,100.0,36.1,63.9
1627796112702,99.3,35.0,64.2
1627796112928,99.6,35.0,64.6
1627796113208,98.5,33.6,65.0
1627796113440,94.9,29.6,65.3
1627796113593,96.4,29.2,67.2
1627796113754,97.1,29.6,67.5
1627796113905,98.2,29.6,68.6
1627796114057,99.6,31.0,68.6
1627796114234,100.0,32.5,67.5
1627796114452,100.0,33.9,66.1
1627796114650,100.0,35.4,64.6
1627796114839,100.0,36.9,63.1
1627796115009,100.0,38.3,61.7
1627796115224,100.0,39.8,60.2
1627796115470,100.0,41.2,58.8
1627796115742,100.0,42.7,57.3
1627796115996,100.0,44.2,55.8
1627796116233,100.0,44.5,55.5
1627796116387,100.0,46.0,54.0
1627796116516,100.0,47.4,52.6
1627796116699,100.0,48.9,51.1
1627796116868,100.0,50.4,49.6
1627796117055,100.0,51.5,48.5
1627796117317,100.0,52.9,47.1
1627796117509,100.0,54.4,45.6
1627796117717,100.0,55.8,44.2
1627796117932,100.0,57.3,42.7
1627796118181,100.0,58.8,41.2
1627796118394,100.0,59.1,40.9
1627796118542,100.0,60.6,39.4
1627796118708,100.0,62.0,38.0
1627796118836,100.0,63.5,36.5
1627796119076,100.0,65.0,35.0
1627796119220,100.0,66.4,33.6
1627796119432,99.6,67.5,32.1
1627796119599,100.0,68.6,31.4
1627796119823,100.0,70.1,29.9
1627796120007,100.0,71.5,28.5
1627796120264,100.0,73.0,27.0
1627796120585,98.5,71.9,26.6
1627796120803,100.0,71.9,28.1
1627796120954,100.0,71.5,28.5
1627796121114,100.0,71.5,28.5
1627796121277,100.0,71.9,28.1
1627796121436,100.0,71.9,28.1
1627796121607,100.0,72.3,27.7
1627796121801,100.0,72.6,27.4
1627796122014,99.3,71.5,27.7
1627796122194,99.6,71.5,28.1
1627796122379,100.0,71.5,28.5
1627796122593,99.6,71.5,28.1
1627796122781,100.0,71.9,28.1
1627796123012,100.0,71.9,28.1
1627796123152,100.0,71.9,28.1
1627796123330,100.0,71.2,28.8
1627796123558,100.0,72.3,27.7
1627796123701,100.0,72.6,27.4
1627796123886,100.0,73.0,27.0
1627796124035,100.0,74.5,25.5
1627796124189,100.0,75.5,24.5
1627796124376,100.0,77.0,23.0
1627796124553,100.0,77.4,22.6
1627796124841,100.0,78.8,21.2
1627796125060,100.0,80.3,19.7
1627796125216,100.0,80.3,19.7
1627796125423,93.4,73.0,20.4
1627796125606,87.2,66.1,21.2
1627796125796,84.7,62.0,22.6
1627796125951,89.8,64.6,25.2
1627796126130,83.6,58.4,25.2
1627796126313,76.3,48.2,28.1
1627796126514,73.4,42.3,31.0
1627796126692,73.7,42.7,31.0
1627796126867,73.7,42.7,31.0
1627796127107,74.1,42.3,31.8
1627796127283,76.6,42.7,33.9
1627796127419,79.6,43.1,36.5
1627796127572,79.6,43.1,36.5
1627796127730,82.5,43.4,39.1
1627796127907,82.8,43.8,39.1
1627796128098,83.9,42.3,41.6
1627796128269,84.7,42.7,42.0
1627796128488,86.9,42.3,44.5
1627796128720,86.9,42.3,44.5
1627796128837,90.9,42.7,48.2
1627796129047,92.0,42.7,49.3
1627796129236,90.9,40.9,50.0
1627796129456,89.8,39.1,50.7
1627796129656,86.1,35.0,51.1
1627796129869,85.8,33.2,52.6
1627796130327,88.7,33.2,55.5
1627796130871,86.9,27.4,59.5
1627796131392,90.5,27.4,63.1
1627796131875,92.7,27.4,65.3
1627796132032,93.4,27.7,65.7
1627796132337,96.7,27.7,69.0
1627796132897,99.3,27.4,71.9
1627796133126,100.0,27.7,72.3
1627796133401,100.0,28.8,71.2
1627796133682,100.0,29.2,70.8
1627796133865,100.0,29.6,70.4
1627796134022,100.0,29.6,70.4
1627796134203,100.0,29.9,70.1
1627796134388,100.0,30.3,69.7
1627796134570,99.3,29.6,69.7
1627796134958,99.6,28.8,70.8
1627796135910,100.0,28.5,71.5
1627796136568,99.6,28.5,71.2
1627796136927,100.0,28.5,71.5
1627796137471,100.0,28.5,71.5
1627796137961,99.6,27.7,71.9
1627796138430,100.0,27.7,72.3
1627796138994,100.0,27.7,72.3
1627796139432,100.0,27.7,72.3
1627796139975,81.0,6.57,74.5
1627796140426,84.3,6.57,77.7
1627796140990,86.9,6.57,80.3
1627796141229,88.3,5.47,82.8
1627796141487,90.1,5.84,84.3
1627796141721,91.6,7.3,84.3
1627796141929,93.4,8.39,85.0
1627796142162,96.4,8.76,87.6
1627796142328,97.1,9.12,88.0
1627796142548,98.9,9.12,89.8
1627796142738,100.0,9.49,90.5
1627796142906,100.0,9.85,90.1
1627796143087,99.3,8.76,90.5
1627796143245,100.0,8.76,91.2
1627796143538,100.0,8.39,91.6
1627796144008,100.0,8.39,91.6
1627796144476,100.0,8.39,91.6
1627796145005,100.0,8.39,91.6
1627796145181,100.0,8.76,91.2
1627796145454,100.0,12.8,87.2
1627796145763,100.0,14.2,85.8
1627796145946,100.0,15.3,84.7
1627796146123,100.0,16.8,83.2
1627796146285,100.0,18.2,81.8
1627796146510,100.0,19.7,80.3
1627796146715,100.0,21.2,78.8
1627796146875,100.0,21.5,78.5
1627796147046,100.0,23.0,77.0
1627796147265,100.0,23.4,76.6
1627796147454,100.0,23.7,76.3
1627796147635,100.0,24.1,75.9
1627796147866,100.0,24.5,75.5
1627796148067,100.0,24.8,75.2
1627796148268,100.0,25.2,74.8
1627796148498,100.0,25.2,74.8
1627796148695,100.0,25.5,74.5
1627796148964,99.6,25.5,74.1
1627796149121,100.0,24.1,75.9
1627796149285,100.0,38.3,61.7
1627796149438,99.6,38.3,61.3
1627796149609,100.0,38.7,61.3
1627796149775,100.0,38.7,61.3
1627796149954,97.1,35.8,61.3
1627796150144,99.3,35.8,63.5
1627796150342,100.0,43.1,56.9
1627796150537,100.0,43.4,56.6
1627796150712,100.0,43.4,56.6
1627796150914,100.0,43.8,56.2
1627796151167,99.6,43.4,56.2
1627796151329,100.0,43.1,56.9
1627796151550,100.0,43.1,56.9
1627796151676,100.0,43.4,56.6
1627796151954,100.0,44.9,55.1
1627796152095,100.0,45.3,54.7
1627796152294,99.6,46.7,52.9
1627796152595,99.6,46.7,52.9
1627796153128,100.0,46.7,53.3
1627796153378,94.5,41.6,52.9
1627796153687,96.7,41.6,55.1
1627796153922,97.1,40.1,56.9
1627796154167,94.5,35.8,58.8
1627796154342,96.0,35.8,60.2
1627796154548,98.5,36.9,61.7
1627796154737,99.3,36.1,63.1
1627796154992,100.0,36.5,63.5
1627796155222,100.0,38.0,62.0
1627796155447,99.3,38.7,60.6
1627796155682,99.6,38.0,61.7
1627796155914,100.0,38.3,61.7
1627796156114,100.0,39.8,60.2
1627796156296,100.0,40.9,59.1
1627796156499,100.0,42.3,57.7
1627796156705,99.6,42.3,57.3
1627796156869,99.6,41.2,58.4
1627796157254,100.0,41.2,58.8
1627796157732,100.0,41.2,58.8
1627796158012,100.0,41.6,58.4
1627796158164,100.0,42.0,58.0
1627796158347,100.0,42.0,58.0
1627796158558,100.0,42.3,57.7
1627796158719,100.0,42.7,57.3
1627796158989,99.3,42.0,57.3
1627796159277,99.6,41.2,58.4
1627796159752,99.3,39.1,60.2
1627796159976,100.0,39.4,60.6
1627796160252,100.0,39.4,60.6
1627796160726,100.0,39.4,60.6
1627796161289,100.0,38.7,61.3
1627796161523,100.0,39.1,60.9
1627796161751,100.0,39.4,60.6
1627796161967,100.0,40.9,59.1
1627796162196,100.0,42.3,57.7
1627796162388,98.5,42.3,56.2
1627796162538,100.0,44.2,55.8
1627796162690,100.0,46.0,54.0
1627796162814,100.0,46.4,53.6
1627796163042,100.0,48.2,51.8
1627796163217,97.1,47.1,50.0
1627796163437,100.0,48.9,51.1
1627796163671,99.6,50.4,49.3
1627796163893,100.0,50.4,49.6
1627796164068,100.0,50.7,49.3
1627796164350,100.0,52.6,47.4
1627796164555,100.0,51.1,48.9
1627796164706,100.0,52.9,47.1
1627796164848,100.0,54.7,45.3
1627796165006,100.0,56.2,43.8
1627796165132,100.0,56.6,43.4
1627796165365,98.2,56.6,41.6
1627796165569,97.8,53.6,44.2
1627796165763,98.2,54.0,44.2
1627796166011,100.0,58.0,42.0
1627796166201,100.0,62.0,38.0
1627796166339,100.0,62.0,38.0
1627796166525,100.0,62.0,38.0
1627796166738,100.0,62.0,38.0
1627796167519,100.0,62.4,37.6
1627796167705,100.0,62.4,37.6
1627796167865,100.0,62.8,37.2
1627796168102,100.0,63.1,36.9
1627796168361,98.5,61.7,36.9
1627796168569,99.6,62.0,37.6
1627796168755,100.0,62.0,38.0
1627796168928,99.6,61.7,38.0
1627796169084,99.3,61.3,38.0
1627796169241,100.0,61.7,38.3
1627796169391,100.0,63.5,36.5
1627796169581,100.0,65.3,34.7
1627796169784,100.0,67.5,32.5
1627796169937,100.0,67.5,32.5
1627796170147,100.0,67.9,32.1
1627796170360,100.0,69.7,30.3
1627796170649,100.0,70.1,29.9
1627796170888,96.7,70.8,25.9
1627796171068,98.2,70.4,27.7
1627796171250,98.2,70.4,27.7
1627796171462,94.5,63.5,31.0
1627796171651,88.7,57.3,31.4
1627796171846,91.2,57.3,33.9
1627796172101,92.3,55.5,36.9
1627796172291,96.7,57.3,39.4
1627796172500,97.8,57.7,40.1
1627796172711,97.4,56.2,41.2
1627796172907,97.4,54.4,43.1
1627796173170,91.6,45.3,46.4
1627796173442,94.5,45.3,49.3
1627796173666,97.1,45.6,51.5
1627796173948,97.1,45.6,51.5
1627796174289,99.6,45.6,54.0
1627796174495,99.6,45.6,54.0
1627796174737,100.0,46.0,54.0
1627796174917,100.0,46.4,53.6
1627796175102,100.0,46.7,53.3
1627796175342,98.9,45.6,53.3
1627796175544,100.0,45.6,54.4
1627796175723,100.0,45.6,54.4
1627796175963,100.0,45.6,54.4
1627796176510,100.0,45.6,54.4
1627796176966,100.0,45.6,54.4
1627796177135,100.0,46.0,54.0
1627796177477,97.1,55.5,41.6
1627796177800,97.4,53.6,43.8
1627796178054,96.0,60.6,35.4
1627796178488,100.0,60.6,39.4
1627796178664,100.0,60.9,39.1
1627796178873,100.0,61.3,38.7
1627796179081,100.0,61.7,38.3
1627796179371,100.0,62.0,38.0
1627796179558,100.0,62.4,37.6
1627796179732,95.6,58.4,37.2
1627796180031,99.6,58.0,41.6
1627796180584,100.0,58.0,42.0
1627796181062,100.0,58.0,42.0
1627796181522,87.2,44.2,43.1
1627796182023,92.0,44.2,47.8
1627796182273,92.3,44.5,47.8
1627796182424,96.4,45.6,50.7
1627796182659,100.0,46.0,54.0
1627796182912,100.0,46.0,54.0
1627796183238,100.0,46.4,53.6
1627796183468,100.0,46.7,53.3
1627796183664,99.3,46.0,53.3
1627796183904,100.0,46.0,54.0
1627796184111,100.0,46.0,54.0
1627796184350,99.6,44.5,55.1
1627796184577,100.0,44.5,55.5
1627796184740,100.0,44.9,55.1
1627796185125,100.0,44.5,55.5
1627796185623,99.6,42.3,57.3
1627796186089,92.3,31.4,60.9
1627796186640,92.3,31.0,61.3
1627796187155,93.1,29.9,63.1
1627796187300,94.5,30.3,64.2
1627796187664,97.8,30.3,67.5
1627796188153,100.0,30.3,69.7
1627796188656,100.0,29.9,70.1
1627796189158,100.0,29.9,70.1
1627796189380,100.0,30.3,69.7
1627796189545,100.0,30.7,69.3
1627796189760,100.0,31.0,69.0
1627796189970,100.0,31.4,68.6
1627796190170,100.0,42.0,58.0
1627796190519,99.6,42.0,57.7
1627796190787,100.0,42.3,57.7
1627796190992,100.0,43.1,56.9
1627796191190,100.0,43.4,56.6
1627796191347,100.0,43.4,56.6
1627796191533,100.0,43.8,56.2
1627796191696,100.0,44.2,55.8
1627796191878,99.3,43.1,56.2
1627796192061,100.0,42.7,57.3
1627796192237,100.0,42.7,57.3
1627796192431,99.6,42.3,57.3
1627796192719,99.6,42.3,57.3
1627796192932,100.0,42.7,57.3
1627796193153,100.0,43.1,56.9
1627796193415,98.9,42.3,56.6
1627796193591,100.0,42.7,57.3
1627796193778,100.0,43.1,56.9
1627796193997,98.9,42.3,56.6
1627796194245,99.6,42.3,57.3
1627796194750,100.0,41.6,58.4
1627796195056,100.0,42.0,58.0
1627796195265,99.6,42.0,57.7
1627796195794,100.0,41.6,58.4
1627796196223,100.0,41.6,58.4
1627796196817,100.0,41.6,58.4
1627796197270,100.0,41.6,58.4
1627796197700,100.0,41.6,58.4
1627796197907,100.0,42.7,57.3
1627796198166,100.0,43.8,56.2
1627796198837,100.0,44.2,55.8
1627796198961,100.0,44.2,55.8
1627796199137,100.0,44.5,55.5
1627796199280,100.0,44.5,55.5
1627796199427,100.0,44.9,55.1
1627796199608,99.6,44.9,54.7
1627796199831,99.3,44.5,54.7
1627796200059,100.0,44.2,55.8
1627796200408,100.0,44.2,55.8
1627796200826,100.0,43.4,56.6
1627796201283,100.0,43.4,56.6
1627796201838,100.0,43.4,56.6
1627796202348,100.0,43.4,56.6
1627796202849,100.0,43.4,56.6
1627796203341,100.0,42.3,57.7
1627796203483,100.0,43.4,56.6
1627796203876,100.0,43.4,56.6
1627796204118,100.0,44.9,55.1
1627796204414,85.8,30.3,55.5
1627796204914,87.6,30.3,57.3
1627796205354,90.1,26.3,63.9
1627796205856,90.1,24.1,66.1
1627796206085,92.0,24.5,67.5
1627796206440,94.5,25.5,69.0
1627796206715,90.5,18.6,71.9
1627796206956,94.2,19.0,75.2
1627796207101,94.2,19.0,75.2
1627796207292,94.5,19.3,75.2
1627796207443,95.6,19.7,75.9
1627796207642,96.4,18.6,77.7
1627796208079,97.4,18.6,78.8
1627796208442,98.9,19.0,79.9
1627796209381,100.0,17.2,82.8
1627796209755,100.0,17.5,82.5
1627796209960,100.0,17.9,82.1
1627796210434,100.0,17.2,82.8
1627796210882,100.0,17.2,82.8
1627796211448,98.5,16.1,82.5
1627796212441,100.0,14.6,85.4
1627796212925,100.0,14.6,85.4
1627796213444,100.0,15.0,85.0
1627796214425,100.0,15.0,85.0
1627796214860,99.3,14.6,84.7
1627796215079,100.0,15.0,85.0
1627796215499,100.0,14.6,85.4
1627796217490,100.0,14.3,85.7
1627796218490,100.0,14.3,85.7
1627796219494,100.0,13.2,86.8
1627796220431,100.0,13.2,86.8
1627796220567,100.0,13.6,86.4
1627796220785,100.0,13.9,86.1
1627796221029,100.0,13.2,86.8
1627796221536,100.0,13.2,86.8
1627796222085,89.4,2.2,87.2
1627796222287,90.5,2.56,87.9
1627796222419,94.1,2.93,91.2
1627796222593,93.8,2.56,91.2
1627796222833,97.4,2.93,94.5
1627796223002,97.8,3.3,94.5
1627796223182,97.8,3.3,94.5
1627796223322,99.6,3.66,96.0
1627796223508,100.0,4.03,96.0
1627796223750,98.9,2.56,96.3
1627796224130,99.6,2.56,97.1
1627796224590,100.0,2.56,97.4
1627796224801,100.0,2.93,97.1
1627796225141,100.0,13.6,86.4
1627796225391,100.0,28.2,71.8
1627796225966,100.0,28.2,71.8
1627796226219,100.0,28.6,71.4
1627796227086,100.0,28.6,71.4
1627796228128,100.0,28.6,71.4
1627796228538,100.0,28.6,71.4
1627796229088,100.0,28.9,71.1
1627796230155,100.0,28.6,71.4
1627796230906,100.0,28.6,71.4
1627796231033,100.0,28.9,71.1
1627796231181,100.0,29.3,70.7
1627796231360,85.0,14.7,70.3
1627796231592,85.3,13.9,71.4
1627796232182,86.8,13.9,72.9
1627796232665,91.2,13.9,77.3
1627796233130,85.3,2.93,82.4
1627796233305,100.0,17.9,82.1
1627796234149,100.0,17.6,82.4
1627796234343,100.0,18.3,81.7
1627796234559,100.0,18.7,81.3
1627796234711,100.0,21.6,78.4
1627796235142,100.0,27.1,72.9
1627796235415,100.0,27.5,72.5
1627796235822,100.0,44.7,55.3
1627796236063,100.0,45.1,54.9
1627796236233,100.0,50.5,49.5
1627796236437,100.0,50.9,49.1
1627796236662,100.0,50.9,49.1
1627796237176,100.0,50.2,49.8
1627796237691,100.0,50.2,49.8
1627796238251,100.0,50.2,49.8
1627796238668,100.0,50.2,49.8
1627796239009,81.0,30.0,50.9
1627796239159,82.1,30.0,52.0
1627796239346,83.5,30.4,53.1
1627796239493,85.7,30.8,54.9
1627796239692,86.1,31.1,54.9
1627796239942,85.3,29.7,55.7
1627796240249,89.0,29.7,59.3
1627796240744,93.4,29.7,63.7
1627796240985,93.8,30.0,63.7
1627796241284,94.9,30.0,64.8
1627796241725,96.7,30.0,66.7
1627796242243,99.3,29.3,70.0
1627796242762,91.9,20.5,71.4
1627796243242,94.5,20.5,74.0
1627796243802,80.2,2.93,77.3
1627796244279,84.2,2.93,81.3
1627796244762,87.2,2.93,84.2
1627796245291,91.2,2.93,88.3
1627796245501,91.6,3.3,88.3
1627796245802,91.6,3.3,88.3
1627796246299,93.0,3.3,89.7
1627796246794,94.9,3.3,91.6
1627796247174,96.3,2.93,93.4
1627796247412,97.8,3.3,94.5
1627796247603,98.5,3.3,95.2
1627796247802,98.9,3.66,95.2
1627796248029,99.6,3.66,96.0
1627796248219,98.5,2.56,96.0
1627796248415,100.0,2.93,97.1
1627796248849,100.0,2.56,97.4
1627796249053,100.0,2.93,97.1
1627796249375,99.3,2.56,96.7
1627796249708,100.0,2.93,97.1
1627796249931,100.0,3.3,96.7
1627796250262,100.0,2.93,97.1
1627796250465,100.0,3.66,96.3
1627796251118,100.0,4.03,96.0
1627796251331,100.0,4.4,95.6
1627796251539,100.0,4.4,95.6
1627796251735,100.0,4.76,95.2
1627796251947,100.0,4.4,95.6
1627796252148,99.6,4.4,95.2
1627796252365,99.6,4.03,95.6
1627796252845,99.6,4.03,95.6
1627796253443,99.6,3.66,96.0
1627796253911,99.6,3.66,96.0
1627796254262,99.6,3.66,96.0
1627796254451,100.0,11.4,88.6
1627796254862,100.0,11.4,88.6
1627796255195,100.0,11.7,88.3
1627796255375,100.0,12.1,87.9
1627796255562,100.0,12.1,87.9
1627796255839,100.0,12.5,87.5
1627796256159,100.0,12.8,87.2
1627796256421,99.3,11.7,87.5
1627796256588,100.0,11.7,88.3
1627796257317,100.0,11.0,89.0
1627796257509,100.0,11.4,88.6
1627796257747,100.0,11.7,88.3
1627796257984,99.6,11.4,88.3
1627796258258,100.0,11.4,88.6
1627796258454,100.0,11.7,88.3
1627796258633,100.0,12.1,87.9
1627796258808,100.0,12.5,87.5
1627796258982,100.0,12.8,87.2
1627796259156,100.0,13.2,86.8
1627796259320,100.0,13.6,86.4
1627796259519,99.6,13.2,86.4
1627796259759,98.9,12.5,86.4
1627796259939,100.0,12.5,87.5
1627796260208,100.0,12.8,87.2
1627796260413,100.0,13.2,86.8
1627796260600,100.0,13.2,86.8
1627796261300,100.0,57.1,42.9
1627796261445,100.0,57.1,42.9
1627796261646,98.5,56.0,42.5
1627796261824,100.0,56.4,43.6
1627796262004,100.0,56.8,43.2
1627796262159,99.6,56.6,43.1
1627796262415,100.0,56.9,43.1
1627796262635,100.0,57.3,42.7
1627796262826,100.0,58.8,41.2
1627796263036,100.0,59.1,40.9
1627796263239,100.0,59.1,40.9
1627796263395,96.5,56.6,39.9
1627796263597,98.6,56.9,41.7
1627796263770,99.3,57.3,42.0
1627796263977,100.0,57.3,42.7
1627796264154,100.0,57.6,42.4
1627796264384,100.0,58.0,42.0
1627796264602,100.0,58.0,42.0
1627796264828,100.0,58.3,41.7
1627796265023,100.0,58.7,41.3
1627796265218,100.0,58.7,41.3
1627796265408,100.0,59.0,41.0
1627796265552,100.0,59.4,40.6
1627796265734,99.0,58.3,40.6
1627796265912,100.0,58.3,41.7
1627796266067,100.0,58.7,41.3
1627796266285,100.0,58.7,41.3
1627796266497,100.0,58.7,41.3
1627796266724,100.0,59.0,41.0
1627796266950,99.7,59.0,40.6
1627796267261,100.0,58.7,41.3
1627796267492,100.0,58.7,41.3
1627796267727,99.7,58.3,41.3
1627796267915,99.7,57.6,42.0
1627796268078,98.3,56.3,42.0
1627796268279,98.6,56.6,42.0
1627796268413,99.0,56.9,42.0
1627796268604,100.0,57.3,42.7
1627796268877,100.0,57.6,42.4
1627796269065,100.0,57.6,42.4
1627796269303,99.3,57.3,42.0
1627796269510,99.3,56.9,42.4
1627796269744,99.7,55.6,44.1
1627796269919,100.0,55.6,44.4
1627796270117,100.0,55.9,44.1
1627796270300,100.0,55.9,44.1
1627796270514,100.0,56.3,43.8
1627796270684,100.0,56.6,43.4
1627796271213,99.7,56.6,43.1
1627796271466,100.0,56.9,43.1
1627796271956,100.0,57.3,42.7
1627796272125,100.0,57.3,42.7
1627796272302,100.0,57.6,42.4
1627796272483,100.0,58.0,42.0
1627796272674,100.0,58.3,41.7
1627796272855,99.3,57.3,42.0
1627796273100,99.7,56.9,42.7
1627796273285,100.0,56.9,43.1
1627796273476,100.0,56.9,43.1
1627796273703,58.0,15.3,42.7
1627796274162,59.7,15.3,44.4
1627796274648,65.3,15.3,50.0
1627796275190,72.2,15.3,56.9
1627796275490,74.0,15.3,58.7
1627796275790,83.7,25.0,58.7
1627796275954,84.7,25.3,59.4
1627796276233,84.0,24.7,59.4
1627796276734,87.2,24.7,62.5
1627796277260,88.9,24.7,64.2
1627796277757,93.4,24.7,68.8
1627796278219,95.5,24.3,71.2
1627796278760,97.2,24.3,72.9
1627796279269,99.0,24.3,74.7
1627796279529,100.0,24.7,75.3
1627796279766,100.0,25.0,75.0
1627796279976,100.0,26.7,73.3
1627796280186,100.0,27.1,72.9
1627796280372,100.0,27.1,72.9
1627796280527,100.0,27.4,72.6
1627796280718,100.0,27.4,72.6
1627796281091,99.0,26.7,72.2
1627796281310,100.0,26.7,73.3
1627796281581,100.0,27.1,72.9
1627796281754,100.0,29.5,70.5
1627796281978,99.7,29.2,70.5
1627796282268,99.7,29.2,70.5
1627796282472,99.7,28.8,70.8
1627796282669,100.0,29.2,70.8
1627796282878,100.0,29.2,70.8
1627796283308,100.0,29.2,70.8
1627796283868,89.6,18.1,71.5
1627796284279,93.8,18.1,75.7
1627796284813,95.8,18.1,77.8
1627796285189,96.9,18.4,78.5
1627796285427,97.6,18.4,79.2
1627796285849,97.9,18.1,79.9
1627796286299,100.0,18.1,81.9
1627796286458,100.0,18.4,81.6
1627796286744,100.0,18.1,81.9
1627796286941,100.0,18.4,81.6
1627796287370,99.7,18.1,81.6
1627796287688,100.0,18.4,81.6
1627796287891,100.0,18.8,81.3
1627796288108,100.0,18.8,81.3
1627796288239,100.0,19.1,80.9
1627796288412,100.0,19.4,80.6
1627796288662,99.3,18.4,80.9
1627796288908,100.0,18.4,81.6
1627796289130,100.0,18.4,81.6
1627796289439,100.0,18.8,81.3
1627796289875,100.0,18.4,81.6
1627796290344,100.0,18.4,81.6
1627796290945,100.0,18.1,81.9
1627796291394,100.0,18.1,81.9
1627796291847,100.0,18.1,81.9
1627796292491,100.0,18.4,81.6
1627796292724,100.0,18.8,81.3
1627796292943,99.7,19.8,79.9
1627796293161,100.0,19.8,80.2
1627796293372,100.0,19.4,80.6
1627796293939,100.0,19.4,80.6
1627796294373,100.0,19.4,80.6
1627796294974,100.0,18.8,81.3
1627796295501,99.7,18.8,80.9
1627796295768,100.0,19.1,80.9
1627796295910,100.0,19.4,80.6
1627796296098,100.0,19.4,80.6
1627796296285,100.0,19.8,80.2
1627796296512,100.0,20.1,79.9
1627796296756,99.3,19.4,79.9
1627796296996,99.7,18.8,80.9
1627796297487,100.0,18.4,81.6
1627796297729,100.0,18.8,81.3
1627796298000,100.0,18.8,81.3
1627796298447,100.0,18.8,81.3
1627796298972,100.0,18.8,81.3
1627796299531,100.0,18.8,81.3
1627796299976,100.0,18.4,81.6
1627796300459,100.0,18.4,81.6
1627796301021,100.0,18.4,81.6
1627796301553,100.0,18.4,81.6
1627796301986,100.0,18.4,81.6
1627796302499,100.0,18.4,81.6
1627796303107,99.7,17.7,81.9
1627796303555,99.7,17.7,81.9
1627796303816,100.0,18.1,81.9
1627796304044,99.7,18.1,81.6
1627796304275,99.7,16.3,83.3
1627796304514,100.0,16.7,83.3
1627796304718,100.0,16.7,83.3
1627796305002,99.0,15.6,83.3
1627796305231,99.3,14.9,84.4
1627796306091,100.0,14.6,85.4
1627796306539,100.0,14.6,85.4
1627796307093,100.0,13.9,86.1
1627796307611,100.0,13.9,86.1
1627796308059,100.0,13.9,86.1
1627796308583,100.0,13.9,86.1
1627796309120,100.0,13.9,86.1
1627796309585,99.3,13.2,86.1
1627796310108,100.0,13.2,86.8
1627796310604,100.0,12.2,87.8
1627796311179,92.3,4.88,87.5
1627796311632,94.4,4.88,89.5
1627796311965,95.8,5.23,90.6
1627796312115,96.5,5.57,90.9
1627796312274,98.3,5.57,92.7
1627796312472,98.6,5.92,92.7
1627796312749,98.6,5.92,92.7
1627796313011,99.0,5.23,93.7
1627796313185,99.0,5.23,93.7
1627796314144,100.0,4.88,95.1
1627796314647,100.0,4.88,95.1
1627796315159,100.0,4.88,95.1
1627796315657,100.0,4.88,95.1
1627796316156,100.0,4.88,95.1
1627796316315,100.0,5.57,94.4
1627796316682,100.0,5.57,94.4
1627796316875,100.0,5.92,94.1
1627796317171,99.3,5.23,94.1
1627796317399,99.7,5.57,94.1
1627796317660,99.7,5.57,94.1
1627796317795,100.0,5.92,94.1
1627796318193,100.0,5.92,94.1
1627796318742,100.0,5.57,94.4
1627796319211,100.0,5.57,94.4
1627796319721,100.0,5.23,94.8
1627796320003,100.0,3.83,96.2
1627796320179,100.0,4.18,95.8
1627796320397,100.0,4.18,95.8
1627796320635,100.0,4.53,95.5
1627796320949,99.7,4.53,95.1
1627796321193,99.0,3.83,95.1
1627796321451,96.2,1.05,95.1
1627796321791,98.6,0.6970000000000001,97.9
1627796322243,100.0,1.05,99.0
1627796323238,100.0,1.05,99.0
1627796324253,100.0,1.05,99.0
1627796325272,100.0,1.05,99.0
1627796325737,99.7,0.6970000000000001,99.0
1627796325971,100.0,2.09,97.9
1627796326149,100.0,2.44,97.6
1627796326350,100.0,2.79,97.2
1627796326522,100.0,3.14,96.9
1627796326724,100.0,3.48,96.5
1627796327101,98.6,2.44,96.2
1627796327321,99.0,2.44,96.5
1627796327592,99.7,3.48,96.2
1627796327866,98.6,2.44,96.2
1627796328052,100.0,2.44,97.6
1627796328211,100.0,2.44,97.6
1627796328410,99.7,2.44,97.2
1627796328652,100.0,2.79,97.2
1627796328834,100.0,3.14,96.9
1627796329147,100.0,3.48,96.5
1627796329396,99.3,2.79,96.5
1627796329626,99.0,2.44,96.5
1627796329819,99.7,2.09,97.6
1627796330051,99.7,2.09,97.6
1627796330306,100.0,2.09,97.9
1627796330926,100.0,2.09,97.9
1627796331361,100.0,2.09,97.9
1627796331577,100.0,2.44,97.6
1627796331758,100.0,3.14,96.9
1627796331969,100.0,5.23,94.8
1627796332150,100.0,5.92,94.1
1627796332332,99.7,5.92,93.7
1627796332721,100.0,5.92,94.1
1627796332887,100.0,6.62,93.4
1627796333182,100.0,6.97,93.0
1627796333371,100.0,11.1,88.9
1627796333590,100.0,11.5,88.5
1627796333913,100.0,10.8,89.2
1627796334351,100.0,10.8,89.2
1627796334867,100.0,10.8,89.2
1627796335343,100.0,10.8,89.2
1627796335881,100.0,10.8,89.2
1627796336187,100.0,11.1,88.9
1627796336349,100.0,11.5,88.5
1627796336529,100.0,11.5,88.5
1627796336703,100.0,11.8,88.2
1627796336974,100.0,11.8,88.2
1627796337249,98.6,10.8,87.8
1627796337455,99.3,10.8,88.5
1627796337869,100.0,38.0,62.0
1627796338893,100.0,37.6,62.4
1627796339149,100.0,38.0,62.0
1627796339698,100.0,39.0,61.0
1627796339913,100.0,39.4,60.6
1627796340632,100.0,39.4,60.6
1627796340895,100.0,40.1,59.9
1627796341141,100.0,40.4,59.6
1627796341821,100.0,39.7,60.3
1627796342044,100.0,40.4,59.6
1627796342235,100.0,41.1,58.9
1627796342427,100.0,41.5,58.5
1627796342906,100.0,41.1,58.9
1627796343106,100.0,41.5,58.5
1627796343474,100.0,41.5,58.5
1627796343951,100.0,41.8,58.2
1627796344426,100.0,41.8,58.2
1627796344918,100.0,41.8,58.2
1627796345611,100.0,41.8,58.2
1627796346020,100.0,42.2,57.8
1627796346921,100.0,42.2,57.8
1627796347189,100.0,42.5,57.5
1627796347659,100.0,42.2,57.8
1627796347941,98.3,40.8,57.5
1627796348437,99.7,40.8,58.9
1627796348626,100.0,41.1,58.9
1627796348851,100.0,47.0,53.0
1627796348978,100.0,47.4,52.6
1627796349168,95.8,42.9,53.0
1627796349520,75.3,19.5,55.7
1627796349968,75.3,18.8,56.4
1627796350469,77.7,18.8,58.9
1627796350999,78.7,18.5,60.3
1627796351405,82.2,18.5,63.8
1627796351620,88.5,24.4,64.1
1627796351831,89.9,24.7,65.2
1627796352027,89.9,24.7,65.2
1627796352313,91.3,25.1,66.2
1627796352534,92.7,25.1,67.6
1627796352707,93.0,25.4,67.6
1627796352848,95.1,25.8,69.3
1627796353124,95.1,25.8,69.3
1627796353370,95.8,25.1,70.7
1627796353625,95.5,24.7,70.7
1627796354055,96.5,24.4,72.1
1627796354284,96.9,24.7,72.1
1627796355191,100.0,25.1,74.9
1627796355430,100.0,25.1,74.9
1627796355683,100.0,24.7,75.3
1627796356110,100.0,24.7,75.3
1627796356582,100.0,24.4,75.6
1627796357061,100.0,24.4,75.6
1627796357599,100.0,24.4,75.6
1627796358139,100.0,23.7,76.3
1627796358589,100.0,23.7,76.3
1627796359070,100.0,23.7,76.3
1627796359654,100.0,23.7,76.3
1627796360125,100.0,23.7,76.3
1627796360507,100.0,23.7,76.3
1627796360757,100.0,24.0,76.0
1627796360987,100.0,24.4,75.6
1627796361216,100.0,24.7,75.3
1627796361520,99.7,24.7,74.9
1627796361707,100.0,24.0,76.0
1627796362114,100.0,23.7,76.3
1627796362359,99.7,23.7,76.0
1627796362607,100.0,23.7,76.3
1627796363119,100.0,23.7,76.3
1627796363685,100.0,23.7,76.3
1627796363890,100.0,24.0,76.0
1627796364099,100.0,23.7,76.3
1627796364666,100.0,23.7,76.3
1627796365123,100.0,23.7,76.3
1627796365688,100.0,23.7,76.3
1627796366129,100.0,23.7,76.3
1627796366677,100.0,23.7,76.3
1627796367135,100.0,23.7,76.3
1627796367682,100.0,23.7,76.3
1627796368126,100.0,23.7,76.3
1627796368486,100.0,24.0,76.0
1627796368715,100.0,24.4,75.6
1627796368987,100.0,24.4,75.6
1627796369177,100.0,24.7,75.3
1627796369425,100.0,25.1,74.9
1627796369647,99.3,24.0,75.3
1627796369827,100.0,24.0,76.0
1627796370155,100.0,23.7,76.3
1627796370773,100.0,23.3,76.7
1627796371171,99.7,23.3,76.3
1627796371735,100.0,23.3,76.7
1627796372163,100.0,23.3,76.7
1627796372696,100.0,23.3,76.7
1627796373239,99.7,23.3,76.3
1627796373759,100.0,23.3,76.7
1627796374207,100.0,23.3,76.7
1627796374442,100.0,23.7,76.3
1627796374735,99.7,24.4,75.3
1627796375260,99.7,24.4,75.3
1627796375775,100.0,24.4,75.6
1627796375970,100.0,24.7,75.3
1627796376215,100.0,33.1,66.9
1627796376546,100.0,33.4,66.6
1627796376735,100.0,33.8,66.2
1627796377015,100.0,33.8,66.2
1627796377293,100.0,34.1,65.9
1627796377591,99.3,33.8,65.5
1627796377850,100.0,33.4,66.6
1627796378024,100.0,33.8,66.2
1627796378236,100.0,33.8,66.2
1627796379280,100.0,33.8,66.2
1627796380277,100.0,31.7,68.3
1627796380467,100.0,32.1,67.9
1627796380606,100.0,32.4,67.6
1627796380782,100.0,32.8,67.2
1627796381067,100.0,33.1,66.9
1627796381350,99.3,33.4,65.9
1627796381563,100.0,33.4,66.6
1627796381779,100.0,33.4,66.6
1627796381996,100.0,33.4,66.6
1627796382188,100.0,33.8,66.2
1627796382355,100.0,34.1,65.9
1627796382533,100.0,34.5,65.5
1627796382715,99.7,34.8,64.8
1627796382983,100.0,35.2,64.8
1627796383188,100.0,35.5,64.5
1627796383438,100.0,35.9,64.1
1627796383629,100.0,34.5,65.5
1627796383845,100.0,34.8,65.2
1627796384074,100.0,35.5,64.5
1627796384250,100.0,36.9,63.1
1627796384467,100.0,37.3,62.7
1627796384704,100.0,37.3,62.7
1627796384873,100.0,37.3,62.7
1627796385076,100.0,37.3,62.7
1627796385397,100.0,37.6,62.4
1627796385636,100.0,38.0,62.0
1627796386434,100.0,38.0,62.0
1627796386672,100.0,38.3,61.7
1627796386855,100.0,38.7,61.3
1627796387130,99.3,38.0,61.3
1627796387333,100.0,38.0,62.0
1627796387564,100.0,38.0,62.0
1627796387766,100.0,37.6,62.4
1627796387938,100.0,38.0,62.0
1627796388121,99.7,37.6,62.0
1627796388368,100.0,38.0,62.0
1627796388551,100.0,38.0,62.0
1627796388719,99.7,38.0,61.7
1627796388904,100.0,38.6,61.4
1627796389114,99.6,38.6,61.1
1627796389318,100.0,38.6,61.4
1627796389548,99.6,38.6,61.1
1627796389942,95.8,34.0,61.8
1627796390390,96.1,32.6,63.5
1627796390929,96.8,31.2,65.6
1627796391467,97.5,31.2,66.3
1627796391955,99.3,31.2,68.1
1627796392232,99.6,31.2,68.4
1627796392444,99.6,31.2,68.4
1627796392804,100.0,31.2,68.8
1627796393016,100.0,31.6,68.4
1627796393261,100.0,31.9,68.1
1627796393464,100.0,32.3,67.7
1627796393719,98.9,31.6,67.4
1627796393962,99.6,31.2,68.4
1627796394407,99.6,31.2,68.4
1627796394587,100.0,31.6,68.4
1627796394808,100.0,31.9,68.1
1627796395117,99.3,31.6,67.7
1627796395490,99.6,30.9,68.8
1627796395763,100.0,32.6,67.4
1627796396056,97.5,30.2,67.4
1627796396507,99.3,30.2,69.1
1627796397034,100.0,30.2,69.8
1627796397519,99.3,29.8,69.5
1627796398008,100.0,29.8,70.2
1627796398456,99.6,29.8,69.8
1627796399028,100.0,29.8,70.2
1627796399538,100.0,29.8,70.2
1627796400005,100.0,29.8,70.2
1627796400459,97.9,28.1,69.8
1627796400983,99.6,28.1,71.6
1627796401249,100.0,28.4,71.6
1627796401473,100.0,28.8,71.2
1627796401711,100.0,29.1,70.9
1627796401947,98.6,28.1,70.5
1627796402150,100.0,28.4,71.6
1627796402333,100.0,28.4,71.6
1627796402514,100.0,28.8,71.2
1627796402754,99.6,28.4,71.2
1627796403043,100.0,28.4,71.6
1627796403495,100.0,28.4,71.6
1627796403649,100.0,28.8,71.2
1627796403881,100.0,29.1,70.9
1627796404067,100.0,29.5,70.5
1627796404289,100.0,29.8,70.2
1627796404615,98.9,28.8,70.2
1627796405071,100.0,28.8,71.2
1627796405331,100.0,29.1,70.9
1627796405607,99.6,29.1,70.5
1627796406100,100.0,28.8,71.2
1627796406546,100.0,28.8,71.2
1627796407138,100.0,27.0,73.0
1627796407600,100.0,27.0,73.0
1627796408110,100.0,27.0,73.0
1627796408608,92.6,18.2,74.4
1627796409094,94.7,18.2,76.5
1627796409296,95.1,18.6,76.5
1627796409483,95.4,18.9,76.5
1627796409624,96.8,18.9,77.9
1627796409824,96.8,18.9,77.9
1627796410144,96.1,18.2,77.9
1627796410698,97.9,17.9,80.0
1627796410980,98.2,18.2,80.0
1627796411170,98.9,18.6,80.4
1627796411681,100.0,17.9,82.1
1627796412162,99.6,17.5,82.1
1627796412713,100.0,17.5,82.5
1627796413163,99.6,17.2,82.5
1627796413654,100.0,17.2,82.8
1627796414236,100.0,17.2,82.8
1627796414696,100.0,17.2,82.8
1627796415234,100.0,17.2,82.8
1627796415694,100.0,17.2,82.8
1627796416233,100.0,17.2,82.8
1627796416684,100.0,17.2,82.8
1627796417032,100.0,17.5,82.5
1627796417842,100.0,17.9,82.1
1627796418064,100.0,17.9,82.1
1627796418390,99.6,17.9,81.8
1627796418682,99.3,17.5,81.8
1627796418901,100.0,17.5,82.5
1627796419121,100.0,17.5,82.5
1627796419329,100.0,17.5,82.5
1627796419545,99.6,17.5,82.1
1627796419739,100.0,17.5,82.5
1627796420286,100.0,17.2,82.8
1627796420714,100.0,17.2,82.8
1627796420952,100.0,18.9,81.1
1627796421161,100.0,19.3,80.7
1627796421397,100.0,20.7,79.3
1627796421614,100.0,22.5,77.5
1627796421841,100.0,22.8,77.2
1627796422146,100.0,24.6,75.4
1627796422327,100.0,24.6,75.4
1627796422595,100.0,24.9,75.1
1627796422819,100.0,25.3,74.7
1627796422987,100.0,25.6,74.4
1627796423162,100.0,25.6,74.4
1627796423373,100.0,26.0,74.0
1627796423629,99.6,26.0,73.7
1627796423878,100.0,26.3,73.7
1627796424099,98.9,26.3,72.6
1627796424324,99.6,26.3,73.3
1627796424590,99.6,26.3,73.3
1627796424865,100.0,26.7,73.3
1627796425075,100.0,27.0,73.0
1627796425329,100.0,27.4,72.6
1627796425539,100.0,27.4,72.6
1627796425800,100.0,27.7,72.3
1627796426126,99.6,27.4,72.3
1627796426363,100.0,27.7,72.3
1627796426573,100.0,28.1,71.9
1627796426763,100.0,28.4,71.6
1627796426969,98.9,27.7,71.2
1627796427153,99.3,27.7,71.6
1627796427358,98.9,26.7,72.3
1627796427539,98.9,26.3,72.6
1627796427805,100.0,26.3,73.7
1627796428074,99.6,26.3,73.3
1627796428283,100.0,26.3,73.7
1627796428517,100.0,28.1,71.9
1627796428819,100.0,27.7,72.3
1627796429236,100.0,27.7,72.3
1627796429402,100.0,28.1,71.9
1627796429641,100.0,28.4,71.6
1627796429842,100.0,28.8,71.2
1627796430098,99.6,31.2,68.4
1627796430367,100.0,31.2,68.8
1627796430854,100.0,31.2,68.8
1627796431357,98.6,29.1,69.5
1627796431882,100.0,29.1,70.9
1627796432099,100.0,29.5,70.5
1627796432444,100.0,30.9,69.1
1627796432898,100.0,30.9,69.1
1627796433218,100.0,31.2,68.8
1627796433409,99.6,31.2,68.4
1627796433602,100.0,31.6,68.4
1627796433789,100.0,31.9,68.1
1627796433986,100.0,32.3,67.7
1627796434267,98.6,30.9,67.7
1627796434542,99.6,31.2,68.4
1627796434737,100.0,31.2,68.8
1627796434968,99.3,30.9,68.4
1627796435418,100.0,30.9,69.1
1627796436031,100.0,30.9,69.1
1627796436402,99.6,30.9,68.8
1627796436571,100.0,31.6,68.4
1627796436716,100.0,31.9,68.1
1627796436947,98.9,31.9,67.0
1627796437429,99.3,28.4,70.9
1627796437715,99.6,28.8,70.9
1627796437956,99.6,28.8,70.9
1627796438214,99.3,27.4,71.9
1627796438407,97.2,25.3,71.9
1627796438613,95.8,23.5,72.3
1627796439023,95.4,21.4,74.0
1627796439580,96.8,21.4,75.4
1627796440074,97.5,20.7,76.8
1627796440499,98.2,20.0,78.2
1627796441056,100.0,20.0,80.0
1627796441370,100.0,20.4,79.6
1627796441662,100.0,20.7,79.3
1627796441932,100.0,20.7,79.3
1627796442149,100.0,21.1,78.9
1627796442344,99.6,20.4,79.3
1627796443019,100.0,19.6,80.4
1627796443353,100.0,20.0,80.0
1627796443838,99.6,20.0,79.6
1627796444098,100.0,20.4,79.6
1627796444353,100.0,20.7,79.3
1627796444583,99.6,20.7,78.9
1627796444800,99.3,20.4,78.9
1627796445059,100.0,20.7,79.3
1627796445333,100.0,21.1,78.9
1627796445565,100.0,21.4,78.6
1627796445794,100.0,21.8,78.2
1627796446065,100.0,22.1,77.9
1627796446255,99.6,22.1,77.5
1627796446420,100.0,21.4,78.6
1627796446642,100.0,21.8,78.2
1627796446805,100.0,21.8,78.2
1627796447061,100.0,22.1,77.9
1627796447311,100.0,22.5,77.5
1627796447583,99.3,21.4,77.9
1627796447862,100.0,22.1,77.9
1627796448082,100.0,22.5,77.5
1627796448814,100.0,22.8,77.2
1627796449120,100.0,22.8,77.2
1627796449313,100.0,23.2,76.8
1627796449535,100.0,23.5,76.5
1627796449784,100.0,23.5,76.5
1627796450003,100.0,23.5,76.5
1627796450213,100.0,23.5,76.5
1627796450423,100.0,23.5,76.5
1627796450666,100.0,23.9,76.1
1627796450931,100.0,23.9,76.1
1627796451209,100.0,24.2,75.8
1627796451457,100.0,24.6,75.4
1627796451703,98.9,23.5,75.4
1627796451896,100.0,23.5,76.5
1627796452044,100.0,23.5,76.5
1627796452228,100.0,23.9,76.1
1627796452421,100.0,23.5,76.5
1627796452582,100.0,23.2,76.8
1627796452797,99.6,23.2,76.5
1627796453017,100.0,23.2,76.8
1627796453347,98.9,22.5,76.5
1627796453516,100.0,22.5,77.5
1627796453763,100.0,22.8,77.2
1627796453997,100.0,22.5,77.5
1627796454155,99.3,21.8,77.5
1627796454410,99.6,21.8,77.9
1627796454584,100.0,22.1,77.9
1627796454875,99.6,22.1,77.5
1627796455187,100.0,22.5,77.5
1627796455365,100.0,22.8,77.2
1627796455599,100.0,29.8,70.2
1627796455779,99.6,36.5,63.2
1627796456056,99.6,35.8,63.9
1627796456218,100.0,36.1,63.9
1627796456777,100.0,35.8,64.2
1627796457220,99.6,35.8,63.9
1627796457591,88.4,22.1,66.3
1627796457836,88.8,22.5,66.3
1627796458028,89.1,22.5,66.7
1627796458260,90.9,22.8,68.1
1627796458405,91.2,23.2,68.1
1627796458718,89.8,21.8,68.1
1627796458943,92.3,22.1,70.2
1627796459249,93.3,22.1,71.2
1627796459460,94.4,22.5,71.9
1627796459780,97.5,22.1,75.4
1627796460275,100.0,22.1,77.9
1627796460823,100.0,21.8,78.2
1627796461351,100.0,21.8,78.2
1627796461727,100.0,21.8,78.2
1627796461933,100.0,22.1,77.9
1627796462315,100.0,22.1,77.9
1627796462838,99.6,21.8,77.9
1627796463096,100.0,22.1,77.9
1627796463380,100.0,22.5,77.5
1627796463821,100.0,22.1,77.9
1627796464307,100.0,22.1,77.9
1627796464822,100.0,22.1,77.9
1627796465332,100.0,22.1,77.9
1627796465648,100.0,22.5,77.5
1627796465965,100.0,22.8,77.2
1627796466102,100.0,22.8,77.2
1627796466253,100.0,23.2,76.8
1627796466549,99.6,23.2,76.5
1627796466799,99.3,22.8,76.5
1627796467019,100.0,22.5,77.5
1627796467335,100.0,21.8,78.2
1627796467624,100.0,22.1,77.9
1627796467870,100.0,22.1,77.9
1627796468370,100.0,22.1,77.9
1627796468935,100.0,22.1,77.9
1627796469357,99.6,22.1,77.5
1627796469928,99.6,21.8,77.9
1627796470401,100.0,21.8,78.2
1627796470989,100.0,21.8,78.2
1627796471453,100.0,21.4,78.6
1627796471904,99.6,21.4,78.2
1627796472461,100.0,21.4,78.6
1627796472994,99.6,21.4,78.2
1627796473400,100.0,21.4,78.6
1627796473720,100.0,21.8,78.2
1627796473910,100.0,22.1,77.9
1627796474171,100.0,22.1,77.9
1627796474445,100.0,22.5,77.5
1627796474750,100.0,22.5,77.5
1627796475030,98.9,21.8,77.2
1627796475281,99.6,21.4,78.2
1627796475462,100.0,21.8,78.2
1627796475703,100.0,21.8,78.2
1627796475954,99.3,21.4,77.9
1627796476547,99.6,21.4,78.2
1627796476973,100.0,21.4,78.6
1627796477459,100.0,21.4,78.6
1627796478053,100.0,21.4,78.6
1627796478514,99.6,21.4,78.2
1627796479007,100.0,21.1,78.9
1627796479469,100.0,21.1,78.9
1627796480289,100.0,21.4,78.6
1627796480517,100.0,21.4,78.6
1627796480817,100.0,21.8,78.2
1627796481101,99.6,21.4,78.2
1627796481515,100.0,21.4,78.6
1627796481813,100.0,21.8,78.2
1627796482005,100.0,21.8,78.2
1627796482253,100.0,22.1,77.9
1627796482559,100.0,22.5,77.5
1627796482786,100.0,22.8,77.2
1627796483052,98.9,21.8,77.2
1627796483243,99.3,21.8,77.5
1627796483543,100.0,21.4,78.6
1627796484125,99.6,20.7,78.9
1627796484630,100.0,20.7,79.3
1627796485040,100.0,20.7,79.3
1627796485548,100.0,20.7,79.3
1627796486078,100.0,20.7,79.3
1627796486608,99.6,20.7,78.9
1627796486873,100.0,21.1,78.9
1627796487123,100.0,23.2,76.8
1627796487548,100.0,22.8,77.2
1627796488108,100.0,22.8,77.2
1627796488653,99.3,22.5,76.8
1627796489137,98.6,20.4,78.2
1627796489617,100.0,20.4,79.6
1627796489976,100.0,20.7,79.3
1627796490262,99.6,20.7,78.9
1627796490528,100.0,21.1,78.9
1627796490744,100.0,21.4,78.6
1627796490912,100.0,21.4,78.6
1627796491200,98.6,20.4,78.2
1627796491417,99.6,20.7,78.9
1627796491584,99.6,20.7,78.9
1627796491845,100.0,21.1,78.9
1627796492232,100.0,20.7,79.3
1627796492591,99.6,20.7,78.9
1627796492847,100.0,22.5,77.5
1627796493198,100.0,21.8,78.2
1627796493420,100.0,22.1,77.9
1627796493684,100.0,22.1,77.9
1627796494251,100.0,21.8,78.2
1627796494549,100.0,22.1,77.9
1627796494749,100.0,22.5,77.5
1627796494971,100.0,22.8,77.2
1627796495225,100.0,23.2,76.8
1627796495469,100.0,23.2,76.8
1627796495706,100.0,24.9,75.1
1627796495897,100.0,25.3,74.7
1627796496318,100.0,25.6,74.4
1627796496539,100.0,25.6,74.4
1627796496756,99.6,25.3,74.4
1627796496985,100.0,25.6,74.4
1627796497254,99.6,25.3,74.4
1627796497789,100.0,25.3,74.7
1627796498250,100.0,25.3,74.7
1627796498499,100.0,25.6,74.4
1627796498664,100.0,26.0,74.0
1627796498846,100.0,25.6,74.4
1627796499264,100.0,25.3,74.7
1627796499744,100.0,24.9,75.1
1627796499954,100.0,25.3,74.7
1627796500285,100.0,25.6,74.4
1627796500513,100.0,25.6,74.4
1627796500812,99.6,25.3,74.4
1627796501319,100.0,25.3,74.7
1627796501495,100.0,25.6,74.4
1627796501833,99.6,25.6,74.0
1627796502363,93.7,19.3,74.4
1627796502779,93.0,16.8,76.1
1627796502975,100.0,34.4,65.6
1627796503178,99.3,33.7,65.6
1627796503413,100.0,34.0,66.0
1627796503640,100.0,34.4,65.6
1627796503979,100.0,34.7,65.3
1627796504133,100.0,35.1,64.9
1627796504391,99.3,34.0,65.3
1627796504548,100.0,34.0,66.0
1627796504793,99.6,34.0,65.6
1627796504945,100.0,34.0,66.0
1627796505162,100.0,34.4,65.6
1627796505390,100.0,34.4,65.6
1627796505648,100.0,34.0,66.0
1627796505921,93.3,27.4,66.0
1627796506211,94.0,27.7,66.3
1627796506391,94.4,27.7,66.7
1627796506579,94.7,28.1,66.7
1627796506734,95.4,28.1,67.4
1627796506925,96.8,28.4,68.4
1627796507111,97.2,28.4,68.8
1627796507363,98.2,28.1,70.2
1627796507521,97.9,27.7,70.2
1627796508028,98.6,27.4,71.2
1627796508469,100.0,27.0,73.0
1627796508687,100.0,27.4,72.6
1627796508909,100.0,30.9,69.1
1627796509165,100.0,31.2,68.8
1627796509388,99.6,31.2,68.4
1627796509610,100.0,31.6,68.4
1627796509845,100.0,31.9,68.1
1627796510121,99.3,31.2,68.1
1627796510325,100.0,31.2,68.8
1627796510539,100.0,31.2,68.8
1627796510691,100.0,31.2,68.8
1627796511695,100.0,31.6,68.4
1627796511950,100.0,31.6,68.4
1627796512201,82.5,13.7,68.8
1627796512343,82.8,14.0,68.8
1627796512523,83.9,14.4,69.5
1627796512718,85.6,14.7,70.9
1627796512867,86.0,15.1,70.9
1627796513006,86.7,15.1,71.6
1627796513151,87.7,15.4,72.3
1627796513370,87.7,15.4,72.3
1627796513563,87.4,15.1,72.3
1627796514083,89.1,15.1,74.0
1627796514467,89.8,15.1,74.7
1627796514700,91.2,15.4,75.8
1627796514918,91.6,15.8,75.8
1627796515148,92.6,15.4,77.2
1627796515572,94.0,15.1,78.9
1627796515763,94.4,15.4,78.9
1627796516109,96.8,15.4,81.4
1627796516582,98.2,15.4,82.8
1627796517126,99.3,15.1,84.2
1627796517667,100.0,15.1,84.9
1627796517832,100.0,15.4,84.6
1627796518103,100.0,19.3,80.7
1627796518354,100.0,22.8,77.2
1627796518619,99.6,22.5,77.2
1627796518919,100.0,22.8,77.2
1627796519236,99.6,22.8,76.8
1627796519663,100.0,22.8,77.2
1627796520011,98.6,21.1,77.5
1627796520267,99.6,22.8,76.8
1627796520440,100.0,23.2,76.8
1627796520685,99.6,24.9,74.7
1627796521227,100.0,24.9,75.1
1627796521631,100.0,24.9,75.1
1627796522192,100.0,24.9,75.1
1627796522514,100.0,25.3,74.7
1627796522728,100.0,25.6,74.4
1627796522931,100.0,25.6,74.4
1627796523114,100.0,26.0,74.0
1627796523337,100.0,26.3,73.7
1627796523588,99.3,25.6,73.7
1627796523868,98.9,25.3,73.7
1627796524196,99.6,24.6,75.1
1627796524471,100.0,24.9,75.1
1627796524713,99.6,24.9,74.7
1627796525237,100.0,24.9,75.1
1627796525684,100.0,24.9,75.1
1627796526232,100.0,24.9,75.1
1627796526769,99.6,24.6,75.1
1627796527292,100.0,24.6,75.4
1627796527792,100.0,24.6,75.4
1627796528227,100.0,24.6,75.4
1627796528757,100.0,24.6,75.4
1627796529317,99.6,24.6,75.1
1627796529751,100.0,24.6,75.4
1627796530208,100.0,24.6,75.4
1627796530736,100.0,24.6,75.4
1627796531024,100.0,24.9,75.1
1627796531332,100.0,25.3,74.7
1627796531494,100.0,25.6,74.4
1627796531722,99.3,25.3,74.0
1627796531927,98.9,24.9,74.0
1627796532254,100.0,24.6,75.4
1627796532528,100.0,24.9,75.1
1627796532842,100.0,24.6,75.4
1627796533351,100.0,24.6,75.4
1627796533782,100.0,24.6,75.4
1627796534154,100.0,24.9,75.1
1627796534366,100.0,26.7,73.3
1627796534823,100.0,26.3,73.7
1627796535327,100.0,26.3,73.7
1627796535637,100.0,26.3,73.7
1627796535813,100.0,27.0,73.0
1627796536378,100.0,27.0,73.0
1627796536650,100.0,27.4,72.6
1627796536898,99.6,30.5,69.1
1627796537295,99.6,29.8,69.8
1627796537851,100.0,29.8,70.2
1627796538326,100.0,29.8,70.2
1627796538823,99.6,29.8,69.8
1627796539052,100.0,30.2,69.8
1627796539249,100.0,30.5,69.5
1627796539433,100.0,30.9,69.1
1627796539633,98.9,30.2,68.8
1627796539874,99.6,29.8,69.8
1627796540417,100.0,29.8,70.2
1627796540652,100.0,30.2,69.8
1627796541007,98.9,29.5,69.5
1627796541347,96.5,26.0,70.5
1627796541589,98.2,26.3,71.9
1627796541761,98.9,26.7,72.3
1627796541913,98.9,26.7,72.3
1627796542829,100.0,27.0,73.0
1627796543097,100.0,27.4,72.6
1627796543337,99.6,27.0,72.6
1627796543492,100.0,27.0,73.0
1627796543660,100.0,27.4,72.6
1627796543834,99.6,27.4,72.3
1627796543995,100.0,27.4,72.6
1627796544235,100.0,27.7,72.3
1627796544408,100.0,28.1,71.9
1627796544602,99.6,27.7,71.9
1627796544850,99.3,27.4,71.9
1627796545132,99.3,27.4,71.9
1627796545403,99.6,27.0,72.6
1627796545578,99.6,27.0,72.6
1627796545776,100.0,27.4,72.6
1627796545963,100.0,27.4,72.6
1627796546174,100.0,28.4,71.6
1627796546480,100.0,28.4,71.6
1627796546803,100.0,28.8,71.2
1627796547052,100.0,28.8,71.2
1627796547308,100.0,29.1,70.9
1627796547547,100.0,29.5,70.5
1627796547809,100.0,29.8,70.2
1627796547986,98.9,28.8,70.2
1627796548166,100.0,28.8,71.2
1627796548451,100.0,28.8,71.2
1627796548709,100.0,29.1,70.9
1627796549057,99.6,28.8,70.9
1627796549501,99.6,28.8,70.9
1627796549670,100.0,29.1,70.9
1627796549911,99.6,29.1,70.5
1627796550149,100.0,29.5,70.5
1627796550534,90.9,19.6,71.2
1627796551219,99.3,20.0,79.3
1627796551435,99.3,20.0,79.3
1627796551628,99.6,20.4,79.3
1627796551781,100.0,20.7,79.3
1627796552017,100.0,20.7,79.3
1627796552203,100.0,21.1,78.9
1627796552488,100.0,20.4,79.6
1627796552702,100.0,20.7,79.3
1627796552943,100.0,21.1,78.9
1627796553155,100.0,21.8,78.2
1627796553311,100.0,21.8,78.2
1627796553572,100.0,21.8,78.2
1627796554089,98.6,20.0,78.6
1627796554616,100.0,20.0,80.0
1627796555006,99.6,20.0,79.6
1627796555167,100.0,20.4,79.6
1627796555367,100.0,20.7,79.3
1627796555599,98.9,20.0,78.9
1627796556162,100.0,20.0,80.0
1627796556462,99.6,20.0,79.6
1627796556678,100.0,20.4,79.6
1627796556856,100.0,20.0,80.0
1627796557051,100.0,20.4,79.6
1627796557272,100.0,20.7,79.3
1627796557483,99.6,20.4,79.3
1627796557713,100.0,20.4,79.6
1627796557930,100.0,20.7,79.3
1627796558177,99.6,20.0,79.6
1627796558473,100.0,20.4,79.6
1627796558661,100.0,20.7,79.3
1627796558824,99.6,20.7,78.9
1627796558980,100.0,20.4,79.6
1627796559180,100.0,20.7,79.3
1627796559357,100.0,27.4,72.6
1627796559662,100.0,27.7,72.3
1627796559951,100.0,27.4,72.6
1627796560198,100.0,44.9,55.1
1627796560406,100.0,44.9,55.1
1627796560641,99.6,44.2,55.4
1627796561177,100.0,44.2,55.8
1627796561705,100.0,44.2,55.8
1627796562217,100.0,44.2,55.8
1627796562685,100.0,44.2,55.8
1627796562960,100.0,44.6,55.4
1627796563169,99.6,44.6,55.1
1627796563423,100.0,44.9,55.1
1627796563672,99.6,44.9,54.7
1627796563850,100.0,45.3,54.7
1627796564071,99.3,44.9,54.4
1627796564286,100.0,44.6,55.4
1627796564695,100.0,44.2,55.8
1627796565085,99.3,43.9,55.4
1627796565272,100.0,47.7,52.3
1627796565753,100.0,47.7,52.3
1627796565993,100.0,48.1,51.9
1627796566253,100.0,48.4,51.6
1627796566541,100.0,51.6,48.4
1627796566727,100.0,51.9,48.1
1627796566889,100.0,55.8,44.2
1627796567057,99.6,59.3,40.4
1627796567249,94.7,52.3,42.5
1627796567388,94.7,52.3,42.5
1627796567790,78.6,34.7,43.9
1627796568303,80.4,34.4,46.0
1627796568735,81.8,33.7,48.1
1627796569297,83.2,33.7,49.5
1627796569847,84.2,33.7,50.5
1627796570301,86.0,33.7,52.3
1627796570763,88.4,33.7,54.7
1627796571259,89.1,33.7,55.4
1627796571511,91.2,34.0,57.2
1627796571776,91.6,34.4,57.2
1627796571975,91.9,34.7,57.2
1627796572191,92.6,33.7,58.9
1627796572313,92.6,33.7,58.9
1627796572474,94.0,34.0,60.0
1627796572800,94.4,34.0,60.4
1627796573346,83.9,18.6,65.3
1627796574306,98.6,18.9,79.6
1627796574464,100.0,19.6,80.4
1627796574853,99.3,18.9,80.4
1627796575105,100.0,19.3,80.7
1627796575369,100.0,36.5,63.5
1627796575577,99.6,36.5,63.2
1627796575782,100.0,36.1,63.9
1627796575962,100.0,36.1,63.9
1627796576338,100.0,36.1,63.9
1627796576978,98.9,34.0,64.9
1627796577364,99.3,31.9,67.4
1627796577922,100.0,31.9,68.1
1627796578403,100.0,31.9,68.1
1627796578925,99.6,31.9,67.7
1627796579197,100.0,32.3,67.7
1627796579413,99.6,32.3,67.4
1627796579633,100.0,32.6,67.4
1627796579852,100.0,33.0,67.0
1627796580163,100.0,33.3,66.7
1627796580505,99.3,32.3,67.0
1627796580739,99.3,31.6,67.7
1627796580934,99.3,31.2,68.1
1627796581210,100.0,31.2,68.8
1627796581458,99.6,31.2,68.4
1627796582005,100.0,31.2,68.8
1627796582482,99.6,31.2,68.4
1627796582990,83.9,13.7,70.2
1627796583487,88.8,13.3,75.4
1627796584063,90.2,13.3,76.8
1627796584525,91.2,13.3,77.9
1627796585001,91.2,13.3,77.9
1627796585473,92.6,13.3,79.3
1627796585771,94.4,13.7,80.7
1627796586049,94.4,13.7,80.7
1627796586323,95.4,14.0,81.4
1627796586574,95.1,13.7,81.4
1627796586977,96.1,13.3,82.8
1627796587402,97.5,13.7,83.9
1627796587652,98.6,14.0,84.6
1627796587874,98.6,14.0,84.6
1627796588142,99.3,14.0,85.3
1627796588328,100.0,14.4,85.6
1627796588587,98.9,13.7,85.3
1627796588787,98.9,13.3,85.6
1627796589082,99.6,13.3,86.3
1627796589301,99.6,13.3,86.3
1627796589610,99.6,13.3,86.3
1627796590110,100.0,13.3,86.7
1627796590582,100.0,13.3,86.7
1627796591067,100.0,13.3,86.7
1627796591647,100.0,13.3,86.7
1627796592104,99.6,13.3,86.3
1627796592586,100.0,13.3,86.7
1627796593078,100.0,13.3,86.7
1627796593663,100.0,13.3,86.7
1627796594103,100.0,13.3,86.7
1627796594597,100.0,13.3,86.7
1627796595150,100.0,13.3,86.7
1627796595470,100.0,13.7,86.3
1627796595736,100.0,14.0,86.0
1627796595929,100.0,14.0,86.0
1627796596077,100.0,14.4,85.6
1627796596278,100.0,14.7,85.3
1627796596419,99.3,13.7,85.6
1627796596642,98.9,13.3,85.6
1627796597191,100.0,13.3,86.7
1627796597644,100.0,13.0,87.0
1627796598165,100.0,13.0,87.0
1627796598439,100.0,13.3,86.7
1627796598763,99.3,31.2,68.1
1627796599215,99.6,31.2,68.4
1627796599677,100.0,31.2,68.8
1627796600199,100.0,31.2,68.8
1627796600754,100.0,31.2,68.8
1627796601199,99.6,31.2,68.4
1627796601705,100.0,31.2,68.8
1627796602226,100.0,31.2,68.8
1627796602713,100.0,31.2,68.8
1627796603317,99.6,31.2,68.4
1627796603566,100.0,31.6,68.4
1627796603776,100.0,31.9,68.1
1627796604010,100.0,31.9,68.1
1627796604196,100.0,32.3,67.7
1627796604414,100.0,32.6,67.4
1627796604653,98.9,31.6,67.4
1627796605712,99.6,31.2,68.4
1627796605910,100.0,31.6,68.4
1627796606100,100.0,31.9,68.1
1627796606282,100.0,31.9,68.1
1627796606616,100.0,31.9,68.1
1627796606848,81.1,13.0,68.1
1627796607166,82.5,13.0,69.5
1627796607397,84.9,14.4,70.5
1627796607758,84.6,14.0,70.5
1627796607945,86.3,14.4,71.9
1627796608118,86.7,14.7,71.9
1627796608343,87.4,14.7,72.6
1627796608527,88.4,14.7,73.7
1627796608890,89.5,15.8,73.7
1627796609401,93.0,15.4,77.5
1627796609609,93.3,15.8,77.5
1627796609792,90.5,12.3,78.2
1627796610305,91.9,12.3,79.6
1627796610936,93.3,12.3,81.1
1627796611204,93.7,12.6,81.1
1627796611464,93.7,12.6,81.1
1627796611689,95.4,13.0,82.5
1627796611824,95.4,13.0,82.5
1627796612009,97.9,13.3,84.6
1627796612160,98.2,13.7,84.6
1627796612345,98.6,14.0,84.6
1627796612629,97.2,12.6,84.6
1627796612921,97.9,12.6,85.3
1627796613319,100.0,12.3,87.7
1627796613566,100.0,12.6,87.4
1627796613901,99.6,12.6,87.0
1627796614451,100.0,12.6,87.4
1627796614883,100.0,12.6,87.4
1627796615308,100.0,12.6,87.4
1627796615576,100.0,13.0,87.0
1627796615693,100.0,13.3,86.7
1627796615892,100.0,13.7,86.3
1627796616219,99.6,13.3,86.3
1627796616553,100.0,13.7,86.3
1627796616798,100.0,19.3,80.7
1627796616989,100.0,18.9,81.1
1627796617158,100.0,19.3,80.7
1627796617332,100.0,19.6,80.4
1627796617627,100.0,25.3,74.7
1627796617915,100.0,30.5,69.5
1627796618166,99.6,30.5,69.1
1627796618386,99.6,30.2,69.5
1627796618657,99.6,30.2,69.5
1627796618964,100.0,29.8,70.2
1627796619448,100.0,29.8,70.2
1627796619779,100.0,30.2,69.8
1627796620028,100.0,30.5,69.5
1627796620276,100.0,30.5,69.5
1627796620520,99.6,30.5,69.1
1627796620756,99.3,30.2,69.1
1627796621012,99.6,29.8,69.8
1627796621523,100.0,29.5,70.5
1627796622073,100.0,29.1,70.9
1627796622202,100.0,29.5,70.5
1627796622452,100.0,33.0,67.0
1627796623036,100.0,33.0,67.0
1627796623471,99.6,32.6,67.0
1627796623875,100.0,32.6,67.4
1627796624108,100.0,32.6,67.4
1627796624327,100.0,33.0,67.0
1627796624684,100.0,33.3,66.7
1627796625053,100.0,32.6,67.4
1627796625439,100.0,32.6,67.4
1627796625623,100.0,33.0,67.0
1627796626134,100.0,32.6,67.4
1627796626609,100.0,32.6,67.4
1627796627018,99.6,32.6,67.0
1627796627534,100.0,32.6,67.4
1627796627923,100.0,33.0,67.0
1627796628134,100.0,33.3,66.7
1627796628374,100.0,33.3,66.7
1627796628616,100.0,33.7,66.3
1627796628825,100.0,34.0,66.0
1627796629093,100.0,34.0,66.0
1627796629315,95.1,29.1,66.0
1627796629514,96.1,29.1,67.0
1627796629727,97.2,29.1,68.1
1627796630170,97.9,29.1,68.8
1627796630647,98.6,29.1,69.5
1627796630818,99.6,29.5,70.2
1627796630992,100.0,29.8,70.2
1627796631285,100.0,30.5,69.5
1627796631448,100.0,30.5,69.5
1627796631649,100.0,30.9,69.1
1627796632164,99.3,30.2,69.1
1627796632406,100.0,30.5,69.5
1627796632667,99.6,30.5,69.1
1627796633177,100.0,30.2,69.8
1627796633685,100.0,29.8,70.2
1627796634117,100.0,29.8,70.2
1627796634633,100.0,29.8,70.2
1627796635102,100.0,29.8,70.2
1627796635735,100.0,29.8,70.2
1627796636055,100.0,30.2,69.8
1627796637044,99.6,30.2,69.5
1627796637341,100.0,30.5,69.5
1627796637618,100.0,30.5,69.5
1627796637874,98.9,29.8,69.1
1627796638253,100.0,30.2,69.8
1627796638484,99.3,29.5,69.8
1627796638655,100.0,29.8,70.2
1627796638884,100.0,30.2,69.8
1627796639156,99.6,29.8,69.8
1627796639494,98.6,28.8,69.8
1627796639882,99.6,28.8,70.9
1627796640207,100.0,28.1,71.9
1627796640696,100.0,28.1,71.9
1627796641303,100.0,28.1,71.9
1627796641701,99.6,28.1,71.6
1627796642253,100.0,28.1,71.9
1627796642693,100.0,28.1,71.9
1627796643346,100.0,28.1,71.9
1627796643781,100.0,28.4,71.6
1627796644205,100.0,28.4,71.6
1627796644420,100.0,28.8,71.2
1627796644840,100.0,28.4,71.6
1627796645769,100.0,28.4,71.6
1627796645978,100.0,28.8,71.2
1627796646800,100.0,28.4,71.6
1627796647745,100.0,28.4,71.6
1627796648886,100.0,28.4,71.6
1627796649760,100.0,27.7,72.3
1627796650804,100.0,27.7,72.3
1627796651818,99.6,27.4,72.3
1627796652287,99.6,27.4,72.3
1627796652424,100.0,27.7,72.3
1627796652705,100.0,28.1,71.9
1627796652881,100.0,28.8,71.2
1627796653071,99.6,29.1,70.5
1627796653267,100.0,29.1,70.9
1627796653845,100.0,29.1,70.9
1627796654251,100.0,29.1,70.9
1627796654823,100.0,29.5,70.5
1627796654965,100.0,29.8,70.2
1627796655161,100.0,30.5,69.5
1627796655389,99.6,30.9,68.8
1627796655611,100.0,31.2,68.8
1627796655926,100.0,31.6,68.4
1627796656460,99.6,31.6,68.1
1627796656897,100.0,31.6,68.4
1627796657405,100.0,31.6,68.4
1627796657960,100.0,31.6,68.4
1627796658475,100.0,31.6,68.4
1627796658892,100.0,31.6,68.4
1627796659446,100.0,31.6,68.4
1627796659914,99.6,31.6,68.1
1627796660324,100.0,31.9,68.1
1627796660584,100.0,32.3,67.7
1627796660867,100.0,32.3,67.7
1627796661051,100.0,32.6,67.4
1627796661202,100.0,32.6,67.4
1627796661542,98.9,31.9,67.0
1627796661829,100.0,31.9,68.1
1627796662074,100.0,32.3,67.7
1627796662292,100.0,32.3,67.7
1627796662555,99.6,32.3,67.4
1627796662736,100.0,32.6,67.4
1627796662915,100.0,31.9,68.1
1627796663167,100.0,32.6,67.4
1627796663484,99.6,36.1,63.5
1627796663739,100.0,36.5,63.5
1627796663965,100.0,36.8,63.2
1627796664229,100.0,36.8,63.2
1627796664419,99.3,35.8,63.5
1627796664572,100.0,36.1,63.9
1627796664789,100.0,36.1,63.9
1627796664921,100.0,36.5,63.5
1627796665092,100.0,36.8,63.2
1627796665384,100.0,37.2,62.8
1627796665695,99.6,37.2,62.5
1627796665926,99.3,36.1,63.2
1627796666085,97.2,34.0,63.2
1627796666259,98.6,34.0,64.6
1627796666558,98.2,33.7,64.6
1627796667093,99.3,33.7,65.6
1627796667548,100.0,33.7,66.3
1627796668696,100.0,34.0,66.0
1627796668949,100.0,34.0,66.0
1627796669224,100.0,34.4,65.6
1627796669413,100.0,34.4,65.6
1627796669630,100.0,34.7,65.3
1627796669812,100.0,34.7,65.3
1627796670074,99.3,33.7,65.6
1627796670291,99.6,33.7,66.0
1627796670451,95.4,29.5,66.0
1627796670769,95.1,29.1,66.0
1627796671003,95.4,29.5,66.0
1627796671293,96.5,29.1,67.4
1627796671571,99.6,29.1,70.5
1627796672102,99.6,28.8,70.9
1627796672668,100.0,28.1,71.9
1627796672960,94.4,22.8,71.6
1627796673201,95.1,23.2,71.9
1627796673638,84.6,11.2,73.3
1627796674192,86.0,11.2,74.7
1627796674641,86.7,11.2,75.4
1627796675127,88.4,11.2,77.2
1627796675298,88.8,11.6,77.2
1627796675600,91.6,13.3,78.2
1627796676231,92.6,13.3,79.3
1627796676510,94.4,13.7,80.7
1627796676797,94.7,14.0,80.7
1627796676974,94.7,14.0,80.7
1627796677186,95.1,14.4,80.7
1627796677327,95.8,14.7,81.1
1627796677558,95.4,13.7,81.8
1627796677778,96.1,13.7,82.5
1627796678182,95.8,13.3,82.5
1627796678766,98.6,13.0,85.6
1627796679191,100.0,13.0,87.0
1627796679647,99.6,13.0,86.7
1627796679883,100.0,13.3,86.7
1627796680299,99.6,13.3,86.3
1627796680501,100.0,13.7,86.3
1627796680726,99.6,13.7,86.0
1627796681838,100.0,13.7,86.3
1627796682242,100.0,13.7,86.3
1627796682772,100.0,13.7,86.3
1627796683232,100.0,13.7,86.3
1627796683817,98.2,11.6,86.7
1627796684268,98.6,11.6,87.0
1627796684519,100.0,11.9,88.1
1627796684745,100.0,12.3,87.7
1627796684934,100.0,12.3,87.7
1627796685160,100.0,12.6,87.4
1627796685425,100.0,13.0,87.0
1627796685743,98.9,12.3,86.7
1627796685944,99.6,11.9,87.7
1627796686093,100.0,12.3,87.7
1627796686262,99.6,12.3,87.4
1627796686833,100.0,12.3,87.7
1627796687321,100.0,12.3,87.7
1627796687839,99.6,12.3,87.4
1627796688088,100.0,12.6,87.4
1627796688350,99.6,12.6,87.0
1627796688784,99.3,12.3,87.0
1627796688991,100.0,12.6,87.4
1627796689379,100.0,12.6,87.4
1627796689873,100.0,12.6,87.4
1627796690338,100.0,12.6,87.4
1627796690913,100.0,12.3,87.7
1627796691427,99.6,12.3,87.4
1627796691822,100.0,12.3,87.7
1627796692300,100.0,12.3,87.7
1627796692662,100.0,12.3,87.7
1627796692885,100.0,12.6,87.4
1627796693242,100.0,12.6,87.4
1627796693434,100.0,13.0,87.0
1627796693664,100.0,13.3,86.7
1627796693895,99.3,12.6,86.7
1627796694112,99.6,11.9,87.7
1627796694379,100.0,11.2,88.8
1627796694709,100.0,11.6,88.4
1627796694904,100.0,11.9,88.1
1627796695344,100.0,11.6,88.4
1627796695909,100.0,11.6,88.4
1627796696513,100.0,11.6,88.4
1627796696968,99.6,11.2,88.4
1627796697404,100.0,11.2,88.8
1627796697869,100.0,11.2,88.8
1627796698460,100.0,11.2,88.8
1627796698905,100.0,11.2,88.8
1627796699440,100.0,11.2,88.8
1627796700431,100.0,11.6,88.4
1627796700712,100.0,11.6,88.4
1627796701035,100.0,11.6,88.4
1627796701197,99.6,11.6,88.1
1627796701332,100.0,11.9,88.1
1627796701480,100.0,12.3,87.7
1627796701679,99.6,12.3,87.4
1627796701869,100.0,12.6,87.4
1627796702061,100.0,11.6,88.4
1627796702490,99.6,11.2,88.4
1627796702767,100.0,11.6,88.4
1627796702958,99.6,11.2,88.4
1627796703479,100.0,11.2,88.8
1627796704052,99.6,11.2,88.4
1627796704515,100.0,11.2,88.8
1627796705006,100.0,11.2,88.8
1627796705482,100.0,11.2,88.8
1627796705671,100.0,11.6,88.4
1627796706101,100.0,13.0,87.0
1627796706588,99.6,13.0,86.7
1627796706752,100.0,13.3,86.7
1627796707051,100.0,13.3,86.7
1627796707540,100.0,13.0,87.0
1627796708115,99.6,13.0,86.7
1627796708542,100.0,13.0,87.0
1627796708883,100.0,13.3,86.7
1627796709087,100.0,13.3,86.7
1627796709274,100.0,13.7,86.3
1627796709499,100.0,14.0,86.0
1627796709768,100.0,14.4,85.6
1627796710033,98.9,12.6,86.3
1627796710321,97.9,11.6,86.3
1627796710525,99.6,11.9,87.7
1627796711044,98.2,10.5,87.7
1627796711681,99.6,10.5,89.1
1627796712057,98.9,9.82,89.1
1627796712287,99.6,10.5,89.1
1627796712621,100.0,9.82,90.2
1627796712830,100.0,10.2,89.8
1627796713113,100.0,27.4,72.6
1627796713659,100.0,27.4,72.6
1627796714130,100.0,25.6,74.4
1627796714692,100.0,25.6,74.4
1627796715202,100.0,25.6,74.4
1627796715660,100.0,25.6,74.4
1627796716133,100.0,25.6,74.4
1627796716657,100.0,25.6,74.4
1627796717047,100.0,26.0,74.0
1627796717312,99.6,26.0,73.7
1627796717594,100.0,26.3,73.7
1627796717806,100.0,26.7,73.3
1627796718016,100.0,26.7,73.3
1627796718214,100.0,28.1,71.9
1627796718530,99.6,28.1,71.6
1627796718763,100.0,27.4,72.6
1627796719038,100.0,27.4,72.6
1627796719323,100.0,27.7,72.3
1627796719553,100.0,27.7,72.3
1627796719771,100.0,27.7,72.3
1627796720170,100.0,27.4,72.6
1627796720726,100.0,27.4,72.6
1627796721174,82.1,9.82,72.3
1627796721343,83.5,10.2,73.3
1627796721528,84.2,10.5,73.7
1627796721759,84.9,10.9,74.0
1627796721948,85.6,11.2,74.4
1627796722171,87.0,11.6,75.4
1627796722449,87.4,11.9,75.4
1627796722694,87.7,12.3,75.4
1627796722885,88.8,12.6,76.1
1627796723098,88.8,12.3,76.5
1627796723285,91.9,12.6,79.3
1627796723403,93.0,13.0,80.0
1627796723658,92.6,12.6,80.0
1627796723877,93.3,11.9,81.4
1627796724117,98.9,17.2,81.8
1627796724383,99.3,17.5,81.8
1627796724651,100.0,17.9,82.1
1627796724916,99.6,17.9,81.8
1627796725083,99.3,17.5,81.8
1627796725251,99.6,17.5,82.1
1627796725398,100.0,17.9,82.1
1627796725578,100.0,18.2,81.8
1627796725856,100.0,18.6,81.4
1627796726103,98.6,17.2,81.4
1627796726359,98.9,17.5,81.4
1627796726616,100.0,17.9,82.1
1627796726806,100.0,17.9,82.1
1627796727005,100.0,18.2,81.8
1627796727263,99.6,18.2,81.4
1627796727458,99.6,18.2,81.4
1627796727704,99.3,17.9,81.4
1627796728005,99.3,17.9,81.4
1627796728282,99.6,18.2,81.4
1627796728493,100.0,18.6,81.4
1627796728690,99.6,18.2,81.4
1627796728902,99.6,18.2,81.4
