"Time","Chameleon Free","Chameleon Inuse","OSG Inuse"
1627860869537,29,0,0
1627860870527,70,1,13
1627860870708,67,2,15
1627860871129,251,1,15
1627860871453,257,2,15
1627860871725,256,3,15
1627860872150,257,2,15
1627860872661,257,2,15
1627860873152,257,2,15
1627860873666,257,2,15
1627860874676,207,2,65
1627860875679,152,2,120
1627860876680,143,2,129
1627860877683,113,1,160
1627860878691,86,1,187
1627860879325,71,1,202
1627860879699,64,0,210
1627860880220,52,0,222
1627860880569,51,0,223
1627860880711,46,1,227
1627860880846,35,2,237
1627860881021,30,3,241
1627860881155,29,4,241
1627860881323,20,6,248
1627860881709,15,3,256
1627860882203,0,3,271
1627860882727,0,3,271
1627860883218,0,3,271
1627860883538,0,1,273
1627860883697,0,2,272
1627860883899,0,2,272
1627860884158,0,3,271
1627860884387,0,4,270
1627860884561,2,1,271
1627860884751,1,0,273
1627860885242,1,0,273
1627860885762,0,0,274
1627860886772,0,0,274
1627860887142,0,0,274
1627860887372,0,1,273
1627860887600,0,2,272
1627860887835,0,3,271
1627860888085,0,4,270
1627860888284,0,5,269
1627860888447,0,5,269
1627860888636,0,5,269
1627860888800,0,6,268
1627860889285,0,5,269
1627860889786,0,5,269
1627860890282,1,5,268
1627860890815,0,5,269
1627860891302,0,5,269
1627860891614,0,6,268
1627860891820,0,6,268
1627860892018,1,6,267
1627860892265,0,7,267
1627860892444,1,7,266
1627860892815,0,5,269
1627860893298,0,5,269
1627860893826,0,5,269
1627860894348,0,5,269
1627860894820,0,5,269
1627860895309,0,4,270
1627860895827,0,0,274
1627860896320,0,0,274
1627860896851,0,0,274
1627860897326,0,0,274
1627860897529,0,1,273
1627860897851,0,1,273
1627860898344,0,1,273
1627860898859,0,1,273
1627860899349,0,1,273
1627860899688,0,2,272
1627860899914,0,3,271
1627860900151,0,3,271
1627860900320,0,4,270
1627860900511,0,5,269
1627860901118,2,3,269
1627860901317,0,2,272
1627860901463,0,2,272
1627860901883,0,1,273
1627860902396,0,1,273
1627860902904,0,1,273
1627860903379,0,1,273
1627860903904,0,1,273
1627860904397,0,1,273
1627860904908,0,1,273
1627860905396,0,1,273
1627860905909,0,1,273
1627860906401,0,1,273
1627860906912,0,1,273
1627860907422,0,1,273
1627860907728,0,2,272
1627860907868,0,3,271
1627860908045,0,3,271
1627860908241,0,4,270
1627860908399,0,5,269
1627860908629,2,3,269
1627860908933,0,1,273
1627860909746,0,1,273
1627860909967,0,2,272
1627860910138,0,3,271
1627860910276,0,4,270
1627860910489,1,4,269
1627860910666,2,3,269
1627860910972,2,1,271
1627860911259,0,2,272
1627860911450,0,9,265
1627860911660,0,9,265
1627860911979,0,8,266
1627860912465,0,8,266
1627860912979,0,8,266
1627860913469,0,8,266
1627860913989,0,8,266
1627860914493,0,8,266
1627860914987,0,8,266
1627860915486,0,8,266
1627860915796,0,9,265
1627860915979,0,10,264
1627860916211,0,10,264
1627860916397,0,11,263
1627860916621,0,12,262
1627860916831,3,9,262
1627860917074,1,8,265
1627860917561,0,8,266
1627860918016,0,8,266
1627860918527,0,8,266
1627860918736,0,9,265
1627860919035,0,9,265
1627860919249,0,10,264
1627860919542,0,10,264
1627860920044,0,10,264
1627860920529,0,10,264
1627860921042,0,10,264
1627860921553,0,10,264
1627860922055,0,10,264
1627860922556,0,10,264
1627860923073,0,10,264
1627860923557,0,10,264
1627860924002,0,10,264
1627860924181,0,11,263
1627860925066,0,10,264
1627860925205,0,11,263
1627860926128,0,11,263
1627860926766,0,11,263
1627860926929,0,12,262
1627860927198,1,12,261
1627860927333,0,11,263
1627860928123,0,10,264
1627860929113,0,10,264
1627860929278,0,12,262
1627860930117,0,23,251
1627860931150,0,23,251
1627860932192,0,24,250
1627860932389,0,24,250
1627860932574,0,25,249
1627860932745,1,25,248
1627860932881,0,26,248
1627860933398,1,23,250
1627860934163,0,23,251
1627860935155,0,22,252
1627860935286,0,23,251
1627860936181,0,23,251
1627860936990,0,24,250
1627860937384,0,25,249
1627860937494,0,25,249
1627860938203,0,25,249
1627860939193,0,25,249
1627860940110,0,25,249
1627860940319,0,26,248
1627860940569,0,27,247
1627860940734,0,27,247
1627860940866,0,28,246
1627860941220,4,25,245
1627860941435,0,27,247
1627860941716,0,32,242
1627860942223,0,32,242
1627860942361,0,33,241
1627860942929,0,34,240
1627860943232,0,33,241
1627860943359,0,34,240
1627860944263,0,35,239
1627860945248,2,33,239
1627860946260,0,33,241
1627860947287,0,33,241
1627860948164,1,33,240
1627860948302,0,34,240
1627860948495,0,35,239
1627860948650,1,35,238
1627860948749,0,36,238
1627860949297,0,33,241
1627860950289,0,25,249
1627860951324,0,23,251
1627860952315,0,22,252
1627860953308,0,22,252
1627860953450,0,28,246
1627860954333,0,27,247
1627860955352,0,27,247
1627860956248,0,28,246
1627860956458,0,28,246
1627860956643,0,29,245
1627860956876,0,29,245
1627860957011,0,30,244
1627860957370,1,27,246
1627860958379,1,27,246
1627860959370,7,20,247
1627860960375,0,20,254
1627860961868,0,20,254
1627860962897,0,20,254
1627860963954,0,20,254
1627860964878,0,19,255
1627860965018,0,20,254
1627860965822,1,20,253
1627860966165,0,22,252
1627860966407,1,19,254
1627860966514,0,20,254
1627860967434,0,20,254
1627860968124,0,21,253
1627860968420,0,28,246
1627860968709,0,29,245
1627860968997,0,30,244
1627860969226,0,40,234
1627860969509,0,50,224
1627860969602,0,50,224
1627860970253,0,52,222
1627860970388,0,53,221
1627860970586,0,54,220
1627860970697,0,54,220
1627860971464,1,54,219
1627860972433,0,55,219
1627860972621,0,56,218
1627860972820,1,56,217
1627860972979,0,57,217
1627860973570,1,54,219
1627860974514,1,54,219
1627860975536,0,54,220
1627860976559,1,46,227
1627860977533,0,37,237
1627860977657,0,38,236
1627860978587,0,38,236
1627860979537,1,38,235
1627860980633,0,39,235
1627860980780,0,40,234
1627860980978,1,40,233
1627860981106,0,41,233
1627860981584,0,38,236
1627860982608,0,38,236
1627860983569,0,39,235
1627860983744,0,40,234
1627860984580,0,40,234
1627860985626,0,38,236
1627860986633,0,38,236
1627860987602,1,38,235
1627860988568,0,39,235
1627860988762,0,40,234
1627860988968,0,41,233
1627860989147,0,41,233
1627860989629,1,38,235
1627860990679,0,38,236
1627860991655,0,37,237
1627860992704,0,37,237
1627860993195,0,39,235
1627860993653,0,39,235
1627860993789,0,40,234
1627860994695,1,40,233
1627860995701,0,40,234
1627860996707,0,41,233
1627860996879,0,42,232
1627860997098,1,42,231
1627860997305,0,43,231
1627860997758,1,40,233
1627860998727,0,41,233
1627860999723,1,40,233
1627861000765,0,41,233
1627861001777,0,38,236
1627861001949,0,41,233
1627861002216,0,42,232
1627861002735,0,42,232
1627861002862,0,43,231
1627861003803,1,43,230
1627861004734,1,44,229
1627861004910,0,45,229
1627861005107,1,45,228
1627861005240,0,46,228
1627861005784,1,43,230
1627861006787,0,43,231
1627861007811,0,43,231
1627861008854,2,42,230
1627861009846,1,42,231
1627861010900,0,42,232
1627861011872,0,42,232
1627861012819,0,43,231
1627861013016,0,44,230
1627861013180,0,44,230
1627861013309,0,45,229
1627861013905,1,42,231
1627861014887,0,42,232
1627861015884,0,42,232
1627861017409,0,42,232
1627861018402,0,42,232
1627861018897,0,37,237
1627861020400,1,37,236
1627861021384,0,37,237
1627861022910,1,36,237
1627861023127,0,37,237
1627861023532,4,36,234
1627861023918,0,35,239
1627861024071,0,36,238
1627861024999,1,35,238
1627861026317,0,35,239
1627861026975,1,30,243
1627861027516,0,31,243
1627861027732,0,32,242
1627861027957,0,33,241
1627861028090,0,33,241
1627861028858,1,33,240
1627861029025,0,34,240
1627861029202,0,35,239
1627861029389,0,36,238
1627861029600,0,36,238
1627861030026,0,33,241
1627861030499,0,34,240
1627861030981,0,34,240
1627861031095,0,35,239
1627861031672,0,36,238
1627861031953,0,37,237
1627861032150,1,37,236
1627861032390,0,37,237
1627861032526,0,38,236
1627861032931,0,40,234
1627861033143,0,41,233
1627861033351,0,42,232
1627861033555,0,42,232
1627861033776,0,43,231
1627861033931,0,44,230
1627861034119,0,45,229
1627861034278,0,45,229
1627861034478,0,46,228
1627861034600,0,47,227
1627861035014,0,50,224
1627861035242,0,50,224
1627861035415,0,51,223
1627861035652,0,52,222
1627861035833,0,53,221
1627861036072,0,54,220
1627861036330,7,48,219
1627861036457,2,49,223
1627861036765,2,49,223
1627861037175,0,49,225
1627861037582,1,50,223
1627861037755,0,51,223
1627861037934,1,51,222
1627861038074,0,52,222
1627861038340,5,49,220
1627861039141,1,49,224
1627861040120,0,45,229
1627861040527,0,46,228
1627861041022,2,42,230
1627861041226,0,43,231
1627861041489,3,41,230
1627861041663,0,41,233
1627861042137,3,36,235
1627861042381,0,36,238
1627861042497,0,36,238
1627861043227,0,36,238
1627861044218,0,36,238
1627861045183,0,37,237
1627861045432,0,38,236
1627861045605,1,38,235
1627861045789,0,39,235
1627861046215,1,36,237
1627861047254,1,35,238
1627861048259,0,35,239
1627861049274,1,31,242
1627861050287,1,29,244
1627861051333,0,16,258
1627861052295,1,13,260
1627861053268,0,14,260
1627861053884,0,15,259
1627861054083,1,15,258
1627861054240,0,16,258
1627861054647,2,13,259
1627861055328,0,14,260
1627861056324,0,15,259
1627861057452,0,16,258
1627861057615,0,17,257
1627861058333,5,7,262
1627861058526,4,8,262
1627861058675,0,9,265
1627861059387,0,10,264
1627861060504,0,11,263
1627861060743,0,12,262
1627861061356,0,13,261
1627861061592,0,14,260
1627861061761,1,14,259
1627861061870,0,15,259
1627861062430,0,12,262
1627861063433,0,12,262
1627861064483,0,12,262
1627861064917,0,14,260
1627861065192,0,14,260
1627861065440,2,15,257
1627861065523,0,16,258
1627861066505,0,13,261
1627861067467,0,13,261
1627861067593,0,14,260
1627861068139,0,16,258
1627861068504,3,14,257
1627861068681,0,15,259
1627861069517,0,16,258
1627861069729,0,17,257
1627861069943,1,17,256
1627861070078,0,18,256
1627861070562,1,15,258
1627861071562,1,14,259
1627861071778,0,17,257
1627861071997,1,33,240
1627861072534,0,32,242
1627861072709,0,33,241
1627861073565,1,33,240
1627861074584,0,33,241
1627861075562,0,31,243
1627861076602,0,28,246
1627861077105,0,30,244
1627861077371,0,31,243
1627861077548,0,32,242
1627861077695,0,32,242
1627861077896,0,33,241
1627861078090,0,34,240
1627861078218,0,34,240
1627861079632,0,31,243
1627861080641,0,33,241
1627861080832,0,34,240
1627861081630,0,35,239
1627861082673,0,35,239
1627861083642,0,38,236
1627861084679,2,38,234
1627861085711,0,40,234
1627861085931,0,41,233
1627861086091,0,41,233
1627861086715,0,38,236
1627861087798,1,39,234
1627861089131,0,36,238
1627861089750,0,35,239
1627861090754,0,35,239
1627861091787,1,35,238
1627861092757,0,35,239
1627861093713,0,36,238
1627861094098,0,37,237
1627861094293,0,38,236
1627861094429,0,38,236
1627861094908,0,38,236
1627861095137,0,38,236
1627861095310,0,38,236
1627861095753,0,38,236
1627861096778,0,38,236
1627861097793,1,37,236
1627861098005,0,40,234
1627861098261,0,61,213
1627861098504,0,62,212
1627861098754,0,62,212
1627861098944,0,63,211
1627861099832,0,63,211
1627861100802,2,63,209
1627861101794,0,64,210
1627861103369,0,60,214
1627861103870,0,61,213
1627861104836,0,60,214
1627861105278,0,63,211
1627861105499,0,64,210
1627861105730,0,65,209
1627861105931,0,66,208
1627861106202,0,66,208
1627861106468,0,141,133
1627861106599,0,142,132
1627861107075,0,145,129
1627861107212,0,145,129
1627861107880,3,145,126
1627861108087,0,149,125
1627861108396,0,149,125
1627861108852,0,149,125
1627861109000,0,150,124
1627861111170,1,150,123
1627861111361,3,151,120
1627861111887,1,150,123
1627861112457,0,153,121
1627861112706,0,225,49
1627861112927,1,227,46
1627861113032,0,228,46
1627861113964,0,225,49
1627861114074,66,151,57
1627861114649,42,156,76
1627861114833,33,156,85
1627861115046,30,157,87
1627861115231,20,158,96
1627861115396,10,158,106
1627861115560,7,159,108
1627861115737,0,160,114
1627861115947,1,160,113
1627861116078,0,161,113
1627861116254,0,162,112
1627861116489,0,167,107
1627861116664,0,168,106
1627861116918,0,169,105
1627861117184,1,169,104
1627861117375,0,170,104
1627861117677,77,95,102
1627861118236,67,98,109
1627861118394,59,98,117
1627861118535,52,99,123
1627861118764,43,100,131
1627861119059,39,104,131
1627861120325,1,105,168
1627861120539,0,110,164
1627861121038,3,175,96
1627861122089,1,168,105
1627861123146,3,156,115
1627861123325,1,160,113
1627861123561,0,219,55
1627861124054,0,219,55
1627861124250,0,220,54
1627861125121,2,220,52
1627861126231,0,221,53
1627861127156,61,147,66
1627861128243,32,148,94
1627861128941,10,154,110
1627861129068,23,135,116
1627861129225,19,136,119
1627861129381,14,137,123
1627861129528,13,138,123
1627861129743,7,138,129
1627861129941,1,139,134
1627861130177,0,140,134
1627861130433,0,141,133
1627861130642,0,142,132
1627861130765,0,142,132
1627861131161,2,144,128
1627861131484,5,142,127
1627861132241,64,73,137
1627861133319,36,74,164
1627861134319,11,77,186
1627861134412,7,78,189
1627861135561,0,75,199
1627861136819,0,66,208
1627861137097,1,70,203
1627861137615,0,135,139
1627861137800,0,141,133
1627861138356,0,145,129
1627861139227,0,151,123
1627861139469,0,152,122
1627861139624,0,153,121
1627861140310,0,159,115
1627861141423,0,165,109
1627861142486,4,167,103
1627861143420,6,163,105
1627861144405,10,157,107
1627861145963,66,83,125
1627861146532,54,79,141
1627861147437,38,72,164
1627861148426,22,69,183
1627861149460,4,66,204
1627861150586,3,69,202
1627861151483,0,66,208
1627861152530,6,62,206
1627861153567,2,59,213
1627861154570,3,58,213
1627861155555,14,32,228
1627861156529,7,32,235
1627861157640,4,26,244
1627861158655,2,28,244
1627861159622,6,25,243
1627861160661,6,25,243
1627861161634,5,25,244
1627861162146,0,32,242
1627861162581,0,64,210
1627861162740,0,65,209
1627861163611,2,69,203
1627861164713,2,70,202
1627861165745,6,68,200
1627861167690,20,28,226
1627861168661,5,29,240
1627861169764,0,28,246
1627861170713,4,29,241
1627861171772,5,26,243
1627861172741,1,24,249
1627861173807,8,21,245
1627861174804,0,21,253
1627861175743,4,20,250
1627861176816,0,18,256
1627861177708,5,18,251
1627861178926,4,17,253
1627861179760,2,17,255
1627861180732,1,17,256
1627861181831,2,17,255
1627861183365,0,18,256
1627861183879,1,17,256
1627861184803,0,17,257
1627861185781,4,17,253
1627861186783,1,14,259
1627861187879,2,14,258
1627861188552,0,17,257
1627861188799,1,70,203
1627861188941,0,71,203
1627861189833,0,71,203
1627861190906,1,72,201
1627861191827,2,71,201
1627861192894,0,73,201
1627861193871,0,73,201
1627861194952,0,73,201
1627861195793,0,74,200
1627861195977,0,76,198
1627861196124,0,77,197
1627861196941,1,76,197
1627861197974,0,76,198
1627861198879,0,78,196
1627861199926,0,76,198
1627861201007,0,77,197
1627861201927,1,77,196
1627861202947,0,79,195
1627861203125,0,80,194
1627861203926,0,82,192
1627861204089,0,83,191
1627861204324,0,84,190
1627861204485,0,85,189
1627861204614,0,86,188
1627861205048,0,84,190
1627861205981,0,86,188
1627861206110,0,87,187
1627861207048,0,89,185
1627861207285,1,89,184
1627861207471,0,90,184
1627861208136,0,87,187
1627861209099,0,87,187
1627861209877,1,89,184
1627861210112,0,90,184
1627861210412,0,91,183
1627861210647,0,92,182
1627861210799,0,93,181
1627861210964,0,94,180
1627861211401,0,98,176
1627861211592,0,99,175
1627861211790,0,100,174
1627861211983,0,101,173
1627861212209,0,102,172
1627861212428,0,103,171
1627861212677,0,104,170
1627861212896,0,105,169
1627861213124,0,106,168
1627861213330,2,104,168
1627861213473,3,103,168
1627861213922,8,97,169
1627861214869,0,96,178
1627861215051,0,97,177
1627861215579,0,100,174
1627861215757,0,100,174
1627861215978,1,99,174
1627861216122,0,99,175
1627861216665,0,102,172
1627861216918,6,99,169
1627861217171,4,97,173
1627861218293,5,89,180
1627861219232,0,82,192
1627861219595,0,85,189
1627861220010,0,89,185
1627861220322,0,93,181
1627861220551,0,97,177
1627861220786,0,101,173
1627861220929,0,105,169
1627861221150,0,109,165
1627861221383,0,113,161
1627861221609,0,117,157
1627861221825,0,121,153
1627861222040,0,122,152
1627861222335,0,126,148
1627861222624,0,130,144
1627861222853,0,134,140
1627861223083,1,137,136
1627861223271,0,141,133
1627861223517,0,145,129
1627861223706,0,149,125
1627861223972,0,153,121
1627861224165,0,157,117
1627861224312,0,161,113
1627861224627,0,166,108
1627861224829,0,170,104
1627861225016,0,174,100
1627861225267,0,178,96
1627861225535,0,182,92
1627861225749,1,185,88
1627861225958,0,188,86
1627861226168,0,192,82
1627861226427,0,196,78
1627861226621,0,200,74
1627861226767,0,201,73
1627861227170,4,196,74
1627861227797,0,199,75
1627861228160,5,196,73
1627861228519,0,197,77
1627861228886,2,198,74
1627861229145,0,199,75
1627861229359,0,200,74
1627861229725,0,206,68
1627861229906,0,207,67
1627861230136,0,211,63
1627861230316,0,212,62
1627861230466,0,216,58
1627861230622,0,220,54
1627861230800,0,220,54
1627861230943,0,221,53
1627861231340,32,178,64
1627861231486,33,177,64
1627861231692,50,160,64
1627861231853,46,157,71
1627861232259,81,117,76
1627861232557,79,117,78
1627861233148,58,120,96
1627861233460,59,117,98
1627861233832,51,117,106
1627861234580,43,112,119
1627861235511,41,92,141
1627861236590,34,76,164
1627861237547,18,76,180
1627861238534,2,76,196
1627861239465,0,81,193
1627861239691,0,82,192
1627861239931,0,83,191
1627861240103,0,83,191
1627861240590,6,80,188
1627861241664,5,79,190
1627861242630,5,79,190
1627861243743,5,77,192
1627861244658,0,77,197
1627861245694,59,19,196
1627861246612,22,19,233
1627861246985,17,21,236
1627861247155,6,23,245
1627861247418,0,24,250
1627861247663,0,25,249
1627861247920,0,25,249
1627861248164,0,26,248
1627861248335,0,27,247
1627861248459,0,27,247
1627861248783,3,24,247
1627861249788,0,24,250
1627861250708,1,24,249
1627861250901,0,30,244
1627861251121,0,35,239
1627861251324,1,38,235
1627861251636,0,42,232
1627861251821,0,46,228
1627861252077,0,50,224
1627861252297,0,54,220
1627861252499,0,58,216
1627861252704,0,59,215
1627861252936,0,63,211
1627861253165,0,64,210
1627861253378,0,65,209
1627861253566,0,66,208
1627861253722,0,67,207
1627861254333,7,66,201
1627861254439,1,72,201
1627861254751,0,105,169
1627861255036,1,105,168
1627861255232,0,106,168
1627861255643,5,106,163
1627861255929,9,104,161
1627861256173,0,118,156
1627861256327,0,119,155
1627861256508,0,119,155
1627861256703,0,120,154
1627861256883,0,120,154
1627861257142,8,118,148
1627861257537,0,125,149
1627861257775,0,129,145
1627861257942,0,129,145
1627861258830,3,129,142
1627861259421,28,96,150
1627861259631,19,98,157
1627861259829,19,98,157
1627861260044,11,99,164
1627861260231,10,100,164
1627861260562,2,106,166
1627861260851,0,104,170
1627861261044,0,105,169
1627861261382,0,112,162
1627861261612,0,116,158
1627861261836,4,113,157
1627861261948,0,114,160
1627861262971,4,114,156
1627861264035,1,117,156
1627861264932,6,114,154
1627861265968,5,109,160
1627861266932,3,107,164
1627861267337,0,115,159
1627861267569,1,115,158
1627861267809,4,116,154
1627861268046,0,121,153
1627861268263,0,126,148
1627861268505,0,127,147
1627861268694,0,132,142
1627861268886,4,133,137
1627861269070,1,134,139
1627861269369,2,137,135
1627861269538,0,138,136
1627861269848,2,143,129
1627861270130,4,140,130
1627861270284,0,140,134
1627861270442,0,145,129
1627861270675,0,150,124
1627861270820,0,154,120
1627861271285,9,148,117
1627861271511,0,157,117
1627861271710,0,159,115
1627861271900,0,170,104
1627861272141,0,170,104
1627861272282,0,170,104
1627861273022,4,173,97
1627861273356,3,170,101
1627861274053,7,169,98
1627861274879,0,178,96
1627861275063,0,179,95
1627861275286,1,184,89
1627861275431,0,185,89
1627861275563,0,186,88
1627861275862,0,196,78
1627861276081,1,202,71
1627861276227,8,193,73
1627861276524,5,193,76
1627861276708,24,169,81
1627861276818,25,167,82
1627861277824,14,156,104
1627861278068,5,157,112
1627861278212,2,157,115
1627861278351,0,154,120
1627861278705,14,147,113
1627861279279,30,125,119
1627861280368,10,128,136
1627861281259,1,125,148
1627861282209,0,126,148
1627861282779,0,133,141
1627861283221,15,153,106
1627861283473,4,155,115
1627861283687,5,171,98
1627861284107,4,166,104
1627861284293,3,167,104
1627861284437,0,168,106
1627861285246,13,160,101
1627861286301,0,160,114
1627861287315,31,122,121
1627861288346,4,128,142
1627861288432,4,128,142
1627861289385,3,123,148
1627861290241,5,123,146
1627861291351,10,117,147
1627861292335,18,86,170
1627861293403,5,84,185
1627861294291,6,83,185
1627861295239,0,89,185
1627861295475,0,115,159
1627861295658,0,116,158
1627861296522,0,121,153
1627861297340,4,117,153
1627861298452,6,117,151
1627861299397,3,117,154
1627861300435,7,115,152
1627861301464,3,115,156
1627861302464,4,115,155
1627861303472,1,121,152
1627861304556,3,124,147
1627861305568,7,121,146
1627861306497,6,120,148
1627861307540,2,120,152
1627861308503,0,120,154
1627861309491,1,123,150
1627861310565,31,84,159
1627861311482,36,67,171
1627861312710,20,53,201
1627861312923,20,53,201
1627861313116,19,54,201
1627861313682,14,52,208
1627861315035,5,48,221
1627861316034,0,48,226
1627861317141,5,45,224
1627861318093,5,41,228
1627861318590,4,41,229
1627861320074,5,42,227
1627861321053,4,41,229
1627861323105,3,40,230
1627861324191,0,40,233
1627861325107,0,37,236
1627861326143,2,37,234
1627861326387,4,38,231
1627861326690,2,37,234
1627861327600,32,7,234
1627861328676,13,9,251
1627861328859,12,10,251
1627861329088,8,11,254
1627861329258,8,11,254
1627861329660,2,8,263
1627861330227,0,12,261
1627861330642,0,37,236
1627861330869,0,77,196
1627861331055,0,78,195
1627861331666,3,79,191
1627861332693,4,79,190
1627861333777,3,79,191
1627861334713,2,80,191
1627861335795,0,79,194
1627861336763,39,41,193
1627861337804,18,39,216
1627861338683,30,11,232
1627861338893,2,50,221
1627861339857,1,51,221
1627861340822,0,55,218
1627861340994,0,59,214
1627861341536,0,75,198
1627861341634,0,75,198
1627861341811,0,79,194
1627861342037,0,123,150
1627861342227,0,123,150
1627861342458,0,138,135
1627861342615,0,139,134
1627861342771,0,140,133
1627861343125,1,138,134
1627861343842,1,138,134
1627861344943,43,84,146
1627861345127,42,85,146
1627861345901,28,82,163
1627861346862,0,83,190
1627861347971,3,81,189
1627861348850,19,57,197
1627861350002,47,9,217
1627861350936,21,9,243
1627861351971,5,10,258
1627861352944,0,10,263
1627861353150,0,11,262
1627861353340,0,11,262
1627861354232,5,8,260
1627861355043,0,8,265
1627861355252,0,12,261
1627861355963,0,11,262
1627861356975,0,12,261
1627861357200,0,13,260
1627861358069,2,12,259
1627861359216,2,11,260
1627861359857,1,13,259
1627861360132,0,31,242
1627861360328,0,32,241
1627861361117,0,34,239
1627861361373,0,35,238
1627861361510,0,35,238
1627861362088,2,32,239
1627861363289,0,32,241
1627861363851,1,33,239
1627861364086,0,34,239
1627861364296,0,35,238
1627861364541,0,36,237
1627861364782,1,36,236
1627861365053,0,37,236
1627861365322,3,34,236
1627861365563,0,34,239
1627861365762,0,35,238
1627861366171,0,37,236
1627861366443,0,156,117
1627861366607,0,157,116
1627861367065,1,156,116
1627861367374,0,161,112
1627861367615,0,161,113
1627861367885,1,161,112
1627861368027,0,162,112
1627861368446,0,166,108
1627861368621,6,166,110
1627861368758,9,167,112
1627861369282,0,170,118
1627861369502,0,171,117
1627861369697,0,171,117
1627861370321,2,169,117
1627861371268,0,170,118
1627861372362,3,167,118
1627861373331,2,164,122
1627861374330,2,165,121
1627861375281,3,160,125
1627861375958,0,163,125
1627861376389,0,164,124
1627861377482,0,167,121
1627861377635,0,168,120
1627861377760,0,168,120
1627861379425,120,45,123
1627861380453,102,45,141
1627861381227,84,48,156
1627861381507,50,74,164
1627861381600,49,73,166
1627861382412,43,72,173
1627861383420,32,72,184
1627861384588,5,71,212
1627861385369,1,75,212
1627861385639,0,77,211
1627861385899,0,78,210
1627861386142,0,78,210
1627861386305,1,78,209
1627861386387,0,79,209
1627861386945,0,81,207
1627861387173,0,85,203
1627861387313,0,85,203
1627861387705,4,84,200
1627861388475,2,85,201
1627861389684,32,53,203
1627861390555,21,53,214
1627861391648,4,53,231
1627861392619,2,53,233
1627861393771,1,55,232
1627861393973,0,56,232
1627861394639,4,53,231
1627861395655,2,54,232
1627861396680,3,53,232
1627861397775,1,54,233
1627861398607,0,56,232
1627861398712,0,57,231
1627861399761,0,57,231
1627861400741,3,55,230
1627861401771,0,57,231
1627861402045,1,57,230
1627861402223,0,58,230
1627861402783,3,55,230
1627861404240,2,55,231
1627861404821,2,55,231
1627861405718,2,54,232
1627861406861,0,54,234
1627861407806,0,54,234
1627861408880,3,52,233
1627861409750,2,48,238
1627861409892,2,48,238
1627861410017,2,48,238
1627861410922,1,44,243
1627861411786,3,43,242
1627861412853,4,41,243
1627861413779,2,41,245
1627861414914,0,41,247
1627861415837,2,39,247
1627861416989,19,15,253
1627861417902,0,17,270
1627861418110,0,18,269
1627861418275,0,18,269
1627861418955,2,15,270
1627861419970,2,15,270
1627861420898,0,15,272
1627861421874,0,17,270
1627861422075,0,17,270
1627861422912,2,16,269
1627861423880,0,17,270
1627861424037,0,18,269
1627861424891,1,17,269
1627861425940,2,12,273
1627861426141,0,13,274
1627861426389,1,13,273
1627861426566,0,14,273
1627861427029,12,3,272
1627861428124,0,4,283
1627861428985,1,4,282
1627861430133,2,4,281
1627861431026,1,4,282
1627861431400,0,5,282
1627861431605,0,6,281
1627861431818,0,7,280
1627861432083,0,8,279
1627861432336,0,9,278
1627861432589,0,10,277
1627861432894,5,6,276
1627861433125,0,7,280
1627861433388,0,10,277
1627861433601,0,11,276
1627861433810,1,10,276
1627861433942,1,7,279
1627861434427,1,8,278
1627861435319,0,9,278
1627861435606,0,10,277
1627861435754,0,10,277
1627861436083,5,7,275
1627861436417,0,7,280
1627861437186,0,7,280
1627861437584,0,10,277
1627861437820,0,15,272
1627861438062,0,17,270
1627861438274,0,18,269
1627861438440,0,18,269
1627861438756,0,20,267
1627861438964,1,31,255
1627861439168,0,33,254
1627861439425,0,34,253
1627861440304,0,32,255
1627861441219,1,32,254
1627861442143,0,33,254
1627861442349,1,33,253
1627861442582,0,34,253
1627861442705,0,35,252
1627861443210,2,32,253
1627861443773,0,110,177
1627861444710,2,109,176
1627861444900,0,112,175
1627861445473,0,112,175
1627861445616,0,113,174
1627861446476,0,115,172
1627861447559,0,115,172
1627861447707,0,116,171
1627861448117,0,119,168
1627861448695,0,118,169
1627861448901,0,119,168
1627861449251,0,122,165
1627861449701,1,121,165
1627861450753,1,121,165
1627861451423,2,121,164
1627861452803,0,122,165
1627861453502,1,122,164
1627861454342,0,119,168
1627861454469,0,135,152
1627861454751,0,138,149
1627861455307,66,57,164
1627861456269,63,55,169
1627861457200,49,55,183
1627861457434,32,70,185
1627861457664,28,71,188
1627861457843,27,72,188
1627861458363,4,73,210
1627861458535,3,74,210
1627861458729,3,74,210
1627861458853,2,75,210
1627861459339,2,72,213
1627861460335,0,72,215
1627861461551,1,72,214
1627861462381,0,71,216
1627861463451,1,71,215
1627861464413,2,69,216
1627861465491,0,69,218
1627861467059,0,70,217
1627861467291,0,71,216
1627861467439,0,72,215
1627861467794,2,69,216
1627861468403,0,69,218
1627861469437,1,69,217
1627861470501,0,69,218
1627861471598,0,69,218
1627861472516,0,69,218
1627861473547,1,69,217
1627861474505,0,70,217
1627861474734,0,71,216
1627861474994,1,71,215
1627861475224,0,72,215
1627861475657,1,69,217
1627861476636,1,68,218
1627861477608,0,68,219
1627861478708,0,68,219
1627861479636,0,68,219
1627861480243,0,70,217
1627861480600,0,70,217
1627861480791,0,71,216
1627861481673,1,71,215
1627861481840,0,74,213
1627861482103,1,95,191
1627861482363,0,96,191
1627861482630,0,97,190
1627861482879,0,97,190
1627861483221,0,98,189
1627861483488,4,95,188
1627861483648,1,96,190
1627861483854,0,100,187
1627861484097,4,97,186
1627861485189,2,98,187
1627861486129,3,92,192
1627861486546,0,96,191
1627861486793,2,96,189
1627861487143,1,95,191
1627861487345,0,96,191
1627861487844,0,98,189
1627861488296,2,99,186
1627861488501,0,101,186
1627861488664,0,102,185
1627861488905,0,103,184
1627861489118,0,99,188
1627861489347,0,100,187
1627861489635,0,102,185
1627861489897,0,106,181
1627861490090,0,107,180
1627861490296,0,107,180
1627861490775,1,108,178
1627861491275,0,110,177
1627861491418,0,111,176
1627861491847,1,109,177
1627861492820,2,109,176
1627861493783,2,110,175
1627861494720,0,111,174
1627861495858,9,98,178
1627861496909,9,90,186
1627861497821,0,90,195
1627861498991,1,91,193
1627861499205,0,92,193
1627861499391,0,93,192
1627861499859,2,90,193
1627861500914,0,89,196
1627861501364,0,92,193
1627861501694,0,93,192
1627861501955,0,94,191
1627861502052,5,87,193
1627861503019,0,87,198
1627861503898,1,86,198
1627861504913,2,86,197
1627861505947,2,86,197
1627861507026,0,83,202
1627861507233,0,84,201
1627861508039,0,82,203
1627861508979,1,82,202
1627861510011,0,84,201
1627861510149,0,85,200
1627861510993,1,84,200
1627861512130,0,83,202
1627861512990,2,78,205
1627861514072,2,78,205
1627861515030,21,54,210
1627861516057,1,52,232
1627861516178,0,53,232
1627861517094,0,53,232
1627861518204,0,51,234
1627861519135,0,50,235
1627861520181,0,50,235
1627861521156,0,50,235
1627861522249,0,50,235
1627861523155,0,51,234
1627861523355,1,51,233
1627861523510,0,52,233
1627861524247,1,50,234
1627861525118,0,50,235
1627861526306,1,50,234
1627861526569,1,52,232
1627861526821,0,54,231
1627861527074,0,55,230
1627861527311,0,59,226
1627861527557,0,64,221
1627861527740,0,65,220
1627861527935,0,68,217
1627861528148,0,70,215
1627861528397,0,70,215
1627861528611,0,71,214
1627861528865,0,72,213
1627861529121,0,73,212
1627861529289,0,73,212
1627861530321,0,74,211
1627861530576,0,75,210
1627861531030,1,77,207
1627861531181,1,75,209
1627861531662,0,78,207
1627861531821,0,78,207
1627861532356,0,80,205
1627861532670,0,81,204
1627861532837,0,82,203
1627861533261,4,79,202
1627861533765,2,75,208
1627861534124,0,77,208
1627861534303,0,80,205
1627861534410,0,80,205
1627861535436,0,81,204
1627861535811,0,85,200
1627861536045,0,90,195
1627861536267,1,89,195
1627861536368,0,90,195
1627861537409,4,84,197
1627861538032,0,87,198
1627861538320,3,89,193
1627861539393,0,91,194
1627861539685,0,92,193
1627861539893,0,92,193
1627861540404,3,89,193
1627861541517,1,89,195
1627861542399,0,91,194
1627861542654,0,95,190
1627861542873,1,96,188
1627861543448,11,81,193
1627861543710,6,82,197
1627861543856,5,83,197
1627861544461,18,67,200
1627861545657,10,62,213
1627861546573,1,58,226
1627861547485,0,59,226
1627861547773,0,60,225
1627861548094,4,57,224
1627861548268,3,58,224
1627861549052,1,57,227
1627861549822,0,58,227
1627861550432,2,58,225
1627861550632,0,59,226
1627861550794,0,60,225
1627861551252,0,63,222
1627861551558,3,61,221
1627861551860,1,61,223
1627861552141,0,61,224
1627861552339,0,62,223
1627861552572,0,63,222
1627861552823,0,64,221
1627861553094,3,62,220
1627861553321,0,63,222
1627861553715,2,65,218
1627861554221,1,67,217
1627861554687,2,67,216
1627861555659,0,69,216
1627861555824,1,69,215
1627861555984,0,70,215
1627861556824,2,67,216
1627861557659,1,66,218
1627861558695,0,64,221
1627861558931,0,65,220
1627861559777,0,63,222
1627861560774,0,65,220
1627861561031,0,69,216
1627861561896,0,85,200
1627861562159,3,102,180
1627861562361,0,103,182
1627861562539,0,103,182
1627861562971,1,103,181
1627861563807,34,65,186
1627861564041,34,65,186
1627861564189,33,66,186
1627861564814,23,63,199
1627861565857,8,64,213
1627861566838,0,63,222
1627861567951,0,64,221
1627861568983,0,63,222
1627861569928,0,64,221
1627861570995,1,64,220
1627861571871,0,66,219
1627861572159,1,66,218
1627861572328,0,67,218
1627861573047,2,64,219
1627861573969,2,64,219
1627861575127,0,64,221
1627861575997,4,63,218
1627861577135,3,63,219
1627861577998,0,62,223
1627861578953,2,62,221
1627861579999,0,64,221
1627861580303,0,64,221
1627861580425,0,65,220
1627861581145,2,62,221
1627861582108,0,62,223
1627861583047,0,62,223
1627861584137,1,62,222
1627861585351,1,61,223
1627861586160,2,61,222
1627861587227,1,62,222
1627861588171,0,64,221
1627861588453,1,64,220
1627861588635,0,65,220
1627861589179,1,62,222
1627861590240,2,60,223
1627861591228,2,60,223
1627861592204,2,60,223
1627861592897,0,63,222
1627861593169,0,66,219
1627861593402,0,66,219
1627861594369,1,66,218
1627861595214,2,59,224
1627861596317,1,60,224
1627861596531,0,61,224
1627861596763,0,62,223
1627861597285,2,59,224
1627861598415,1,60,224
1627861598684,0,64,221
1627861598879,0,64,221
1627861599200,1,62,222
1627861599323,0,63,222
1627861600350,0,64,221
1627861600885,1,67,217
1627861601062,0,71,214
1627861601291,0,72,213
1627861601447,1,72,212
1627861601563,0,73,212
1627861602454,2,73,210
1627861603286,2,73,210
1627861604459,0,75,210
1627861605354,2,73,210
1627861606399,1,73,211
1627861607315,2,73,210
1627861608463,19,56,210
1627861608900,21,51,213
1627861609154,0,98,187
1627861609396,2,96,187
1627861609611,0,97,188
1627861609802,0,98,187
1627861610077,0,99,186
1627861610291,0,100,185
1627861610883,5,97,183
1627861611068,2,98,185
1627861611546,20,79,186
1627861612555,10,81,194
1627861612800,6,81,198
1627861612959,5,82,198
1627861613466,2,79,204
1627861614620,4,78,203
1627861614864,0,82,203
1627861615061,0,88,197
1627861615266,0,89,196
1627861615540,1,89,195
1627861615725,0,90,195
1627861615959,0,91,194
1627861616239,3,89,193
1627861616440,2,89,194
1627861617063,3,90,192
1627861617569,50,40,195
1627861618561,31,43,211
1627861618693,30,44,211
1627861619604,13,44,228
1627861620672,2,46,237
1627861621545,3,44,238
1627861622739,2,45,238
1627861623562,2,44,239
1627861623760,0,48,237
1627861625026,0,55,230
1627861625286,1,64,220
1627861625580,0,65,220
1627861625784,0,65,220
1627861625908,0,66,219
1627861626184,0,66,219
1627861626418,1,69,215
1627861626639,0,66,219
1627861626809,0,66,219
1627861627174,1,71,213
1627861627416,0,72,213
1627861627883,3,72,210
1627861628693,0,74,211
1627861628959,0,75,210
1627861629149,0,75,210
1627861629806,3,72,210
1627861630651,1,72,212
1627861631856,3,72,210
1627861632797,4,71,210
1627861633827,2,71,212
1627861634726,1,71,213
1627861635911,1,71,213
1627861636816,0,73,212
1627861636941,0,74,211
1627861637791,1,71,213
1627861638830,1,71,213
1627861639965,0,71,214
1627861640254,0,75,210
1627861640599,1,75,209
1627861640871,1,75,209
1627861641028,0,76,209
1627861641895,0,78,207
1627861642451,0,82,203
1627861642913,0,88,197
1627861643148,0,88,197
1627861643814,1,86,198
1627861644992,1,89,195
1627861645828,3,86,196
1627861646960,3,85,197
1627861647936,6,77,202
1627861648974,1,77,207
1627861649159,0,78,207
1627861649942,0,77,208
1627861650082,0,78,207
1627861651148,3,78,204
1627861651982,0,81,204
1627861652221,0,82,203
1627861653226,1,85,199
1627861654122,0,85,200
1627861654669,3,82,200
1627861655180,3,83,199
1627861656137,0,85,200
1627861657326,10,59,216
1627861657678,8,58,219
1627861658080,5,58,222
1627861658221,2,59,224
1627861659131,0,62,223
1627861660176,6,58,221
1627861661677,0,60,225
1627861662165,5,58,222
1627861663210,0,57,228
1627861663515,0,58,227
1627861663755,0,59,226
1627861664544,3,58,224
1627861664699,2,59,224
1627861664972,1,63,221
1627861665226,0,78,207
1627861665467,0,79,206
1627861665656,1,78,206
1627861665929,0,83,202
1627861666162,0,128,157
1627861666357,1,127,157
1627861666542,0,128,157
1627861667357,0,127,158
1627861668240,1,127,157
1627861669499,0,129,156
1627861669756,0,130,155
1627861670383,5,127,153
1627861671178,1,129,155
1627861671462,0,136,149
1627861671647,0,137,148
1627861672308,0,139,146
1627861672508,0,147,138
1627861672701,0,148,137
1627861672868,0,153,132
1627861673033,0,159,126
1627861673213,0,170,115
1627861673425,16,149,120
1627861673733,16,149,120
1627861673961,15,150,120
1627861674507,59,99,127
1627861675364,58,97,130
1627861676374,49,97,139
1627861677639,20,100,165
1627861678438,18,97,170
1627861679677,55,54,176
1627861680421,49,55,181
1627861680784,33,60,192
1627861680970,0,104,181
1627861681475,1,102,182
1627861681712,0,103,182
1627861681853,0,104,181
1627861682542,4,104,177
1627861683693,15,92,178
1627861684624,7,92,186
1627861685616,0,95,190
1627861686535,4,90,191
1627861688265,4,90,191
1627861688700,2,90,193
1627861689654,52,39,194
1627861690742,46,39,200
1627861691551,29,39,217
1627861692746,19,39,227
1627861693778,0,42,243
1627861694670,6,39,240
1627861695711,3,39,243
1627861696827,2,39,244
1627861697695,1,39,245
1627861698884,3,39,243
1627861699746,0,39,246
1627861700862,4,39,242
1627861701833,0,43,242
1627861702751,4,39,242
1627861703969,2,38,245
1627861704506,2,42,241
1627861704774,2,89,194
1627861704895,0,90,195
1627861705947,4,90,191
1627861706918,1,90,194
1627861707974,0,90,195
1627861708884,4,90,191
1627861710095,0,94,191
1627861710870,4,90,191
1627861711886,4,91,190
1627861712906,54,37,194
1627861714002,44,41,200
1627861714219,40,42,203
1627861714600,36,46,203
1627861714975,35,45,205
1627861715148,32,46,207
1627861716140,34,36,215
1627861716945,28,36,221
1627861718072,0,40,245
1627861718266,0,40,245
1627861718979,4,37,244
1627861720136,5,37,243
1627861721024,4,37,244
1627861722259,2,39,244
1627861722469,0,45,240
1627861722765,1,53,231
1627861723017,0,54,231
1627861723246,0,55,230
1627861723499,0,56,229
1627861723793,1,71,213
1627861724128,0,87,198
1627861724374,0,88,197
1627861724775,6,86,193
1627861725136,0,86,199
1627861726385,0,88,197
1627861727219,5,86,194
1627861728216,3,84,198
1627861728526,0,90,195
1627861728760,0,95,190
1627861729166,0,94,191
1627861729320,0,95,190
1627861730291,3,94,188
1627861731199,0,94,191
1627861732389,1,94,190
1627861733251,3,94,188
1627861734488,2,96,187
1627861734668,0,97,188
1627861735315,12,83,190
1627861736352,3,84,198
1627861737345,1,87,197
1627861738514,2,88,195
1627861739321,4,86,195
1627861740374,3,85,197
1627861741421,0,85,200
1627861742396,0,87,198
1627861743422,3,85,197
1627861744622,1,85,199
1627861745372,6,82,197
1627861746505,3,80,202
1627861747476,2,80,203
1627861748427,2,80,203
1627861749691,2,80,203
1627861751241,2,81,202
1627861752054,3,81,201
1627861753127,1,81,203
1627861753970,4,81,200
1627861754976,3,81,201
1627861756059,0,79,206
1627861757063,3,79,203
1627861758157,0,78,207
1627861758619,0,81,204
1627861758836,0,83,202
1627861759202,0,85,200
1627861760211,2,83,200
1627861761093,0,84,201
1627861761539,0,87,198
1627861761716,0,88,197
1627861762603,1,90,194
1627861763618,2,90,193
1627861764718,2,90,193
1627861765670,1,90,194
1627861766678,1,91,193
1627861767058,0,92,193
1627861767313,0,93,192
1627861767735,2,91,192
1627861768813,1,90,194
1627861769110,0,94,191
1627861769411,0,103,182
1627861769580,0,103,182
1627861769895,0,104,181
1627861770160,0,104,181
1627861770664,4,103,178
1627861770898,3,104,178
1627861771671,3,96,186
1627861771763,2,97,186
1627861772892,1,96,188
1627861773711,1,96,188
1627861774923,1,97,187
1627861775171,0,98,187
1627861775328,0,99,186
1627861775876,18,83,184
1627861776897,11,83,191
1627861777827,0,83,202
1627861778942,3,80,202
1627861779967,44,32,209
1627861780992,20,32,233
1627861781425,18,34,233
1627861781834,5,37,243
1627861782758,0,38,247
1627861783290,0,39,246
1627861783605,0,40,245
1627861783848,1,40,244
1627861784019,0,41,244
1627861784471,0,38,247
1627861785123,4,37,244
1627861785948,0,38,247
1627861786985,0,39,246
1627861787960,1,39,245
1627861789098,1,39,245
1627861790027,7,33,245
1627861791023,0,34,251
1627861791320,0,35,250
1627861791578,0,36,249
1627861791811,0,37,248
1627861792254,4,34,247
1627861793121,0,35,250
1627861794163,1,35,249
1627861795072,0,35,250
1627861795209,0,36,249
1627861796075,1,36,248
1627861797126,0,35,250
1627861798267,1,35,249
1627861799116,0,35,250
1627861799408,0,36,249
1627861799727,0,37,248
1627861800009,0,37,248
1627861800620,5,33,247
1627861801140,0,33,252
1627861802356,1,33,251
1627861803171,0,32,253
1627861804316,0,32,253
1627861805261,1,32,252
1627861806361,2,32,251
1627861807169,0,33,252
1627861807418,0,34,251
1627861807609,0,35,250
1627861807783,0,35,250
1627861808444,4,32,249
1627861809301,0,32,253
1627861810412,1,32,252
1627861811327,0,32,253
1627861811778,0,34,251
1627861812310,0,36,249
1627861812529,0,37,248
1627861813353,0,38,247
1627861814628,2,37,246
1627861815341,1,38,246
1627861815614,0,39,246
1627861815888,1,39,245
1627861816016,2,38,245
1627861816364,8,33,244
1627861817522,4,30,251
1627861818365,0,29,256
1627861819104,0,29,256
1627861819423,1,77,207
1627861819796,0,78,207
1627861820450,3,73,209
1627861821591,1,73,211
1627861822469,0,73,212
1627861823553,2,74,209
1627861823858,1,75,209
1627861824097,0,79,206
1627861824565,5,77,203
1627861825595,1,78,206
1627861826537,0,78,207
1627861827567,35,29,221
1627861828297,32,32,221
1627861828522,26,33,226
1627861828721,25,34,226
1627861828959,23,35,227
1627861829145,21,35,229
1627861829326,21,35,229
1627861829640,20,36,229
1627861829996,21,33,231
1627861830262,19,34,232
1627861830502,14,37,234
1627861830782,0,48,237
1627861831050,0,49,236
1627861831266,0,50,235
1627861831475,0,50,235
1627861831710,0,51,234
1627861832435,2,51,232
1627861832664,0,52,233
1627861833172,2,51,232
1627861833349,0,52,233
1627861833553,0,52,233
1627861834062,1,52,232
1627861834343,1,52,232
1627861834569,1,52,232

