lease_id,project_id,user_id,created_at,deleted_at,start_on,end_on,status,node_cnt,reserve_conditions,reserve_count_range,node_type
82108eeb83f4aceb0475789ff848b3e3,f99d9532a5b5d343b83d24d66f222d74,5b9d8c4067281432d96e03da5e80dc29,2021-03-15 17:57:31,2021-03-16 00:26:54,2021-03-15 17:58:00,2021-03-22 17:57:00,active,1,"[""=="", ""$node_type"", ""compute_cascadelake_r""]",1-1,compute_cascadelake_r
e83e1ed3f27260bb3002a97c624c5a02,f99d9532a5b5d343b83d24d66f222d74,202aad2123d2a56f8944dd56b5469599,2021-05-21 02:38:13,2021-05-21 03:30:48,2021-05-21 02:39:00,2021-05-27 02:38:00,active,1,"[""=="",""$node_type"",""compute_cascadelake_r""]",1-1,compute_cascadelake_r
dd8ee179cea869147e6c2a11e7b1b668,d38f4d2a7e8a8c0a810646f947402b59,1e317e5ce75dfd038ba9f08d65411ad0,2021-01-10 20:33:10,2021-01-10 20:35:17,2021-01-10 20:33:00,2021-01-13 20:32:00,active,1,"[""=="",""$node_type"",""compute_cascadelake_r""]",1-1,compute_cascadelake_r
90628864be54f7f538199c49b2071426,d38f4d2a7e8a8c0a810646f947402b59,1e317e5ce75dfd038ba9f08d65411ad0,2020-12-30 00:16:55,2020-12-31 19:15:35,2020-12-30 00:17:00,2021-01-05 00:16:00,active,2,"[""=="",""$node_type"",""compute_cascadelake_r""]",2-2,compute_cascadelake_r
8d081f83fd227a67c016414cd76fc745,f99d9532a5b5d343b83d24d66f222d74,5b9d8c4067281432d96e03da5e80dc29,2021-03-16 00:27:30,2021-03-22 16:51:07,2021-03-16 00:28:00,2021-03-23 00:27:00,active,1,"[""=="", ""$node_type"", ""compute_cascadelake_r""]",1-1,compute_cascadelake_r
2774c737ce91b7f8568e82dae8ffffdb,d3d413ba254feececf6375424ae4f1c3,6a1e1a46a334a3ff0ea9225e11132d76,2021-03-10 16:21:18,2021-05-01 03:17:02,2021-03-10 16:21:00,2021-05-05 16:20:00,active,1,"[""=="",""$node_type"",""compute_cascadelake_r""]",1-1,compute_cascadelake_r
765c458b2ad22d35a79d8a2865b9e2f4,c03acb678fce7e0a5aec96636a3e44b9,83c967880b2fe9e499e53c0401cf4920,2021-05-11 14:18:49,,2021-05-11 14:19:00,2021-06-10 23:45:00,active,1,"[""=="",""$node_type"",""compute_cascadelake_r""]",1-1,compute_cascadelake_r
f8f4ff070869c22693f8f03fc4532aae,7f92a507dd2e54605c1f69a046140387,e76c93139f4ab03076b5a57a4b3b2d30,2021-03-27 05:52:04,2021-03-27 16:13:46,2021-03-27 05:52:00,2021-04-03 05:51:00,active,1,"[""=="",""$node_type"",""compute_cascadelake_r""]",1-1,compute_cascadelake_r
7714633222e678a8e8da28e2f9e073ed,428774d142668f2a9a7a7c9294df29a8,2656ded7788d83146824fa3805742ed0,2020-12-11 17:36:48,2021-02-27 17:52:22,2020-12-11 17:37:00,2021-02-28 17:36:00,active,1,"[""=="",""$node_type"",""compute_cascadelake_r""]",1-1,compute_cascadelake_r
3927ecad92c74f797eb5a3f5a89a282a,f7658e95a9701e4076b36cfa280581ed,6d16c9846142603118b9b9280cf65000,2021-05-03 23:09:57,2021-05-04 05:12:23,2021-05-03 23:10:00,2021-05-05 23:09:00,active,1,"[""=="",""$node_type"",""compute_cascadelake_r""]",1-1,compute_cascadelake_r
05748f50bc1e9438cb0a1ad0fad57b65,d3d413ba254feececf6375424ae4f1c3,6a1e1a46a334a3ff0ea9225e11132d76,2021-03-26 22:43:15,2021-03-27 02:32:11,2021-03-26 22:43:00,2021-04-02 22:42:00,active,4,"[""=="",""$node_type"",""compute_cascadelake_r""]",4-4,compute_cascadelake_r
d275806215d30d869b81d3f8fa070fc8,428774d142668f2a9a7a7c9294df29a8,2656ded7788d83146824fa3805742ed0,2021-03-28 01:18:14,2021-03-28 16:37:16,2021-03-28 01:18:00,2021-04-04 01:17:00,active,1,"[""=="",""$node_type"",""compute_cascadelake_r""]",1-1,compute_cascadelake_r
1b87c801ad4de5272c277741f4dc5b94,f99d9532a5b5d343b83d24d66f222d74,4d704f67dc35c89f1165f2766725e69f,2021-06-07 13:45:26,2021-06-07 13:57:13,2021-06-07 13:45:00,2021-06-08 13:45:00,active,1,"[""="", ""$node_type"", ""compute_cascadelake_r""]",1-1,compute_cascadelake_r
4effa03f3f5d2c737db2ce27b0f1630a,f99d9532a5b5d343b83d24d66f222d74,5b9d8c4067281432d96e03da5e80dc29,2021-03-15 17:22:20,2021-03-15 17:47:04,2021-03-15 17:23:00,2021-03-22 17:22:00,active,1,"[""=="",""$node_type"",""compute_cascadelake_r""]",1-1,compute_cascadelake_r
96299964af00dce6432e4a70474f509f,15a727bd277271b0b813885217375d94,ed5c0f6cb912aae6abce99e9a0060d25,2021-05-20 13:07:52,2021-05-21 15:23:09,2021-05-20 13:08:00,2021-05-27 13:07:00,active,12,"[""=="",""$node_type"",""compute_cascadelake_r""]",12-12,compute_cascadelake_r
fe517bc2a940748223f65a1d027c292c,f7658e95a9701e4076b36cfa280581ed,6d16c9846142603118b9b9280cf65000,2021-01-27 02:11:27,2021-02-13 05:28:57,2021-01-27 02:12:00,2021-02-16 20:11:00,active,1,"[""=="",""$node_type"",""compute_cascadelake_r""]",1-1,compute_cascadelake_r
33f90f42348db2450a33030992dc87ef,72e5dc4ebc0ec715cec51cc33d12b68f,b9917d6f4bcf84b6617cd8bf0d46eae6,2021-03-05 02:02:02,2021-03-09 00:16:28,2021-03-05 02:02:00,2021-03-09 02:01:00,active,1,"[""=="",""$node_type"",""compute_cascadelake_r""]",1-1,compute_cascadelake_r
d4fa63b88289712414f3cf4b944205dc,6a780e691c1f15c2eb1f59ede8686693,3cbab44172b8901551dacd1ca1a8abfe,2021-03-30 03:02:23,2021-03-30 19:57:47,2021-03-30 03:03:00,2021-04-05 03:02:00,active,2,"[""=="",""$node_type"",""compute_cascadelake_r""]",2-2,compute_cascadelake_r
7d60ed4defb44e1be2cd987abb8ab77f,d3d413ba254feececf6375424ae4f1c3,6a1e1a46a334a3ff0ea9225e11132d76,2021-03-10 16:16:06,,2021-03-10 16:16:00,2021-06-15 03:15:00,active,1,"[""=="",""$node_type"",""compute_cascadelake_r""]",1-1,compute_cascadelake_r
c75fed0f81a03ad60e777d4242ed4c22,6a780e691c1f15c2eb1f59ede8686693,3cbab44172b8901551dacd1ca1a8abfe,2021-03-31 04:24:26,2021-04-01 20:06:19,2021-03-31 04:25:00,2021-04-06 04:24:00,active,2,"[""=="",""$node_type"",""compute_cascadelake_r""]",2-2,compute_cascadelake_r
f7ea525254f95d1d682cf7cd2f7924af,f7658e95a9701e4076b36cfa280581ed,6d16c9846142603118b9b9280cf65000,2021-01-27 01:55:03,2021-01-27 02:07:29,2021-01-27 01:55:00,2021-02-02 01:54:00,active,1,"[""=="",""$node_type"",""compute_cascadelake_r""]",1-1,compute_cascadelake_r
fa095180e5032e8df6e19a934410acc6,f99d9532a5b5d343b83d24d66f222d74,4d704f67dc35c89f1165f2766725e69f,2020-12-14 22:50:09,2020-12-15 00:45:19,2020-12-14 22:50:00,2020-12-15 22:49:00,active,1,"[""=="",""$node_type"",""compute_cascadelake_r""]",1-1,compute_cascadelake_r
4ccd6ccd84f193e4c7b24f3c5f2291df,15a727bd277271b0b813885217375d94,ed5c0f6cb912aae6abce99e9a0060d25,2021-05-21 15:23:44,2021-05-21 18:16:47,2021-05-21 15:24:00,2021-05-28 15:23:00,active,12,"[""=="",""$node_type"",""compute_cascadelake_r""]",12-12,compute_cascadelake_r
ef8402dd446b2b1175820cadf5eb562b,15a727bd277271b0b813885217375d94,ed5c0f6cb912aae6abce99e9a0060d25,2021-04-23 20:38:39,2021-05-10 14:56:32,2021-04-23 20:39:00,2021-05-12 20:38:00,active,11,"[""=="",""$node_type"",""compute_cascadelake_r""]",11-11,compute_cascadelake_r
15514b6c4be9b67dc6855230cf6c0791,f7658e95a9701e4076b36cfa280581ed,6d16c9846142603118b9b9280cf65000,2021-05-03 18:45:32,2021-05-03 23:09:20,2021-05-03 18:46:00,2021-05-05 18:45:00,active,2,"[""=="",""$node_type"",""compute_cascadelake_r""]",2-2,compute_cascadelake_r
9307dc62c5a544ba92caf479ec885024,d38f4d2a7e8a8c0a810646f947402b59,1e317e5ce75dfd038ba9f08d65411ad0,2020-12-24 00:00:38,2020-12-27 22:58:54,2020-12-24 00:01:00,2020-12-31 00:00:00,active,4,"[""=="",""$node_type"",""compute_cascadelake_r""]",4-4,compute_cascadelake_r
d6072b7b82e242d36ce00bd171e81962,d38f4d2a7e8a8c0a810646f947402b59,1e317e5ce75dfd038ba9f08d65411ad0,2020-12-16 17:03:03,2020-12-23 13:09:04,2020-12-16 17:03:00,2020-12-23 17:02:00,active,4,"[""=="",""$node_type"",""compute_cascadelake_r""]",4-4,compute_cascadelake_r
41cd4c1781173b34c608cf306d3bb1e2,d38f4d2a7e8a8c0a810646f947402b59,1e317e5ce75dfd038ba9f08d65411ad0,2021-01-10 22:21:07,2021-01-13 07:41:26,2021-01-10 22:21:00,2021-01-13 22:20:00,active,1,"[""=="",""$node_type"",""compute_cascadelake_r""]",1-1,compute_cascadelake_r
dc640532ade6fd8b52a9a290c43f6768,f38aa9b69d32b17b962c6727b58ad475,02fadc2af9f7c99e45e9e543fb7d50d1,2021-03-01 17:52:41,2021-03-01 19:58:44,2021-03-01 17:53:00,2021-03-02 17:52:00,active,1,"[""=="",""$node_type"",""compute_cascadelake_r""]",1-1,compute_cascadelake_r
c9f33edd68d7783ce2d72e3ae206d352,428774d142668f2a9a7a7c9294df29a8,2656ded7788d83146824fa3805742ed0,2021-05-13 23:39:55,2021-05-13 23:56:20,2021-05-13 23:40:00,2021-05-20 23:39:00,active,1,"[""=="",""$node_type"",""compute_cascadelake_r""]",1-1,compute_cascadelake_r
c49d529eea4b321d20324d66e24b09bf,428774d142668f2a9a7a7c9294df29a8,2656ded7788d83146824fa3805742ed0,2021-03-29 18:59:42,,2021-03-29 19:00:00,2021-04-05 18:59:00,active,4,"[""=="",""$node_type"",""compute_cascadelake_r""]",4-4,compute_cascadelake_r
9f74a612db5a6914005da371940ba50a,d38f4d2a7e8a8c0a810646f947402b59,1e317e5ce75dfd038ba9f08d65411ad0,2021-01-09 23:15:56,2021-01-10 07:35:35,2021-01-09 23:16:00,2021-01-12 23:15:00,active,1,"[""=="",""$node_type"",""compute_cascadelake_r""]",1-1,compute_cascadelake_r
cfa71281a0b90a5d6f12e480b523bf91,428774d142668f2a9a7a7c9294df29a8,2656ded7788d83146824fa3805742ed0,2021-05-13 21:49:18,2021-05-21 04:06:46,2021-05-13 21:50:00,2021-05-22 21:49:00,active,10,"[""=="",""$node_type"",""compute_cascadelake_r""]",5-10,compute_cascadelake_r
62a1d541e92535e2f0a5599f58ef4dcd,d3d413ba254feececf6375424ae4f1c3,6a1e1a46a334a3ff0ea9225e11132d76,2021-03-10 16:12:17,,2021-03-10 16:12:00,2021-03-17 16:11:00,active,1,"[""=="",""$node_type"",""compute_cascadelake_r""]",1-1,compute_cascadelake_r
7044867dd307b4775c9c7867c5cfb72b,428774d142668f2a9a7a7c9294df29a8,2656ded7788d83146824fa3805742ed0,2021-03-28 01:16:29,2021-03-28 11:04:17,2021-03-28 01:17:00,2021-04-04 01:16:00,active,1,"[""=="",""$node_type"",""compute_cascadelake_r""]",1-1,compute_cascadelake_r
f8ef19c03556e02da71900ba05b589dc,d38f4d2a7e8a8c0a810646f947402b59,1e317e5ce75dfd038ba9f08d65411ad0,2021-01-10 09:34:09,2021-01-10 09:36:09,2021-01-10 09:34:00,2021-01-13 09:33:00,active,1,"[""=="",""$node_type"",""compute_cascadelake_r""]",1-1,compute_cascadelake_r
f1ffcf700e1e9a8b2371a817c01d5127,f1662e08ec8aa64704ac477dbeacc534,55a5873ad09fd34cac67f157667f770b,2021-04-15 23:52:54,2021-04-17 01:31:50,2021-04-15 23:53:00,2021-04-17 23:52:00,active,1,"[""=="",""$node_type"",""compute_cascadelake_r""]",1-1,compute_cascadelake_r
035cb17641d337477d4ea3d6574ed797,f99d9532a5b5d343b83d24d66f222d74,09bf9b381601466600058056f17dac95,2020-11-30 22:28:19,2020-12-03 16:30:47,2020-11-30 22:29:00,2020-12-07 22:28:00,active,14,"[""=="",""$node_type"",""compute_cascadelake_r""]",14-14,compute_cascadelake_r
21b8af772dbc8c50d8b5307629b8704f,f99d9532a5b5d343b83d24d66f222d74,202aad2123d2a56f8944dd56b5469599,2020-12-16 02:19:25,2020-12-16 16:29:54,2020-12-16 02:20:00,2020-12-22 02:19:00,active,1,"[""=="",""$node_type"",""compute_cascadelake_r""]",1-1,compute_cascadelake_r
177cda785347fc311690343b98d2dd80,15a727bd277271b0b813885217375d94,ed5c0f6cb912aae6abce99e9a0060d25,2020-12-18 22:19:00,2020-12-18 22:20:16,2020-12-18 22:19:00,2020-12-25 22:18:00,active,6,"[""=="",""$node_type"",""compute_cascadelake_r""]",6-6,compute_cascadelake_r
e1cbcaa27dd015e2079d695ce6cfc019,f99d9532a5b5d343b83d24d66f222d74,202aad2123d2a56f8944dd56b5469599,2021-05-21 03:41:09,2021-05-21 03:55:24,2021-05-21 03:41:00,2021-05-27 03:40:00,active,4,"[""=="",""$node_type"",""compute_cascadelake_r""]",1-10,compute_cascadelake_r
d27dd741fa22e8ffb12496e7ac0fdf7b,6a780e691c1f15c2eb1f59ede8686693,3cbab44172b8901551dacd1ca1a8abfe,2021-04-11 19:51:22,,2021-04-11 19:52:00,2021-06-12 19:51:00,active,1,"[""=="",""$node_type"",""compute_cascadelake_r""]",1-1,compute_cascadelake_r
a2dbbde75f41c769fb70e549b4ae95fe,428774d142668f2a9a7a7c9294df29a8,2656ded7788d83146824fa3805742ed0,2021-03-28 16:39:46,2021-03-28 17:13:50,2021-03-28 16:40:00,2021-04-04 16:39:00,active,4,"[""=="",""$node_type"",""compute_cascadelake_r""]",4-4,compute_cascadelake_r
aa339117b306c60dbab4c3436478fe00,f1662e08ec8aa64704ac477dbeacc534,55a5873ad09fd34cac67f157667f770b,2021-04-27 05:51:54,2021-04-27 06:21:18,2021-04-27 05:52:00,2021-04-29 05:51:00,active,1,"[""=="",""$node_type"",""compute_cascadelake_r""]",1-1,compute_cascadelake_r
24eb0c08cd4889de7f9dc77947f4d936,15a727bd277271b0b813885217375d94,ed5c0f6cb912aae6abce99e9a0060d25,2021-04-23 03:14:27,2021-04-23 20:38:01,2021-04-23 03:15:00,2021-04-29 03:14:00,active,11,"[""=="",""$node_type"",""compute_cascadelake_r""]",11-11,compute_cascadelake_r
849272d0bc48809cd989dbe9b062993b,428774d142668f2a9a7a7c9294df29a8,2656ded7788d83146824fa3805742ed0,2021-03-28 01:19:01,2021-03-28 11:04:27,2021-03-28 01:19:00,2021-04-04 01:18:00,active,1,"[""=="",""$node_type"",""compute_cascadelake_r""]",1-1,compute_cascadelake_r
7b80cf88be6557f1959c64e89f2e52cc,f99d9532a5b5d343b83d24d66f222d74,09bf9b381601466600058056f17dac95,2020-11-29 15:45:02,2020-11-30 01:26:07,2020-11-29 15:45:00,2020-12-06 15:44:00,active,1,"[""=="",""$node_type"",""compute_cascadelake_r""]",1-1,compute_cascadelake_r
06098c1c27b3cb426a1e7e8858ce7704,d3d413ba254feececf6375424ae4f1c3,6a1e1a46a334a3ff0ea9225e11132d76,2021-04-07 13:07:50,2021-04-18 18:06:10,2021-04-07 13:08:00,2021-04-21 13:07:00,active,7,"[""=="",""$node_type"",""compute_cascadelake_r""]",7-7,compute_cascadelake_r
5de2994b273cf334cfbb25aacde77be8,f99d9532a5b5d343b83d24d66f222d74,09bf9b381601466600058056f17dac95,2020-11-27 20:51:57,2020-11-28 06:06:11,2020-11-27 20:52:00,2020-12-04 20:51:00,active,14,"[""=="",""$node_type"",""compute_cascadelake_r""]",14-14,compute_cascadelake_r
9d634ee06896ba23d59ec7793027e06e,f99d9532a5b5d343b83d24d66f222d74,5b9d8c4067281432d96e03da5e80dc29,2021-04-06 00:15:50,2021-04-06 00:39:31,2021-04-06 00:16:00,2021-04-13 00:15:00,active,1,"[""=="", ""$node_type"", ""compute_cascadelake_r""]",1-1,compute_cascadelake_r
895046d7f9e37c137d230a5c09987a65,3a1f5506e09d1195059c966943649509,11d1352b14bfe1d0690e65c864bff341,2021-03-25 19:10:20,2021-03-25 20:08:17,2021-03-25 19:11:00,2021-03-26 19:10:00,active,10,"[""=="",""$node_type"",""compute_cascadelake_r""]",1-10,compute_cascadelake_r
60a9b2c9a47ea4e7c0983107de3e9308,428774d142668f2a9a7a7c9294df29a8,2656ded7788d83146824fa3805742ed0,2020-12-07 16:06:02,2021-03-20 05:40:51,2020-12-07 16:06:00,2021-03-20 16:05:00,active,1,"[""=="",""$node_type"",""compute_cascadelake_r""]",1-1,compute_cascadelake_r
dec24cbb88930709c9d5993a9b2f24c4,6a780e691c1f15c2eb1f59ede8686693,3cbab44172b8901551dacd1ca1a8abfe,2021-03-16 18:12:10,2021-04-01 20:06:50,2021-03-16 18:12:00,2021-04-07 18:11:00,active,2,"[""=="",""$node_type"",""compute_cascadelake_r""]",2-2,compute_cascadelake_r
80359a0b4b90e5c9bbbfa9be2f053785,428774d142668f2a9a7a7c9294df29a8,2656ded7788d83146824fa3805742ed0,2021-03-19 14:29:24,2021-03-20 00:06:12,2021-03-19 14:30:00,2021-03-21 14:29:00,active,1,"[""=="",""$node_type"",""compute_cascadelake_r""]",1-1,compute_cascadelake_r
b61867b22d7d17983446e1f355036d5f,f1662e08ec8aa64704ac477dbeacc534,55a5873ad09fd34cac67f157667f770b,2021-04-25 00:05:16,2021-04-25 02:07:08,2021-04-25 00:05:00,2021-04-26 00:04:00,active,1,"[""=="",""$node_type"",""compute_cascadelake_r""]",1-1,compute_cascadelake_r
eaf19146f37afb981430842ac4073e59,766e525ec732cc88111f71b501c2fedf,7837697a518666f3a01b837592448fb8,2021-03-09 03:08:03,2021-03-12 07:35:03,2021-03-09 03:08:00,2021-03-14 07:59:00,active,12,"[""=="",""$node_type"",""compute_cascadelake_r""]",12-12,compute_cascadelake_r
3fcc587e1531d22f9453a9f6dae03d0e,15a727bd277271b0b813885217375d94,ed5c0f6cb912aae6abce99e9a0060d25,2021-05-11 00:49:21,2021-05-19 16:26:32,2021-05-11 00:50:00,2021-05-21 00:49:00,active,1,"[""=="",""$node_type"",""compute_cascadelake_r""]",1-1,compute_cascadelake_r
61a582a89908afc55f2207d2b320ecd6,428774d142668f2a9a7a7c9294df29a8,2656ded7788d83146824fa3805742ed0,2021-04-21 14:33:35,2021-05-04 06:01:36,2021-04-21 14:34:00,2021-05-05 14:33:00,active,1,"[""=="",""$node_type"",""compute_cascadelake_r""]",1-1,compute_cascadelake_r
da893f8bc5bce79ad4377bfb60277eeb,f99d9532a5b5d343b83d24d66f222d74,09bf9b381601466600058056f17dac95,2020-11-28 15:07:38,2020-11-30 22:27:18,2020-11-28 15:08:00,2020-12-05 15:07:00,active,14,"[""=="",""$node_type"",""compute_cascadelake_r""]",14-14,compute_cascadelake_r
788833359448d468e8f1db69feb2d1e2,428774d142668f2a9a7a7c9294df29a8,2656ded7788d83146824fa3805742ed0,2021-03-27 20:47:44,2021-03-28 01:15:19,2021-03-27 20:48:00,2021-04-03 20:47:00,active,4,"[""=="",""$node_type"",""compute_cascadelake_r""]",4-4,compute_cascadelake_r
1072848efb02f799d80cbfac5d74c9dc,15a727bd277271b0b813885217375d94,ed5c0f6cb912aae6abce99e9a0060d25,2021-05-19 20:27:13,2021-05-20 13:05:16,2021-05-19 20:27:00,2021-05-26 20:26:00,active,2,"[""=="",""$node_type"",""compute_cascadelake_r""]",2-2,compute_cascadelake_r
ad324120a29135de24812de415e92b7f,f7658e95a9701e4076b36cfa280581ed,6d16c9846142603118b9b9280cf65000,2021-05-06 00:15:20,2021-05-06 00:53:41,2021-05-06 00:16:00,2021-05-07 00:15:00,active,1,"[""=="",""$node_type"",""compute_cascadelake_r""]",1-1,compute_cascadelake_r
09c665a21c01d03c97c13bb6ee3ddcbe,428774d142668f2a9a7a7c9294df29a8,2656ded7788d83146824fa3805742ed0,2021-05-13 23:40:36,2021-05-13 23:56:29,2021-05-13 23:41:00,2021-05-20 23:40:00,active,1,"[""=="",""$node_type"",""compute_cascadelake_r""]",1-1,compute_cascadelake_r
c9dce44a0ac31bae0dbf296258019c50,f7658e95a9701e4076b36cfa280581ed,6d16c9846142603118b9b9280cf65000,2021-02-14 17:00:43,2021-04-16 03:39:30,2021-02-14 17:01:00,2021-04-17 20:00:00,active,2,"[""=="",""$node_type"",""compute_cascadelake_r""]",2-2,compute_cascadelake_r
f6a0e5c9ede653abb326f87a3ced6004,428774d142668f2a9a7a7c9294df29a8,2656ded7788d83146824fa3805742ed0,2021-05-14 00:28:59,2021-05-14 00:45:30,2021-05-14 00:29:00,2021-05-21 00:28:00,active,1,"[""=="",""$node_type"",""compute_cascadelake_r""]",1-1,compute_cascadelake_r
3bd0e177c43339c9571f90c7aa9ae8de,f99d9532a5b5d343b83d24d66f222d74,5b9d8c4067281432d96e03da5e80dc29,2021-06-01 16:53:22,,2021-06-01 16:54:00,2021-06-08 16:53:00,active,1,"[""=="", ""$node_type"", ""compute_cascadelake_r""]",1-1,compute_cascadelake_r
6bde96a334729386d28b9f7e2699360b,428774d142668f2a9a7a7c9294df29a8,2656ded7788d83146824fa3805742ed0,2021-03-28 01:17:20,2021-03-28 11:04:53,2021-03-28 01:18:00,2021-04-04 01:17:00,active,1,"[""=="",""$node_type"",""compute_cascadelake_r""]",1-1,compute_cascadelake_r
6e6b5c070bf681ae47746c64417bd60c,d3d413ba254feececf6375424ae4f1c3,6a1e1a46a334a3ff0ea9225e11132d76,2021-03-29 19:31:21,2021-04-18 18:07:37,2021-03-29 19:31:00,2021-04-19 19:30:00,active,7,"[""=="",""$node_type"",""compute_cascadelake_r""]",7-7,compute_cascadelake_r
212a320c9dafef72d29e042728fc87dc,f99d9532a5b5d343b83d24d66f222d74,5b9d8c4067281432d96e03da5e80dc29,2021-03-22 16:51:27,2021-04-05 17:40:31,2021-03-22 16:52:00,2021-04-05 16:51:00,active,1,"[""=="", ""$node_type"", ""compute_cascadelake_r""]",1-1,compute_cascadelake_r
419a26cf83491ec429844df587aa1513,15a727bd277271b0b813885217375d94,ed5c0f6cb912aae6abce99e9a0060d25,2021-05-19 17:54:11,2021-05-20 13:05:37,2021-05-19 17:55:00,2021-05-26 17:54:00,active,10,"[""=="",""$node_type"",""compute_cascadelake_r""]",10-10,compute_cascadelake_r
037d6ffa0e8e0aad6f89cab1c8e764ba,6a780e691c1f15c2eb1f59ede8686693,3cbab44172b8901551dacd1ca1a8abfe,2021-03-10 16:07:21,2021-03-17 00:40:20,2021-03-10 16:08:00,2021-03-22 16:07:00,active,1,"[""=="",""$node_type"",""compute_cascadelake_r""]",1-1,compute_cascadelake_r
afc4012fba643427305eefc3a17aa443,d3d413ba254feececf6375424ae4f1c3,6a1e1a46a334a3ff0ea9225e11132d76,2021-04-08 00:11:11,2021-04-18 18:08:43,2021-04-08 00:10:00,2021-04-21 00:09:00,active,7,"[""=="",""$node_type"",""compute_cascadelake_r""]",7-7,compute_cascadelake_r
3f0cb861b05b34aced16fd71ce30cd32,428774d142668f2a9a7a7c9294df29a8,2656ded7788d83146824fa3805742ed0,2021-05-13 23:55:27,2021-05-21 04:07:11,2021-05-13 23:56:00,2021-05-22 23:55:00,active,2,"[""=="",""$node_type"",""compute_cascadelake_r""]",2-2,compute_cascadelake_r
910c21b3a713fe88973beb7ad5dc5c59,d3d413ba254feececf6375424ae4f1c3,6a1e1a46a334a3ff0ea9225e11132d76,2021-04-20 21:21:43,,2021-04-20 21:22:00,2021-06-15 21:21:00,active,1,"[""=="",""$node_type"",""compute_cascadelake_r""]",1-1,compute_cascadelake_r
46ab899d6c18a9265c76149f428f7b34,428774d142668f2a9a7a7c9294df29a8,2656ded7788d83146824fa3805742ed0,2021-05-15 00:32:19,2021-05-15 03:29:08,2021-05-15 00:33:00,2021-05-22 00:32:00,active,10,"[""=="",""$node_type"",""compute_cascadelake_r""]",10-10,compute_cascadelake_r
f4d74791ceb03c8b77f79d79d59e740c,f99d9532a5b5d343b83d24d66f222d74,09bf9b381601466600058056f17dac95,2020-11-27 02:15:01,2020-11-27 12:04:02,2020-11-27 02:15:00,2020-12-04 02:14:00,active,14,"[""=="",""$node_type"",""compute_cascadelake_r""]",14-14,compute_cascadelake_r
dbfb7825654da9b7214cb0964f04f1f0,428774d142668f2a9a7a7c9294df29a8,2656ded7788d83146824fa3805742ed0,2021-03-29 14:02:34,2021-03-29 15:02:32,2021-03-29 14:03:00,2021-04-05 14:02:00,active,4,"[""=="",""$node_type"",""compute_cascadelake_r""]",4-4,compute_cascadelake_r
