lease_id,project_id,user_id,created_at,deleted_at,start_on,end_on,status,node_cnt,reserve_conditions,reserve_count_range,node_type
434277c4e1cd57afeaf8387e58fe83c0,2ed75d91fc74a388e4327114e16dfff5,3cb88aa0960c44581090be02abbd1150,2020-06-22 16:17:31,2020-06-23 22:32:32,2020-06-22 16:18:00,2020-06-24 16:17:00,active,2,"[""=="",""$node_type"",""compute_cascadelake""]",2-2,compute_cascadelake
7ed4f479f5291dd6b4062f6f873f61b8,72e5dc4ebc0ec715cec51cc33d12b68f,b9917d6f4bcf84b6617cd8bf0d46eae6,2021-04-27 23:19:24,2021-04-28 00:15:27,2021-04-27 23:21:00,2021-04-28 23:19:00,active,1,"[""=="",""$node_type"",""compute_cascadelake""]",1-1,compute_cascadelake
d16511d19046f893d1a68e86778b45e3,6ac979f159cd2148815178e197c57b80,bdfe13c138856e075c9be395e71e9d29,2020-11-28 17:03:06,2020-12-07 04:06:22,2020-11-28 17:03:00,2020-12-09 17:02:00,active,1,"[""=="",""$node_type"",""compute_cascadelake""]",1-1,compute_cascadelake
833d26ad21e2dbcba7793728f520f1fd,3a1f5506e09d1195059c966943649509,31116643c275608534777e1ad3324dc2,2021-04-28 16:04:14,2021-04-28 18:22:51,2021-04-28 16:05:00,2021-04-29 16:04:00,active,1,"[""=="", ""$node_type"", ""compute_cascadelake""]",1-1,compute_cascadelake
eb260b48c9d96dc0e80062fdec8f4784,3a1f5506e09d1195059c966943649509,31116643c275608534777e1ad3324dc2,2021-04-28 18:43:08,2021-04-29 16:59:59,2021-04-28 18:44:00,2021-04-29 18:43:00,active,1,"[""=="", ""$node_type"", ""compute_cascadelake""]",1-1,compute_cascadelake
96ace2d85c871efd2d540b11c704dd1b,b0a35f25af1d7434d5c8d1c263121b47,181f3d1d18b414262bf2944775ac335b,2020-04-11 01:17:30,2020-04-30 21:41:36,2020-04-11 01:18:00,2020-05-07 01:17:00,active,1,"[""=="",""$node_type"",""compute_cascadelake""]",1-1,compute_cascadelake
90d612567a1ae7b0a2db0f90e7d233bd,c03acb678fce7e0a5aec96636a3e44b9,83c967880b2fe9e499e53c0401cf4920,2021-04-27 16:14:06,2021-04-27 18:04:32,2021-04-27 16:14:00,2021-05-03 23:45:00,active,1,"[""=="",""$node_type"",""compute_cascadelake""]",1-1,compute_cascadelake
05e086ac38b160953a426574d453b7e4,f99d9532a5b5d343b83d24d66f222d74,202aad2123d2a56f8944dd56b5469599,2020-12-17 05:25:11,2020-12-17 05:28:04,2020-12-17 05:25:00,2020-12-18 05:24:00,active,1,"[""=="",""$node_type"",""compute_cascadelake""]",1-1,compute_cascadelake
97e073aae0e383f9131bbf58a392c583,8a17388eb3a951284dcd4809691f330f,fe22ee477616ba25d872b9dc52bee44e,2021-02-01 23:01:24,2021-02-02 18:15:03,2021-02-01 23:02:00,2021-02-05 23:01:00,active,10,"[""=="",""$node_type"",""compute_cascadelake""]",10-10,compute_cascadelake
cc190981d1af4cce9ef5738b44ae0c26,72e5dc4ebc0ec715cec51cc33d12b68f,b9917d6f4bcf84b6617cd8bf0d46eae6,2021-03-08 02:28:30,2021-03-09 00:21:19,2021-03-08 02:30:00,2021-03-09 02:28:00,active,1,"[""=="",""$node_type"",""compute_cascadelake""]",1-1,compute_cascadelake
2287acf60e1e58c51eb52ed8bebfb726,405c5824540d6d5361b5789ac9a2c806,081790b0e4a39e5852f143c1a8670439,2020-06-02 21:33:21,2020-06-08 16:16:11,2020-06-02 21:33:00,2020-06-09 21:33:00,active,1,"[""="", ""$node_type"", ""compute_cascadelake""]",1-1,compute_cascadelake
f0f2f9d1efcc1e11b5f8220a3ea40b8e,428774d142668f2a9a7a7c9294df29a8,2656ded7788d83146824fa3805742ed0,2021-03-27 19:38:42,2021-03-27 20:46:13,2021-03-27 19:39:00,2021-04-03 19:38:00,active,4,"[""=="",""$node_type"",""compute_cascadelake""]",4-4,compute_cascadelake
0cf4f6a7e64eebcffc132637de349edb,8e0aa369ac2940789356df33659147c8,48bad660a1e2ec59eb360536f9aa951a,2020-01-26 06:06:14,2020-01-27 15:05:46,2020-01-26 06:06:00,2020-02-02 06:06:00,active,1,"[""="", ""$node_type"", ""compute_cascadelake""]",1-1,compute_cascadelake
7b46e79f53e6a92c8c0d9ff322d22974,55e8e8819abe822e5c572817b279888d,c5aa5399bed1684340f12454abbf4271,2020-07-28 21:42:07,2020-07-28 21:42:28,2020-07-28 21:42:00,2020-07-29 21:41:00,active,1,"[""=="",""$node_type"",""compute_cascadelake""]",1-1,compute_cascadelake
7ec877cd8cde049fa3a5c7be5a791c43,6d1937b0a35ac0cb91556987ed3c4508,7d5a7dae3e32f7095142fe4c1128e895,2020-01-19 00:23:49,2020-01-19 01:02:33,2020-01-19 00:24:00,2020-01-24 00:23:00,active,5,"[""=="",""$node_type"",""compute_cascadelake""]",5-5,compute_cascadelake
f61619db9b1ec045888ad0bd9b881fa4,dae371c267c9f8cebe5bd6a776e78b3b,7a82d984b261bf1b7bd4f2cfc9fbe96f,2021-02-13 15:50:33,2021-04-09 15:01:49,2021-02-13 15:51:00,2021-04-12 15:50:00,active,1,"[""=="",""$node_type"",""compute_cascadelake""]",1-1,compute_cascadelake
147ffcf9e2352ed16c1b42c2ea78b9a4,f99d9532a5b5d343b83d24d66f222d74,e50fbd600280ac3b0af27f91f0567cde,2021-03-10 19:51:05,2021-03-10 22:22:44,2021-03-10 19:51:00,2021-03-12 00:00:00,active,1,"[""=="",""$node_type"",""compute_cascadelake""]",1-1,compute_cascadelake
f3618f802abebc9d12ddbb491218c417,8dc78ebd80294047982647b4092ad272,c1086d42f88bc7fa0894c90b49d1db8d,2019-12-11 02:19:14,2019-12-11 03:00:38,2019-12-11 02:20:00,2019-12-17 22:00:00,active,1,"[""=="",""$node_type"",""compute_cascadelake""]",1-1,compute_cascadelake
d5fff181eadbbbd08b6d64aef1be0e45,b0a35f25af1d7434d5c8d1c263121b47,181f3d1d18b414262bf2944775ac335b,2020-02-01 01:28:32,2020-02-01 02:15:09,2020-02-01 01:29:00,2020-02-07 01:28:00,active,1,"[""=="",""$node_type"",""compute_cascadelake""]",1-1,compute_cascadelake
3c7fbde66516d217ce04bd24607b7199,b0a35f25af1d7434d5c8d1c263121b47,181f3d1d18b414262bf2944775ac335b,2020-02-01 04:42:26,2020-02-06 00:15:05,2020-02-01 04:43:00,2020-02-07 04:42:00,active,1,"[""=="",""$node_type"",""compute_cascadelake""]",1-1,compute_cascadelake
cc50b04bf87c820c9fcaabb08917c6c9,3a1f5506e09d1195059c966943649509,31116643c275608534777e1ad3324dc2,2021-05-17 16:07:42,2021-05-21 15:46:46,2021-05-17 16:08:00,2021-05-25 16:07:00,active,1,"[""=="", ""$node_type"", ""compute_cascadelake""]",1-1,compute_cascadelake
544c17fb91739dc8de6c327071493946,f00cc6f3479bce271ce6850f466b57ce,58a67f83563bedd8a49dcae54f91336a,2020-07-06 22:58:35,2020-07-06 23:42:29,2020-07-06 22:59:00,2020-07-11 22:58:00,active,1,"[""=="",""$node_type"",""compute_cascadelake""]",1-1,compute_cascadelake
42754aa192fee13a1dddae0b87920369,39176fc87764f92a22ca7f965a4e8b91,85830561fd91fd406a6cab3084c04a63,2021-03-23 05:59:16,2021-03-23 07:09:59,2021-03-23 05:59:00,2021-03-28 05:58:00,active,1,"[""=="",""$node_type"",""compute_cascadelake""]",1-1,compute_cascadelake
ab4be8f4a7c219e681c65ad5946fa9c3,8146269a593fb3b18e16d7a1bac243ce,388275613ed91dfd0954ccea637432c9,2019-12-11 20:17:25,2020-01-04 16:46:56,2019-12-11 20:18:00,2020-01-07 20:17:00,active,1,"[""=="",""$node_type"",""compute_cascadelake""]",1-1,compute_cascadelake
efc43f69463b213b1ac433f307648f07,6d13f7dda5f75d976cadccecd4b2e7f4,e5cf29434363a06feaf5f20d5cbf2704,2021-01-15 09:15:08,2021-01-15 11:03:15,2021-01-15 09:15:00,2021-01-20 09:14:00,active,1,"[""=="",""$node_type"",""compute_cascadelake""]",1-1,compute_cascadelake
28d3eb55138de525c4b9e4950287a119,39176fc87764f92a22ca7f965a4e8b91,2b3c7c5ae8918ece61916cd6585f890a,2021-01-14 23:32:23,2021-01-15 17:19:34,2021-01-14 23:33:00,2021-01-15 23:32:00,active,1,"[""=="",""$node_type"",""compute_cascadelake""]",1-1,compute_cascadelake
906a82ad8cd7306edc9f12f03d92891a,8e0aa369ac2940789356df33659147c8,9e01d78a4e95b9355fae3efc29aff1e9,2020-05-09 05:06:31,2020-05-09 10:40:25,2020-05-09 05:07:00,2020-05-16 05:06:00,active,1,"[""=="",""$node_type"",""compute_cascadelake""]",1-1,compute_cascadelake
005ace7dad0c68431be4edfc1b1ce2ad,2ed75d91fc74a388e4327114e16dfff5,27a172392615444e6e8bed918a18b535,2020-08-02 23:02:37,2020-08-04 23:59:31,2020-08-02 23:03:00,2020-08-06 23:02:00,active,1,"[""=="",""$node_type"",""compute_cascadelake""]",1-1,compute_cascadelake
2f35be9300f0d2d6ad9b71a2faf08b70,8146269a593fb3b18e16d7a1bac243ce,388275613ed91dfd0954ccea637432c9,2019-12-11 20:14:46,2020-01-04 16:47:06,2019-12-11 20:15:00,2020-01-07 20:14:00,active,1,"[""=="",""$node_type"",""compute_cascadelake""]",1-1,compute_cascadelake
99412c0a7b8f99d068d5895ea25fc230,b0a35f25af1d7434d5c8d1c263121b47,181f3d1d18b414262bf2944775ac335b,2020-02-24 18:22:21,2020-02-29 16:37:43,2020-02-24 18:23:00,2020-03-06 18:22:00,active,1,"[""=="",""$node_type"",""compute_cascadelake""]",1-1,compute_cascadelake
9c4e5c1da22dfe1679cf3431a6fd5324,2ed75d91fc74a388e4327114e16dfff5,3cb88aa0960c44581090be02abbd1150,2020-06-20 23:55:13,2020-06-23 19:44:12,2020-06-20 23:56:00,2020-06-24 23:55:00,active,3,"[""=="",""$node_type"",""compute_cascadelake""]",3-3,compute_cascadelake
0cf0988bba3b43bcaa6ac81a6a929495,b0a35f25af1d7434d5c8d1c263121b47,181f3d1d18b414262bf2944775ac335b,2020-03-11 23:12:32,2020-03-12 00:28:03,2020-03-11 23:13:00,2020-03-17 23:12:00,active,1,"[""=="",""$node_type"",""compute_cascadelake""]",1-1,compute_cascadelake
47511032309a0550950e2bb18a12505e,6ac979f159cd2148815178e197c57b80,bdfe13c138856e075c9be395e71e9d29,2020-11-28 17:00:50,2020-12-07 04:06:12,2020-11-28 17:01:00,2020-12-09 17:00:00,active,1,"[""=="",""$node_type"",""compute_cascadelake""]",1-1,compute_cascadelake
d41fbf664662f73c22e50d2fa6034412,cb634f9eb6765329bc1afe63c926d23a,38a5c80d1be71d4be4e9d76ae774aa9a,2021-03-05 17:30:08,2021-03-25 13:21:39,2021-03-05 17:30:00,2021-03-26 17:29:00,active,1,"[""=="",""$node_type"",""compute_cascadelake""]",1-1,compute_cascadelake
66b037c42af57c7bb7eaea1f1f32c315,b0a35f25af1d7434d5c8d1c263121b47,181f3d1d18b414262bf2944775ac335b,2020-01-20 16:28:42,2020-01-25 18:44:24,2020-01-20 16:29:00,2020-01-26 16:28:00,active,1,"[""=="",""$node_type"",""compute_cascadelake""]",1-1,compute_cascadelake
e24b43e422c8c357c7817eac33c22b98,e5ac5c5bbafdca974b742264dfe9029c,47766d6fd23fbc7120d7ec640e0da4da,2020-08-24 20:44:54,2020-08-24 23:12:11,2020-08-24 20:45:00,2020-08-31 20:44:00,active,1,"[""=="",""$node_type"",""compute_cascadelake""]",1-1,compute_cascadelake
179e82deafabbbcb93185efe24fb5e5c,b0a35f25af1d7434d5c8d1c263121b47,181f3d1d18b414262bf2944775ac335b,2020-02-08 01:36:00,2020-02-14 07:16:02,2020-02-08 01:36:00,2020-02-19 01:35:00,active,1,"[""=="",""$node_type"",""compute_cascadelake""]",1-1,compute_cascadelake
4c2290a0c587a57bb7d657c3f3a44381,b0a35f25af1d7434d5c8d1c263121b47,181f3d1d18b414262bf2944775ac335b,2020-02-12 20:42:47,2020-02-14 07:16:06,2020-02-12 20:43:00,2020-02-18 20:42:00,active,1,"[""=="",""$node_type"",""compute_cascadelake""]",1-1,compute_cascadelake
ff121af9c795d953f3f1bca592f1b9b1,b15afa3c56dd451837de15a79edbe60a,7b3f2e851eacc1920aad1b10d7c363b7,2020-08-24 19:42:26,2020-08-28 12:59:30,2020-08-24 19:43:00,2020-08-29 19:42:00,active,1,"[""=="",""$node_type"",""compute_cascadelake""]",1-1,compute_cascadelake
9221a93521ad0ee8c9eb486a2f40a633,fb348a3cac4abf3feb12e141eb967416,496599f5a12135293f0d7405e8a23465,2020-08-27 17:41:08,2020-08-27 17:45:43,2020-08-27 17:41:00,2020-09-03 17:40:00,active,1,"[""=="",""$node_type"",""compute_cascadelake""]",1-1,compute_cascadelake
a272a34facd932d9e024136ad530f10c,666de5295c9fd9e404701c78e5bcfa9e,bbbb30df9ef5575a22b98a0775529c5a,2019-11-25 20:27:07,2019-11-25 21:21:08,2019-11-25 20:28:00,2019-12-09 20:27:00,active,24,"[""=="",""$node_type"",""compute_cascadelake""]",24-24,compute_cascadelake
d6700e223cd2768429568dca86217368,273c67bff1d74021f9e1852a9a3c8fc0,38d1a211502bb987c140f8c93f5098b4,2020-01-09 19:40:07,2020-01-09 21:14:20,2020-01-09 19:40:00,2020-01-10 19:39:00,active,1,"[""=="",""$node_type"",""compute_cascadelake""]",1-1,compute_cascadelake
da2f9ec5795aa45cfa6a8454a3a2d266,b0a35f25af1d7434d5c8d1c263121b47,181f3d1d18b414262bf2944775ac335b,2020-02-02 17:00:03,2020-02-06 00:15:19,2020-02-02 17:00:00,2020-02-08 16:59:00,active,1,"[""=="",""$node_type"",""compute_cascadelake""]",1-1,compute_cascadelake
89543513c89a0e922691d0538eeceb47,666de5295c9fd9e404701c78e5bcfa9e,bbbb30df9ef5575a22b98a0775529c5a,2019-11-25 21:35:23,2019-12-02 20:23:41,2019-11-25 21:36:00,2019-12-09 21:35:00,active,23,"[""=="",""$node_type"",""compute_cascadelake""]",23-23,compute_cascadelake
b34629a65c8e3fb50ae2d193db1be8fe,8e0aa369ac2940789356df33659147c8,b72fc9e692126a731489a2f27a882a9b,2020-01-10 04:17:21,2020-01-10 20:03:41,2020-01-10 04:18:00,2020-01-16 04:17:00,active,1,"[""=="",""$node_type"",""compute_cascadelake""]",1-1,compute_cascadelake
1165551eb983e33a74e1ba83997c7fbd,2ed75d91fc74a388e4327114e16dfff5,3cb88aa0960c44581090be02abbd1150,2020-07-30 23:43:53,2020-07-31 22:13:05,2020-07-30 23:44:00,2020-08-02 23:43:00,active,2,"[""=="",""$node_type"",""compute_cascadelake""]",2-2,compute_cascadelake
f405a3684c579d0e609712895a516a45,72e5dc4ebc0ec715cec51cc33d12b68f,b9917d6f4bcf84b6617cd8bf0d46eae6,2021-02-22 05:47:14,2021-02-23 05:21:50,2021-02-22 05:48:00,2021-02-24 05:46:00,active,1,"[""=="",""$node_type"",""compute_cascadelake""]",1-1,compute_cascadelake
664bef7881978d7b8b1875d604b57dcb,f99d9532a5b5d343b83d24d66f222d74,202aad2123d2a56f8944dd56b5469599,2021-05-15 20:03:50,2021-05-15 21:57:25,2021-05-15 20:04:00,2021-05-19 20:03:00,active,1,"[""=="",""$node_type"",""compute_cascadelake""]",1-1,compute_cascadelake
d658b8a9d8a4b9306edc1830b6d636bd,6d13f7dda5f75d976cadccecd4b2e7f4,e5cf29434363a06feaf5f20d5cbf2704,2021-01-14 22:06:03,2021-01-14 23:48:15,2021-01-14 22:06:00,2021-01-19 22:05:00,active,1,"[""=="",""$node_type"",""compute_cascadelake""]",1-1,compute_cascadelake
729867e35dc18254d4118431c0d1d55e,8e0aa369ac2940789356df33659147c8,48bad660a1e2ec59eb360536f9aa951a,2020-01-11 06:28:50,2020-01-13 15:05:46,2020-01-11 06:29:00,2020-01-18 06:28:00,active,1,"[""=="",""$node_type"",""compute_cascadelake""]",1-1,compute_cascadelake
c694af4d5e4f35116aed1eb3973528dd,d3d413ba254feececf6375424ae4f1c3,6a1e1a46a334a3ff0ea9225e11132d76,2021-03-15 15:31:06,2021-03-23 06:13:48,2021-03-15 15:31:00,2021-03-23 15:30:00,active,1,"[""=="",""$node_type"",""compute_cascadelake""]",1-1,compute_cascadelake
c8bd04225a4dbf101374163e48cbc3c3,2ed75d91fc74a388e4327114e16dfff5,3cb88aa0960c44581090be02abbd1150,2020-08-06 18:59:17,2020-08-14 13:18:35,2020-08-06 19:00:00,2020-08-14 18:59:00,active,1,"[""=="",""$node_type"",""compute_cascadelake""]",1-1,compute_cascadelake
945725419f4f131c9cc68679a00f23fb,b0a35f25af1d7434d5c8d1c263121b47,181f3d1d18b414262bf2944775ac335b,2020-01-18 04:30:49,2020-01-31 18:42:08,2020-01-18 04:31:00,2020-02-02 04:30:00,active,1,"[""=="",""$node_type"",""compute_cascadelake""]",1-1,compute_cascadelake
e7a9b793b4cd3d6cae3a779dfa7f6bcb,377586c3830faa47e6a4a68b4a923354,1e317e5ce75dfd038ba9f08d65411ad0,2021-05-13 17:40:12,2021-05-17 18:33:56,2021-05-13 17:41:00,2021-05-20 17:40:00,active,1,"[""=="",""$node_type"",""compute_cascadelake""]",1-1,compute_cascadelake
99dacddb1bac1c643636d66bd0c24c7a,96cf160772d373f3d105b331c7949c45,638b875eb24a28aa32620e9b4a228d97,2021-04-04 23:23:12,2021-04-07 02:53:15,2021-04-04 23:23:00,2021-04-11 23:22:00,active,1,"[""=="",""$node_type"",""compute_cascadelake""]",1-1,compute_cascadelake
8617f7a275c0b0a0fc83907828f2cbf2,13bcbe8a03b7594ea410dcef51b1fea3,d3f237bb31f736bac1f1ad00d491fb9e,2020-10-26 21:51:30,2020-10-27 07:06:10,2020-10-26 21:52:00,2020-10-30 21:51:00,active,1,"[""=="",""$node_type"",""compute_cascadelake""]",1-1,compute_cascadelake
75bee4fe3aad84192946c2137094be1a,b0a35f25af1d7434d5c8d1c263121b47,181f3d1d18b414262bf2944775ac335b,2020-02-15 18:21:04,2020-02-23 04:58:39,2020-02-15 18:21:00,2020-02-25 18:20:00,active,1,"[""=="",""$node_type"",""compute_cascadelake""]",1-1,compute_cascadelake
2166d33627cf701c69246737887dc746,b0a35f25af1d7434d5c8d1c263121b47,181f3d1d18b414262bf2944775ac335b,2020-02-12 20:41:41,2020-02-14 07:16:10,2020-02-12 20:42:00,2020-02-18 20:41:00,active,1,"[""=="",""$node_type"",""compute_cascadelake""]",1-1,compute_cascadelake
fc9b3f325403c2a708a598dc3ad58c6b,8fbf48b61c5bb596aae0868f2cf44edf,939921995d095f477c5501d6c2be876a,2020-03-31 14:43:06,2020-03-31 21:09:12,2020-03-31 14:43:00,2020-04-07 14:42:00,active,1,"[""=="",""$node_type"",""compute_cascadelake""]",1-1,compute_cascadelake
8ead5edb14a7a2e95df2d91c8a6fbdd0,13143602eee8959d3c5698b64ce1916f,fb3b7a8e8e8194fd8a0ff4574e096af3,2020-02-12 19:45:48,2020-02-12 21:23:59,2020-02-12 19:46:00,2020-02-13 19:45:00,active,1,"[""=="",""$node_type"",""compute_cascadelake""]",1-1,compute_cascadelake
0cffff0df328ae69cc40e11ce29aed22,f99d9532a5b5d343b83d24d66f222d74,202aad2123d2a56f8944dd56b5469599,2020-11-09 01:07:33,2020-11-09 01:39:45,2020-11-09 01:08:00,2020-11-15 01:07:00,active,1,"[""=="",""$node_type"",""compute_cascadelake""]",1-1,compute_cascadelake
e5d3b9e43b088ea0492ca6e65345e02a,b0a35f25af1d7434d5c8d1c263121b47,181f3d1d18b414262bf2944775ac335b,2020-06-01 19:00:57,2020-08-03 21:23:19,2020-06-01 19:01:00,2020-08-06 19:00:00,active,1,"[""=="",""$node_type"",""compute_cascadelake""]",1-1,compute_cascadelake
1dbad04665f2a6eaf41028395c8a5c37,dae371c267c9f8cebe5bd6a776e78b3b,7a82d984b261bf1b7bd4f2cfc9fbe96f,2021-02-13 14:25:28,2021-03-12 13:23:03,2021-02-13 14:26:00,2021-03-17 14:25:00,active,1,"[""=="",""$node_type"",""compute_cascadelake""]",1-1,compute_cascadelake
fccb913af5c762a915c43a885c9e39f9,dae371c267c9f8cebe5bd6a776e78b3b,7a82d984b261bf1b7bd4f2cfc9fbe96f,2021-02-13 13:47:28,2021-04-09 15:01:58,2021-02-13 13:48:00,2021-04-12 13:47:00,active,1,"[""=="",""$node_type"",""compute_cascadelake""]",1-1,compute_cascadelake
f5eb6804cf065656fd8f6d819dc0365b,3a1f5506e09d1195059c966943649509,11d1352b14bfe1d0690e65c864bff341,2021-03-23 18:27:55,2021-03-23 19:51:05,2021-03-23 18:28:00,2021-03-24 18:27:00,active,1,"[""=="", ""$node_type"", ""compute_cascadelake""]",1-1,compute_cascadelake
58b5c2b3f83e22afdb282021648dfe45,b0a35f25af1d7434d5c8d1c263121b47,181f3d1d18b414262bf2944775ac335b,2020-02-09 02:44:53,2020-02-14 07:16:14,2020-02-09 02:45:00,2020-02-18 02:44:00,active,1,"[""=="",""$node_type"",""compute_cascadelake""]",1-1,compute_cascadelake
a9b265061eb985d038d3871eb08f6e88,0ce630c382d31c11a19268650bb9a711,d92b018495e990b238916fc3d0ab2158,2020-11-20 18:17:27,2020-11-27 14:15:58,2020-11-20 18:18:00,2020-11-27 18:17:00,active,1,"[""=="",""$node_type"",""compute_cascadelake""]",1-1,compute_cascadelake
fd85598070bb9fabe8370082a6d3227c,3a1f5506e09d1195059c966943649509,31116643c275608534777e1ad3324dc2,2021-04-27 20:18:39,2021-04-27 20:39:46,2021-04-27 20:19:00,2021-04-28 20:18:00,active,1,"[""=="", ""$node_type"", ""compute_cascadelake""]",1-1,compute_cascadelake
b48a540e7a16f5211193244a58c641a1,b0a35f25af1d7434d5c8d1c263121b47,181f3d1d18b414262bf2944775ac335b,2020-07-19 18:30:53,2020-07-19 18:32:27,2020-07-19 18:31:00,2020-07-24 18:30:00,active,1,"[""=="",""$node_type"",""compute_cascadelake""]",1-1,compute_cascadelake
15d9b9b5b34c74c94ebbba9e6a9ce8b4,9d5719af692728b11e95c10ad68f42b7,76d0fbf4e514bf08235289a67a2d0ae9,2020-07-01 13:49:00,2020-07-01 23:06:03,2020-07-01 13:49:00,2020-07-03 13:48:00,active,1,"[""=="",""$node_type"",""compute_cascadelake""]",1-1,compute_cascadelake
5f52ea3800c94e9c4b9f988748ca2063,8e0aa369ac2940789356df33659147c8,48bad660a1e2ec59eb360536f9aa951a,2020-05-30 02:14:06,2020-06-04 03:27:37,2020-05-30 02:14:00,2020-06-06 02:14:00,active,1,"[""="", ""$node_type"", ""compute_cascadelake""]",1-1,compute_cascadelake
0078fc4cda5b09b713dfdb4dc2455bd6,b0a35f25af1d7434d5c8d1c263121b47,181f3d1d18b414262bf2944775ac335b,2020-01-31 02:42:02,2020-02-06 00:15:32,2020-01-31 02:42:00,2020-02-06 02:41:00,active,1,"[""=="",""$node_type"",""compute_cascadelake""]",1-1,compute_cascadelake
f9734c781756351be3b758fb9cfee838,cb634f9eb6765329bc1afe63c926d23a,38a5c80d1be71d4be4e9d76ae774aa9a,2021-01-05 01:43:26,2021-01-05 01:48:18,2021-01-05 01:44:00,2021-01-06 01:43:00,active,2,"[""=="",""$node_type"",""compute_cascadelake""]",1-2,compute_cascadelake
2ec1e80ee3b50d27092c5efa8e084bc5,761c4bc9f711d40c4ad91addf769b6a1,18a6f990754f115bae9587f97ba0789d,2021-03-12 07:46:16,2021-03-12 09:38:08,2021-03-12 07:47:00,2021-03-14 07:46:00,active,1,"[""=="",""$node_type"",""compute_cascadelake""]",1-1,compute_cascadelake
e3693365970fecc7a7b9da161b0df116,b0a35f25af1d7434d5c8d1c263121b47,181f3d1d18b414262bf2944775ac335b,2020-06-24 20:25:59,2020-08-03 21:23:24,2020-06-24 20:26:00,2020-08-09 20:25:00,active,1,"[""=="",""$node_type"",""compute_cascadelake""]",1-1,compute_cascadelake
8221920d750b0cd367b6a81b23d485e8,3f5e9a14311f459a5e0cebcf659245e2,e8422d8470ad849641afff751303f098,2020-03-23 15:32:48,2020-03-25 17:21:35,2020-03-23 15:33:00,2020-03-30 15:32:00,active,1,"[""=="",""$node_type"",""compute_cascadelake""]",1-1,compute_cascadelake
37ee57099e92b824db11d929045eaad7,b15afa3c56dd451837de15a79edbe60a,7b3f2e851eacc1920aad1b10d7c363b7,2020-08-09 19:18:14,2020-08-09 19:28:34,2020-08-09 19:19:00,2020-08-16 19:18:00,active,1,"[""=="",""$node_type"",""compute_cascadelake""]",1-1,compute_cascadelake
0b3a94a085bafb8d40794b20f08060ff,2ed75d91fc74a388e4327114e16dfff5,3cb88aa0960c44581090be02abbd1150,2020-10-04 23:03:10,2020-11-26 20:18:09,2020-10-04 23:03:00,2020-11-27 23:02:00,active,2,"[""=="",""$node_type"",""compute_cascadelake""]",2-2,compute_cascadelake
1cb2db2782dd64e7f71b87a99cf3581a,b0a35f25af1d7434d5c8d1c263121b47,181f3d1d18b414262bf2944775ac335b,2019-12-27 18:45:10,2020-01-07 20:20:53,2019-12-27 18:46:00,2020-01-08 18:45:00,active,1,"[""=="",""$node_type"",""compute_cascadelake""]",1-1,compute_cascadelake
2d20191ccc8a0e535972c2fca9189c5d,b0a35f25af1d7434d5c8d1c263121b47,181f3d1d18b414262bf2944775ac335b,2020-03-27 02:12:31,2020-03-27 03:25:00,2020-03-27 02:13:00,2020-04-02 02:12:00,active,1,"[""=="",""$node_type"",""compute_cascadelake""]",1-1,compute_cascadelake
f63241f4e1d59d83677bf06c27974cfc,dae371c267c9f8cebe5bd6a776e78b3b,7a82d984b261bf1b7bd4f2cfc9fbe96f,2021-01-11 12:48:06,2021-01-11 15:11:55,2021-01-11 12:48:00,2021-01-18 12:47:00,active,3,"[""=="",""$node_type"",""compute_cascadelake""]",3-3,compute_cascadelake
a86c4d1f40c249cdce82ce58408c93b4,666de5295c9fd9e404701c78e5bcfa9e,bbbb30df9ef5575a22b98a0775529c5a,2019-11-25 21:32:26,2019-12-02 20:23:45,2019-11-25 21:33:00,2019-12-09 21:32:00,active,1,"[""=="",""$node_type"",""compute_cascadelake""]",1-1,compute_cascadelake
d74ab1ef6cb9a5c384be0a83402d612d,266e76e6765990d324b9e27a7bc51420,068ab88210906cc2e964893acc213731,2020-07-02 11:05:24,2020-07-02 22:41:30,2020-07-02 11:06:00,2020-07-03 11:05:00,active,1,"[""=="",""$node_type"",""compute_cascadelake""]",1-1,compute_cascadelake
7e2f06d50b55b64275af3d0301ea7a66,8819b745744a202fe9b4d92ce03d807d,cb6745dab85bcc06cbb53989589a814e,2020-04-22 19:54:00,2020-04-23 20:06:37,2020-04-22 19:54:00,2020-04-24 19:53:00,active,1,"[""=="",""$node_type"",""compute_cascadelake""]",1-1,compute_cascadelake
f820cd85b8d1920db5c73257ae771434,8fbf48b61c5bb596aae0868f2cf44edf,939921995d095f477c5501d6c2be876a,2020-04-01 02:47:16,2020-04-14 06:11:04,2020-04-01 02:48:00,2020-04-15 02:47:00,active,1,"[""=="",""$node_type"",""compute_cascadelake""]",1-1,compute_cascadelake
a4d67f3170ca7b9e0513cac2598df70e,1222892d8d98b17ecffdd04f7ccd7cf2,861c76598a0c443eb769287b4f5ba97e,2019-12-09 04:23:42,2019-12-09 17:46:16,2019-12-09 04:24:00,2019-12-15 04:23:00,active,1,"[""=="",""$node_type"",""compute_cascadelake""]",1-1,compute_cascadelake
af6aeeb120ecbd5f3a07ea0e1ae1662c,13143602eee8959d3c5698b64ce1916f,fb3b7a8e8e8194fd8a0ff4574e096af3,2020-02-10 21:32:21,2020-02-12 05:35:09,2020-02-10 21:33:00,2020-02-17 21:32:00,active,4,"[""=="",""$node_type"",""compute_cascadelake""]",4-4,compute_cascadelake
ed0659b15b874991eb7a7bf855a9e72a,b0a35f25af1d7434d5c8d1c263121b47,181f3d1d18b414262bf2944775ac335b,2020-04-15 19:08:17,2020-04-15 21:09:06,2020-04-15 19:09:00,2020-04-21 19:08:00,active,1,"[""=="",""$node_type"",""compute_cascadelake""]",1-1,compute_cascadelake
b58fe23e2542ae889c36b7fb8b71fba7,b0a35f25af1d7434d5c8d1c263121b47,181f3d1d18b414262bf2944775ac335b,2020-02-07 02:36:02,2020-02-18 23:27:01,2020-02-07 02:36:00,2020-02-19 02:35:00,active,1,"[""=="",""$node_type"",""compute_cascadelake""]",1-1,compute_cascadelake
70f44764a1e8bc91cea08c41fd93c390,2ed75d91fc74a388e4327114e16dfff5,3cb88aa0960c44581090be02abbd1150,2020-06-24 16:07:28,2020-06-28 01:46:47,2020-06-24 16:08:00,2020-06-29 16:07:00,active,2,"[""=="",""$node_type"",""compute_cascadelake""]",2-2,compute_cascadelake
e0723e112145d451eaea6f1c2c7e81a5,b0a35f25af1d7434d5c8d1c263121b47,181f3d1d18b414262bf2944775ac335b,2020-07-19 18:35:51,2020-07-19 18:51:07,2020-07-19 18:36:00,2020-07-20 18:35:00,active,1,"[""=="",""$node_type"",""compute_cascadelake""]",1-1,compute_cascadelake
f3f0b865ce2a263e6523b6564289f657,f99d9532a5b5d343b83d24d66f222d74,202aad2123d2a56f8944dd56b5469599,2020-11-09 01:40:24,2020-11-09 16:18:50,2020-11-09 01:41:00,2020-11-15 01:40:00,active,1,"[""=="",""$node_type"",""compute_cascadelake""]",1-1,compute_cascadelake
eb7c44a1ae7b0370ed22ca93622f6fb3,7f115ec596a1230a362ba8825ab8ee36,ba1d4a98c70161962eb38cbaf67ffc9b,2021-02-01 20:51:36,2021-02-02 06:06:02,2021-02-01 20:52:00,2021-02-08 20:51:00,active,3,"[""=="",""$node_type"",""compute_cascadelake""]",2-3,compute_cascadelake
75a0b6807ae1a1f28ba2e7b4ae7869a0,8e0aa369ac2940789356df33659147c8,48bad660a1e2ec59eb360536f9aa951a,2020-05-09 19:51:39,2020-05-10 05:05:41,2020-05-09 19:51:00,2020-05-16 19:51:00,active,1,"[""="", ""$node_type"", ""compute_cascadelake""]",1-1,compute_cascadelake
a2f24c4399ba09eca3938efff44439e1,3a1f5506e09d1195059c966943649509,31116643c275608534777e1ad3324dc2,2021-04-05 20:51:39,2021-04-05 21:55:51,2021-04-05 20:52:00,2021-04-06 20:51:00,active,1,"[""=="", ""$node_type"", ""compute_cascadelake""]",1-1,compute_cascadelake
ed26d5dd63cc710bfe4e25f29f29180b,e5ac5c5bbafdca974b742264dfe9029c,47766d6fd23fbc7120d7ec640e0da4da,2020-08-24 23:13:25,2020-08-25 00:44:07,2020-08-24 23:14:00,2020-08-31 23:13:00,active,1,"[""=="",""$node_type"",""compute_cascadelake""]",1-1,compute_cascadelake
de5277cc1d41eb6296a884062053f896,8146269a593fb3b18e16d7a1bac243ce,388275613ed91dfd0954ccea637432c9,2019-12-11 20:16:30,2020-01-04 16:47:15,2019-12-11 20:17:00,2020-01-07 20:16:00,active,1,"[""=="",""$node_type"",""compute_cascadelake""]",1-1,compute_cascadelake
9d66223dfd1ea825995cb7832351c4cc,f557b851f119111fe89ec7371a6c0a0b,4ff71c617ce5024d0004d2840c5496e7,2020-11-01 20:15:58,2020-11-02 18:53:02,2020-11-01 20:16:00,2020-11-06 20:15:00,active,3,"[""=="",""$node_type"",""compute_cascadelake""]",3-3,compute_cascadelake
4fff5654ce3e3de0efcd110a02e24882,b0a35f25af1d7434d5c8d1c263121b47,181f3d1d18b414262bf2944775ac335b,2020-07-19 18:51:32,2020-07-24 04:28:09,2020-07-19 18:52:00,2020-07-30 18:51:00,active,1,"[""=="",""$node_type"",""compute_cascadelake""]",1-1,compute_cascadelake
0af910b1689120b8bcaec30205fc7f67,6ac979f159cd2148815178e197c57b80,bdfe13c138856e075c9be395e71e9d29,2020-11-24 17:26:46,2020-12-07 04:05:46,2020-11-24 17:27:00,2020-12-08 17:26:00,active,1,"[""=="",""$node_type"",""compute_cascadelake""]",1-1,compute_cascadelake
9efa9ad36529b09b9a5bc33f465ac9dc,39ed7082a8d7b891aa2bec0fdcd3ccc8,b9a7ac34fbb5066a27957fe613a7ae78,2020-04-22 22:36:29,2020-04-23 17:51:08,2020-04-22 22:37:00,2020-04-23 22:36:00,active,1,"[""=="",""$node_type"",""compute_cascadelake""]",1-1,compute_cascadelake
f016d9a33d01a9d8e0fad36bdc5f08f2,6ac979f159cd2148815178e197c57b80,bdfe13c138856e075c9be395e71e9d29,2020-11-24 17:24:21,2020-12-07 04:05:18,2020-11-24 17:25:00,2020-12-08 17:24:00,active,1,"[""=="",""$node_type"",""compute_cascadelake""]",1-1,compute_cascadelake
2f07c8c7b88b5342bf892823cd0fb60d,a1634842af1292243e30c84c690b98d2,f61a464bf4b904fae7dd38f23a9f6906,2019-12-28 21:21:32,2019-12-28 22:22:33,2019-12-28 21:22:00,2020-01-04 21:21:00,active,1,"[""=="",""$node_type"",""compute_cascadelake""]",1-1,compute_cascadelake
ced4895016490df2e132117f22a892b0,b0a35f25af1d7434d5c8d1c263121b47,181f3d1d18b414262bf2944775ac335b,2020-02-02 17:00:35,2020-02-06 00:15:45,2020-02-02 17:01:00,2020-02-08 17:00:00,active,1,"[""=="",""$node_type"",""compute_cascadelake""]",1-1,compute_cascadelake
be9efb0e38e29a80fc6b2b98e633fdea,d3d413ba254feececf6375424ae4f1c3,6a1e1a46a334a3ff0ea9225e11132d76,2020-10-16 04:25:29,2020-10-21 22:18:28,2020-10-16 04:26:00,2020-10-24 04:25:00,active,1,"[""=="",""$node_type"",""compute_cascadelake""]",1-1,compute_cascadelake
000d01cede2753d4aeda9b0660289e37,3f5e9a14311f459a5e0cebcf659245e2,e8422d8470ad849641afff751303f098,2019-12-23 04:33:49,2020-01-23 23:10:55,2019-12-23 04:34:00,2020-01-24 04:33:00,active,1,"[""=="",""$node_type"",""compute_cascadelake""]",1-1,compute_cascadelake
7dcffe17ca1148f359eaa1a5b0a55bd9,72e5dc4ebc0ec715cec51cc33d12b68f,538651377dc63ceffc69ee2f312bec57,2021-03-31 23:26:36,2021-04-01 02:53:09,2021-03-31 23:27:00,2021-04-02 23:26:00,active,1,"[""=="",""$node_type"",""compute_cascadelake""]",1-1,compute_cascadelake
727d29fdcc74d9cc2b634852423df61c,15a727bd277271b0b813885217375d94,ed5c0f6cb912aae6abce99e9a0060d25,2021-04-20 00:11:02,2021-04-23 03:14:59,2021-04-20 00:11:00,2021-04-26 00:10:00,active,1,"[""=="",""$node_type"",""compute_cascadelake""]",1-1,compute_cascadelake
9800e0bbff4f1036fcef6663b5759a41,6d13f7dda5f75d976cadccecd4b2e7f4,e5cf29434363a06feaf5f20d5cbf2704,2021-01-15 11:34:41,2021-01-15 13:24:52,2021-01-15 11:35:00,2021-01-20 11:34:00,active,1,"[""=="",""$node_type"",""compute_cascadelake""]",1-1,compute_cascadelake
400efb4d320c3cacfc3d2d264b81b703,3f5e9a14311f459a5e0cebcf659245e2,e8422d8470ad849641afff751303f098,2020-02-16 21:59:29,2020-02-17 06:18:34,2020-02-16 22:00:00,2020-02-23 21:59:00,active,4,"[""=="",""$node_type"",""compute_cascadelake""]",4-4,compute_cascadelake
3e2441f8ce65cde5175d0fa001414c61,a6207fc4e11d91820c6b19070a2c631a,21154641297d639c3ecec996291494ad,2020-04-09 12:59:00,2020-04-13 21:35:23,2020-04-09 12:59:00,2020-04-14 12:58:00,active,1,"[""=="",""$node_type"",""compute_cascadelake""]",1-1,compute_cascadelake
061d6ba5198fda81a4ef0fee5611d9b7,13143602eee8959d3c5698b64ce1916f,fb3b7a8e8e8194fd8a0ff4574e096af3,2020-03-24 01:24:06,2020-05-11 15:44:56,2020-03-24 01:24:00,2020-05-12 01:23:00,active,2,"[""=="",""$node_type"",""compute_cascadelake""]",2-2,compute_cascadelake
4619ea3c860867263f26bd751d67c8ae,0ce630c382d31c11a19268650bb9a711,d92b018495e990b238916fc3d0ab2158,2020-11-20 01:22:06,2020-11-20 11:03:01,2020-11-20 01:22:00,2020-11-27 01:21:00,active,1,"[""=="",""$node_type"",""compute_cascadelake""]",1-1,compute_cascadelake
38d66f19429d604c83cd6b49906df2b1,cb634f9eb6765329bc1afe63c926d23a,38a5c80d1be71d4be4e9d76ae774aa9a,2021-02-01 16:17:31,2021-02-01 18:57:58,2021-02-01 16:18:00,2021-02-02 16:17:00,active,2,"[""=="",""$node_type"",""compute_cascadelake""]",2-2,compute_cascadelake
b1003b70b892d1cc5ed82d282e34609b,7f115ec596a1230a362ba8825ab8ee36,ba1d4a98c70161962eb38cbaf67ffc9b,2020-10-24 14:52:24,2020-10-29 19:44:25,2020-10-24 14:53:00,2020-10-31 14:52:00,active,3,"[""=="",""$node_type"",""compute_cascadelake""]",1-3,compute_cascadelake
b800801159fcfdabb347b42c4c92f448,b0a35f25af1d7434d5c8d1c263121b47,181f3d1d18b414262bf2944775ac335b,2020-01-31 00:18:28,2020-01-31 00:29:19,2020-01-31 00:19:00,2020-02-06 00:18:00,active,1,"[""=="",""$node_type"",""compute_cascadelake""]",1-1,compute_cascadelake
9a72bdcfb93a915eb0794b81fea9e41e,a1634842af1292243e30c84c690b98d2,698180777c9dd979045e75e6a7d1ee58,2020-08-31 17:03:38,2020-08-31 22:53:54,2020-08-31 17:04:00,2020-09-01 17:03:00,active,1,"[""=="",""$node_type"",""compute_cascadelake""]",1-1,compute_cascadelake
0825257938afc18a55dcdff724328687,6ac979f159cd2148815178e197c57b80,bdfe13c138856e075c9be395e71e9d29,2020-11-24 17:16:01,2020-12-07 04:04:29,2020-11-24 17:16:00,2020-12-08 17:15:00,active,1,"[""=="",""$node_type"",""compute_cascadelake""]",1-1,compute_cascadelake
30fa582a5d873200d47482750705797f,39ed7082a8d7b891aa2bec0fdcd3ccc8,b9a7ac34fbb5066a27957fe613a7ae78,2020-02-07 21:11:18,2020-02-07 21:37:01,2020-02-07 21:12:00,2020-02-08 17:00:00,active,1,"[""=="",""$node_type"",""compute_cascadelake""]",1-1,compute_cascadelake
133b850763676a5b72016248b4ddfacb,266e76e6765990d324b9e27a7bc51420,068ab88210906cc2e964893acc213731,2020-07-01 22:51:46,2020-07-01 23:56:45,2020-07-01 22:52:00,2020-07-02 22:51:00,active,1,"[""=="",""$node_type"",""compute_cascadelake""]",1-1,compute_cascadelake
a9da6d65000ffa0b0ef0e24db7dfc7bb,cb634f9eb6765329bc1afe63c926d23a,38a5c80d1be71d4be4e9d76ae774aa9a,2021-01-05 00:52:20,2021-01-05 01:42:40,2021-01-05 00:53:00,2021-01-06 00:52:00,active,1,"[""=="",""$node_type"",""compute_cascadelake""]",1-1,compute_cascadelake
44f8107a33521be787b5fda2245e2f33,f99d9532a5b5d343b83d24d66f222d74,11d1352b14bfe1d0690e65c864bff341,2021-04-13 19:14:39,2021-04-14 12:31:43,2021-04-13 19:15:00,2021-04-14 19:14:00,active,1,"[""=="",""$node_type"",""compute_cascadelake""]",1-3,compute_cascadelake
0b6c521eaf387ac91662577e6f5cb14c,266e76e6765990d324b9e27a7bc51420,068ab88210906cc2e964893acc213731,2020-09-01 00:27:45,2020-09-01 10:06:01,2020-09-01 00:28:00,2020-09-02 00:27:00,active,1,"[""=="",""$node_type"",""compute_cascadelake""]",1-1,compute_cascadelake
81d100026bcb27f3daece4c38394902d,13143602eee8959d3c5698b64ce1916f,fb3b7a8e8e8194fd8a0ff4574e096af3,2020-02-27 06:20:24,2020-03-10 03:50:39,2020-02-27 06:21:00,2020-03-10 06:20:00,active,3,"[""=="",""$node_type"",""compute_cascadelake""]",3-3,compute_cascadelake
a7a028e9dfc2e277f1ea442a6ec34bc9,6ac979f159cd2148815178e197c57b80,bdfe13c138856e075c9be395e71e9d29,2020-11-24 17:19:40,2020-12-07 04:04:45,2020-11-24 17:20:00,2020-12-08 17:19:00,active,1,"[""=="",""$node_type"",""compute_cascadelake""]",1-1,compute_cascadelake
004c5db6ac8140b8c859d607eb0ba74f,8e0aa369ac2940789356df33659147c8,48bad660a1e2ec59eb360536f9aa951a,2020-04-21 03:34:43,2020-04-21 13:06:09,2020-04-21 03:35:00,2020-04-27 03:34:00,active,1,"[""=="",""$node_type"",""compute_cascadelake""]",1-1,compute_cascadelake
b31f409be4a846fdc94d7b7592551884,2ed75d91fc74a388e4327114e16dfff5,3cb88aa0960c44581090be02abbd1150,2020-08-02 06:15:28,2020-08-02 06:16:28,2020-08-02 06:16:00,2020-08-03 06:15:00,active,1,"[""=="",""$node_type"",""compute_cascadelake""]",1-1,compute_cascadelake
c3f5140ca44c38a40ed02e0d9339eea9,13143602eee8959d3c5698b64ce1916f,fb3b7a8e8e8194fd8a0ff4574e096af3,2020-02-10 20:09:04,2020-02-10 21:05:17,2020-02-10 20:09:00,2020-02-17 20:08:00,active,4,"[""=="",""$node_type"",""compute_cascadelake""]",4-4,compute_cascadelake
84e73ab763f3960e97d8b6165d61f1b5,6ac979f159cd2148815178e197c57b80,bdfe13c138856e075c9be395e71e9d29,2020-11-28 17:04:04,2020-12-07 04:06:32,2020-11-28 17:04:00,2020-12-09 17:03:00,active,1,"[""=="",""$node_type"",""compute_cascadelake""]",1-1,compute_cascadelake
0fd1a36569076a705f74a5308506814a,f99d9532a5b5d343b83d24d66f222d74,202aad2123d2a56f8944dd56b5469599,2020-11-07 04:38:23,2020-11-07 05:37:39,2020-11-07 04:39:00,2020-11-13 04:38:00,active,1,"[""=="",""$node_type"",""compute_cascadelake""]",1-1,compute_cascadelake
7f8ea77075f27eded1da0af6277a23e4,b0a35f25af1d7434d5c8d1c263121b47,181f3d1d18b414262bf2944775ac335b,2020-01-24 04:08:35,2020-01-31 18:50:07,2020-01-24 04:09:00,2020-02-03 04:08:00,active,1,"[""=="",""$node_type"",""compute_cascadelake""]",1-1,compute_cascadelake
c01570439483fe1971d3e1afcc4396a0,8e0aa369ac2940789356df33659147c8,48bad660a1e2ec59eb360536f9aa951a,2020-05-07 21:32:02,2020-05-30 01:20:44,2020-05-07 21:32:00,2020-06-04 21:32:00,active,1,"[""="", ""$node_type"", ""compute_cascadelake""]",1-1,compute_cascadelake
67a9818ea76dd644b0a838b9a4eff429,2ed75d91fc74a388e4327114e16dfff5,3cb88aa0960c44581090be02abbd1150,2020-08-02 06:16:48,2020-08-04 23:59:35,2020-08-02 06:17:00,2020-08-05 06:16:00,active,1,"[""=="",""$node_type"",""compute_cascadelake""]",1-1,compute_cascadelake
12a2c2fea8562e2882e797ddaf091145,b0a35f25af1d7434d5c8d1c263121b47,181f3d1d18b414262bf2944775ac335b,2020-07-19 18:32:44,2020-07-19 18:35:38,2020-07-19 18:33:00,2020-07-20 18:32:00,active,1,"[""=="",""$node_type"",""compute_cascadelake""]",1-1,compute_cascadelake
3944df06953cebc2bd369a1b0f1a5379,3a1f5506e09d1195059c966943649509,11d1352b14bfe1d0690e65c864bff341,2021-03-25 15:20:29,2021-03-25 20:07:25,2021-03-25 15:21:00,2021-03-26 15:20:00,active,1,"[""=="", ""$node_type"", ""compute_cascadelake""]",1-1,compute_cascadelake
30498381634a959411cdca6f21c685ad,e5ac5c5bbafdca974b742264dfe9029c,47766d6fd23fbc7120d7ec640e0da4da,2020-08-25 01:11:02,2020-08-30 01:41:27,2020-08-25 01:11:00,2020-09-01 01:10:00,active,1,"[""=="",""$node_type"",""compute_cascadelake""]",1-1,compute_cascadelake
4aa8996f2e9567fab428b5788fef73c3,04d950aaa4dd2a29f82262cb7df6398d,524bc1cc301fe48c26b02e2e76b4cf86,2020-06-27 20:32:41,2020-09-01 01:23:07,2020-06-27 20:33:00,2020-08-08 20:32:00,active,4,"[""=="",""$node_type"",""compute_cascadelake""]",4-4,compute_cascadelake
48c9873122e97fdf3b25ac5201568e6c,428774d142668f2a9a7a7c9294df29a8,2656ded7788d83146824fa3805742ed0,2020-10-30 20:43:47,2020-10-30 21:18:14,2020-10-30 20:44:00,2020-11-06 20:43:00,active,1,"[""=="",""$node_type"",""compute_cascadelake""]",1-1,compute_cascadelake
0f4724f622050db9bcd2e15d8626f3f5,cb634f9eb6765329bc1afe63c926d23a,38a5c80d1be71d4be4e9d76ae774aa9a,2020-12-24 21:56:34,2020-12-25 05:19:07,2020-12-24 21:57:00,2020-12-25 21:56:00,active,1,"[""=="",""$node_type"",""compute_cascadelake""]",1-1,compute_cascadelake
217404e3a339cdf4d290288bef7fe381,a6207fc4e11d91820c6b19070a2c631a,21154641297d639c3ecec996291494ad,2020-01-01 16:47:13,2020-01-02 02:05:43,2020-01-01 16:48:00,2020-01-06 16:47:00,active,1,"[""=="",""$node_type"",""compute_cascadelake""]",1-1,compute_cascadelake
448a6aaafd07fe93ea89e9675ff658dc,8dc78ebd80294047982647b4092ad272,c1086d42f88bc7fa0894c90b49d1db8d,2020-10-22 03:02:41,2020-10-25 18:29:44,2020-10-22 03:03:00,2020-10-28 15:00:00,active,8,"[""=="",""$node_type"",""compute_cascadelake""]",8-8,compute_cascadelake
d08b8a130752e7bf2c48ecbece77fcfc,8e0aa369ac2940789356df33659147c8,48bad660a1e2ec59eb360536f9aa951a,2019-12-29 23:39:59,2019-12-30 02:37:25,2019-12-29 23:40:00,2020-01-05 23:39:00,active,1,"[""=="",""$node_type"",""compute_cascadelake""]",1-1,compute_cascadelake
996afe110b1fbd2dcfb1bf6a73ca733f,e5ac5c5bbafdca974b742264dfe9029c,47766d6fd23fbc7120d7ec640e0da4da,2020-09-29 21:31:54,2020-10-01 15:31:27,2020-09-29 21:32:00,2020-10-02 21:31:00,active,1,"[""=="",""$node_type"",""compute_cascadelake""]",1-1,compute_cascadelake
15ef9acdbb4e06f804c1f8afaf5d17f5,cb634f9eb6765329bc1afe63c926d23a,38a5c80d1be71d4be4e9d76ae774aa9a,2021-03-02 15:03:48,2021-03-04 14:03:00,2021-03-02 15:04:00,2021-03-08 15:03:00,active,1,"[""=="",""$node_type"",""compute_cascadelake""]",1-1,compute_cascadelake
78908ebb8f160e12e668ca68ceaa4cf7,b0a35f25af1d7434d5c8d1c263121b47,181f3d1d18b414262bf2944775ac335b,2020-01-18 00:46:13,2020-01-18 04:30:30,2020-01-18 00:47:00,2020-01-22 00:46:00,active,1,"[""=="",""$node_type"",""compute_cascadelake""]",1-1,compute_cascadelake
cdabe76022c7ff5fc8cbc9d80eca15c8,f99d9532a5b5d343b83d24d66f222d74,202aad2123d2a56f8944dd56b5469599,2021-02-24 18:23:33,2021-02-24 18:47:50,2021-02-24 18:24:00,2021-03-03 18:23:00,active,1,"[""=="",""$node_type"",""compute_cascadelake""]",1-1,compute_cascadelake
0fc7b71d3af5acad47a210c820d27e97,2ed75d91fc74a388e4327114e16dfff5,3cb88aa0960c44581090be02abbd1150,2020-10-29 22:12:32,2020-11-26 20:18:21,2020-10-29 22:13:00,2020-11-27 22:12:00,active,2,"[""=="",""$node_type"",""compute_cascadelake""]",2-2,compute_cascadelake
a59e59531c4c85ae5922b3c6464acd98,428774d142668f2a9a7a7c9294df29a8,2656ded7788d83146824fa3805742ed0,2020-11-11 00:29:08,2020-11-11 10:06:07,2020-11-11 00:29:00,2020-11-18 00:28:00,active,1,"[""=="",""$node_type"",""compute_cascadelake""]",1-1,compute_cascadelake
f46da15ca511d14662186abec63dd772,8dc78ebd80294047982647b4092ad272,c1086d42f88bc7fa0894c90b49d1db8d,2020-07-16 17:54:04,2020-07-17 18:21:01,2020-07-16 17:54:00,2020-07-19 17:53:00,active,1,"[""=="",""$node_type"",""compute_cascadelake""]",1-1,compute_cascadelake
da3ede8fb7aa8eddfdb1001bcd131ff7,b0a35f25af1d7434d5c8d1c263121b47,181f3d1d18b414262bf2944775ac335b,2020-02-23 05:03:16,2020-02-23 05:19:45,2020-02-23 05:04:00,2020-02-29 05:03:00,active,5,"[""=="",""$node_type"",""compute_cascadelake""]",5-5,compute_cascadelake
707deae14b6e1cf0e2eaa7503dd4a94a,85dc74b624e6df28f3e71eff3f03735d,f1cb47dae7fee898202a6f35eb872f9d,2021-03-04 17:54:46,,2021-03-04 17:55:00,2021-06-10 17:54:00,active,2,"[""=="",""$node_type"",""compute_cascadelake""]",2-2,compute_cascadelake
5492040ec96971a186cfe5c98c45d270,b0a35f25af1d7434d5c8d1c263121b47,181f3d1d18b414262bf2944775ac335b,2020-02-09 02:44:24,2020-02-14 07:16:18,2020-02-09 02:45:00,2020-02-18 02:44:00,active,1,"[""=="",""$node_type"",""compute_cascadelake""]",1-1,compute_cascadelake
b09b4d0a9c76bbb18139ed4138d64282,6ac979f159cd2148815178e197c57b80,bdfe13c138856e075c9be395e71e9d29,2020-11-24 17:26:09,2020-12-07 04:05:29,2020-11-24 17:26:00,2020-12-08 17:25:00,active,1,"[""=="",""$node_type"",""compute_cascadelake""]",1-1,compute_cascadelake
4c790d8aeeeeebead9bc0d8479d890a7,3a1f5506e09d1195059c966943649509,31116643c275608534777e1ad3324dc2,2021-04-23 03:00:21,2021-04-23 03:02:06,2021-04-23 03:01:00,2021-04-24 03:00:00,active,1,"[""=="", ""$node_type"", ""compute_cascadelake""]",1-1,compute_cascadelake
c30276667138484509c4b4f7222f5bc2,b0a35f25af1d7434d5c8d1c263121b47,181f3d1d18b414262bf2944775ac335b,2020-02-09 02:45:20,2020-02-14 07:16:22,2020-02-09 02:46:00,2020-02-18 02:45:00,active,1,"[""=="",""$node_type"",""compute_cascadelake""]",1-1,compute_cascadelake
759572027548062b9decc1763b35964c,6d13f7dda5f75d976cadccecd4b2e7f4,e5cf29434363a06feaf5f20d5cbf2704,2021-01-14 23:49:04,2021-01-15 09:09:30,2021-01-14 23:49:00,2021-01-19 23:48:00,active,1,"[""=="",""$node_type"",""compute_cascadelake""]",1-1,compute_cascadelake
37a83be0dd3941485bf0560b1034b657,2ed75d91fc74a388e4327114e16dfff5,27a172392615444e6e8bed918a18b535,2020-08-05 19:05:01,,2020-08-05 19:05:00,2020-09-02 19:04:00,active,1,"[""=="",""$node_type"",""compute_cascadelake""]",1-1,compute_cascadelake
bf704a39a64066a8e5a8b5341896bed0,cb634f9eb6765329bc1afe63c926d23a,38a5c80d1be71d4be4e9d76ae774aa9a,2021-02-01 18:58:39,2021-02-19 20:35:36,2021-02-01 18:59:00,2021-02-25 18:58:00,active,2,"[""=="",""$node_type"",""compute_cascadelake""]",2-2,compute_cascadelake
4b25c798b4686a05550f01eab9d2d4d0,296693c4f1a321c4326f07c420ee8763,5ec289df2d871e2b1d4a260df1f863e2,2021-04-07 23:56:28,2021-04-08 09:04:03,2021-04-07 23:57:00,2021-04-10 23:56:00,active,1,"[""=="",""$node_type"",""compute_cascadelake""]",1-1,compute_cascadelake
44b18df7690811909943f9c25e113b65,3a1f5506e09d1195059c966943649509,31116643c275608534777e1ad3324dc2,2021-05-10 19:25:38,2021-05-11 02:46:55,2021-05-10 19:26:00,2021-05-11 19:25:00,active,1,"[""=="", ""$node_type"", ""compute_cascadelake""]",1-1,compute_cascadelake
8550ac51060b50e35205557203e03365,72e5dc4ebc0ec715cec51cc33d12b68f,b9917d6f4bcf84b6617cd8bf0d46eae6,2021-04-21 02:46:33,2021-04-21 15:43:53,2021-04-21 02:47:00,2021-04-22 02:46:00,active,1,"[""=="",""$node_type"",""compute_cascadelake""]",1-1,compute_cascadelake
cf422052a2d6a4aa587e678f95b47df6,85dc74b624e6df28f3e71eff3f03735d,f1cb47dae7fee898202a6f35eb872f9d,2021-06-02 01:57:36,2021-06-02 18:05:38,2021-06-02 01:58:00,2021-06-08 01:57:00,active,1,"[""=="",""$node_type"",""compute_cascadelake""]",1-1,compute_cascadelake
989aa9a48637c4980f24ad89a26a2cf8,2ed75d91fc74a388e4327114e16dfff5,3cb88aa0960c44581090be02abbd1150,2020-06-21 00:03:54,2020-06-23 19:45:34,2020-06-21 00:04:00,2020-06-24 00:03:00,active,3,"[""=="",""$node_type"",""compute_cascadelake""]",3-3,compute_cascadelake
2c8ecd20948390770ff7a31a321458fb,55e8e8819abe822e5c572817b279888d,21e73aa7912cfecf51f1b808bfd61088,2020-06-16 15:58:41,2020-06-16 19:32:48,2020-06-16 15:59:00,2020-06-16 23:59:00,active,1,"[""=="",""$node_type"",""compute_cascadelake""]",1-1,compute_cascadelake
f3e57e1587b45979e059dc4d16902ce1,72e5dc4ebc0ec715cec51cc33d12b68f,b9917d6f4bcf84b6617cd8bf0d46eae6,2021-03-08 19:56:02,2021-03-09 00:32:09,2021-03-08 19:57:00,2021-03-09 19:55:00,active,1,"[""=="",""$node_type"",""compute_cascadelake""]",1-1,compute_cascadelake
b67824ae4ebf35e1e08e12cb061f2dec,266e76e6765990d324b9e27a7bc51420,068ab88210906cc2e964893acc213731,2020-07-01 23:30:46,2020-07-01 23:56:56,2020-07-01 23:31:00,2020-07-02 23:30:00,active,1,"[""=="",""$node_type"",""compute_cascadelake""]",1-1,compute_cascadelake
11529bf4db76bd2e7c7777e7428abbd2,8e0aa369ac2940789356df33659147c8,48bad660a1e2ec59eb360536f9aa951a,2020-05-30 05:09:07,2020-06-04 03:27:41,2020-05-30 05:09:00,2020-06-06 05:09:00,active,1,"[""="", ""$node_type"", ""compute_cascadelake""]",1-1,compute_cascadelake
baad08aeb96c6b31519418df8f80e36d,8fbf48b61c5bb596aae0868f2cf44edf,939921995d095f477c5501d6c2be876a,2020-03-31 21:23:16,2020-04-01 02:46:31,2020-03-31 21:24:00,2020-04-14 21:23:00,active,1,"[""=="",""$node_type"",""compute_cascadelake""]",1-1,compute_cascadelake
356499e06228133815e1df4e211f4589,8146269a593fb3b18e16d7a1bac243ce,388275613ed91dfd0954ccea637432c9,2019-12-11 20:16:55,2020-01-04 16:47:25,2019-12-11 20:17:00,2020-01-07 20:16:00,active,1,"[""=="",""$node_type"",""compute_cascadelake""]",1-1,compute_cascadelake
4666a58410d8ad46ec62d62086629eec,f99d9532a5b5d343b83d24d66f222d74,e50fbd600280ac3b0af27f91f0567cde,2021-03-10 17:22:37,2021-03-10 19:50:38,2021-03-10 17:23:00,2021-03-12 00:00:00,active,1,"[""=="",""$node_type"",""compute_cascadelake""]",1-1,compute_cascadelake
22e781f429ab798820dc9e9c8ef8c5ed,2ed75d91fc74a388e4327114e16dfff5,3cb88aa0960c44581090be02abbd1150,2020-06-27 04:36:18,2020-06-28 01:44:12,2020-06-27 04:37:00,2020-06-30 04:36:00,active,4,"[""=="",""$node_type"",""compute_cascadelake""]",4-4,compute_cascadelake
ab1d3dcb172f78a7bed063c89d632ada,2ed75d91fc74a388e4327114e16dfff5,3cb88aa0960c44581090be02abbd1150,2020-06-25 14:28:38,2020-06-28 17:59:59,2020-06-25 14:29:00,2020-06-29 14:28:00,active,2,"[""=="",""$node_type"",""compute_cascadelake""]",2-2,compute_cascadelake
0a944a3129805b1929ebab61fb0713fc,13143602eee8959d3c5698b64ce1916f,fb3b7a8e8e8194fd8a0ff4574e096af3,2020-07-25 19:52:51,2020-08-05 18:28:32,2020-07-25 19:53:00,2020-08-11 19:52:00,active,2,"[""=="",""$node_type"",""compute_cascadelake""]",2-2,compute_cascadelake
a6322f1e88cabf935b79db2ea0d30005,b0a35f25af1d7434d5c8d1c263121b47,181f3d1d18b414262bf2944775ac335b,2020-02-09 05:32:38,2020-02-09 11:40:11,2020-02-09 05:33:00,2020-02-15 05:32:00,active,1,"[""=="",""$node_type"",""compute_cascadelake""]",1-1,compute_cascadelake
cfb54d44f1f8d358d523c5f9e8e4f057,3a1f5506e09d1195059c966943649509,31116643c275608534777e1ad3324dc2,2021-04-27 20:44:03,2021-04-28 15:51:03,2021-04-27 20:44:00,2021-04-28 20:43:00,active,1,"[""=="", ""$node_type"", ""compute_cascadelake""]",1-1,compute_cascadelake
b02009e61141122b542146781da63bbc,b0a35f25af1d7434d5c8d1c263121b47,181f3d1d18b414262bf2944775ac335b,2020-02-02 18:31:50,2020-02-06 00:15:58,2020-02-02 18:32:00,2020-02-08 18:31:00,active,1,"[""=="",""$node_type"",""compute_cascadelake""]",1-1,compute_cascadelake
e24df218273b8d71b74912613f1c8b04,b0a35f25af1d7434d5c8d1c263121b47,181f3d1d18b414262bf2944775ac335b,2020-02-23 03:48:29,2020-02-23 05:00:38,2020-02-23 03:49:00,2020-02-29 03:48:00,active,1,"[""=="",""$node_type"",""compute_cascadelake""]",1-1,compute_cascadelake
26775f4ffb022ee6711c3384fc629ee4,8e0aa369ac2940789356df33659147c8,9e01d78a4e95b9355fae3efc29aff1e9,2020-05-09 04:55:13,2020-05-09 10:40:19,2020-05-09 04:56:00,2020-05-16 04:55:00,active,1,"[""=="",""$node_type"",""compute_cascadelake""]",1-1,compute_cascadelake
c0a72d0ab5c3c3b7584726162c8a6555,cb634f9eb6765329bc1afe63c926d23a,38a5c80d1be71d4be4e9d76ae774aa9a,2020-11-29 03:17:26,2020-11-29 05:08:05,2020-11-29 03:18:00,2020-11-30 03:17:00,active,1,"[""=="",""$node_type"",""compute_cascadelake""]",1-1,compute_cascadelake
78e53e8d3dfac67fce0e00925364727c,8e0aa369ac2940789356df33659147c8,48bad660a1e2ec59eb360536f9aa951a,2020-05-08 14:59:43,2020-05-30 01:20:57,2020-05-08 14:59:00,2020-06-04 19:59:00,active,1,"[""="", ""$node_type"", ""compute_cascadelake""]",1-1,compute_cascadelake
30f69aeadb6c5f56bd28fc735791ace3,8e0aa369ac2940789356df33659147c8,48bad660a1e2ec59eb360536f9aa951a,2020-05-16 04:31:41,2020-05-16 14:05:49,2020-05-16 04:32:00,2020-05-23 04:31:00,active,1,"[""=="",""$node_type"",""compute_cascadelake""]",1-1,compute_cascadelake
b873fd4571e2af9954dc290d0817cdbb,cb634f9eb6765329bc1afe63c926d23a,38a5c80d1be71d4be4e9d76ae774aa9a,2021-01-28 03:08:36,2021-01-28 12:14:46,2021-01-28 03:09:00,2021-01-29 03:08:00,active,2,"[""=="",""$node_type"",""compute_cascadelake""]",2-2,compute_cascadelake
38d176862609510e1d574a315c918f5b,8e0aa369ac2940789356df33659147c8,9e01d78a4e95b9355fae3efc29aff1e9,2020-05-09 05:00:56,2020-05-09 10:40:10,2020-05-09 05:01:00,2020-05-16 05:00:00,active,1,"[""=="",""$node_type"",""compute_cascadelake""]",1-1,compute_cascadelake
d39477481093bbbbb6e94f999656f9ac,8146269a593fb3b18e16d7a1bac243ce,388275613ed91dfd0954ccea637432c9,2019-12-11 20:18:12,2020-01-04 16:47:36,2019-12-11 20:19:00,2020-01-07 20:18:00,active,1,"[""=="",""$node_type"",""compute_cascadelake""]",1-1,compute_cascadelake
0c0e83f65b24f253b373c6e5e785887d,b0a35f25af1d7434d5c8d1c263121b47,181f3d1d18b414262bf2944775ac335b,2020-02-09 05:31:53,2020-02-14 07:16:26,2020-02-09 05:32:00,2020-02-18 05:31:00,active,1,"[""=="",""$node_type"",""compute_cascadelake""]",1-1,compute_cascadelake
8abc1203eeccd9a59b747b03e334e380,b0a35f25af1d7434d5c8d1c263121b47,181f3d1d18b414262bf2944775ac335b,2020-02-12 20:42:16,2020-02-14 07:16:30,2020-02-12 20:43:00,2020-02-18 20:42:00,active,1,"[""=="",""$node_type"",""compute_cascadelake""]",1-1,compute_cascadelake
1b4ab6534db0b5d8b9f4bfc475a0da1b,d3d413ba254feececf6375424ae4f1c3,6a1e1a46a334a3ff0ea9225e11132d76,2020-10-20 02:54:30,2020-10-20 04:40:57,2020-10-20 02:55:00,2020-10-24 02:54:00,active,8,"[""=="",""$node_type"",""compute_cascadelake""]",8-20,compute_cascadelake
6b030c20fcf9321b7eb6a82cc5eff98c,8dc78ebd80294047982647b4092ad272,c1086d42f88bc7fa0894c90b49d1db8d,2020-01-07 05:33:44,2020-01-07 15:05:44,2020-01-07 05:34:00,2020-01-12 20:00:00,active,1,"[""=="",""$node_type"",""compute_cascadelake""]",1-1,compute_cascadelake
816994ac4fc21745c3b95af982a7d3e4,fb348a3cac4abf3feb12e141eb967416,c1a68c7d7d73f86b7159c579606b4b18,2020-02-22 22:50:54,2020-02-24 02:40:59,2020-02-22 22:51:00,2020-02-29 22:50:00,active,12,"[""=="",""$node_type"",""compute_cascadelake""]",12-12,compute_cascadelake
1fc814def535d834b4a9bb85286ab1d4,405c5824540d6d5361b5789ac9a2c806,081790b0e4a39e5852f143c1a8670439,2020-07-23 02:49:51,,2020-07-23 02:49:00,2020-07-30 02:49:00,active,1,"[""="", ""$node_type"", ""compute_cascadelake""]",1-1,compute_cascadelake
7aaf2ce90235e30cc052549e3d215508,3a1f5506e09d1195059c966943649509,11d1352b14bfe1d0690e65c864bff341,2021-03-25 16:39:56,2021-03-25 20:08:17,2021-03-25 16:40:00,2021-03-26 16:39:00,active,1,"[""=="", ""$node_type"", ""compute_cascadelake""]",1-1,compute_cascadelake
6748fd1ede2c80b6489225e37f661f6f,dae371c267c9f8cebe5bd6a776e78b3b,7a82d984b261bf1b7bd4f2cfc9fbe96f,2021-04-09 15:06:17,2021-04-15 12:18:21,2021-04-09 15:06:00,2021-04-16 15:05:00,active,1,"[""=="",""$node_type"",""compute_cascadelake""]",1-1,compute_cascadelake
f22d5564edb73979d6017c4620773d01,8146269a593fb3b18e16d7a1bac243ce,388275613ed91dfd0954ccea637432c9,2019-12-11 20:17:50,2020-01-04 16:47:46,2019-12-11 20:18:00,2020-01-07 20:17:00,active,1,"[""=="",""$node_type"",""compute_cascadelake""]",1-1,compute_cascadelake
fe49997e730886c3a2a5baae46c33aaa,a6207fc4e11d91820c6b19070a2c631a,2037b4190ee03148b9a0ba2ef850c33c,2020-07-08 10:55:58,2020-07-14 21:02:51,2020-07-08 10:56:00,2020-07-15 10:55:00,active,1,"[""=="",""$node_type"",""compute_cascadelake""]",1-1,compute_cascadelake
5271fd6b5eb83a8e9e3d1e00d794115b,2ed75d91fc74a388e4327114e16dfff5,3cb88aa0960c44581090be02abbd1150,2020-06-24 17:28:01,2020-06-28 01:46:53,2020-06-24 17:28:00,2020-06-29 17:27:00,active,2,"[""=="",""$node_type"",""compute_cascadelake""]",2-2,compute_cascadelake
dcdc4269b72495d0b55b35291b3049fb,3a1f5506e09d1195059c966943649509,31116643c275608534777e1ad3324dc2,2021-05-10 15:04:26,2021-05-10 19:22:09,2021-05-10 15:05:00,2021-05-11 15:04:00,active,1,"[""=="", ""$node_type"", ""compute_cascadelake""]",1-1,compute_cascadelake
7caee54127cdb2f2be9b60237a6ad328,dae371c267c9f8cebe5bd6a776e78b3b,7a82d984b261bf1b7bd4f2cfc9fbe96f,2021-02-13 14:31:49,2021-04-09 15:02:08,2021-02-13 14:32:00,2021-04-12 14:31:00,active,1,"[""=="",""$node_type"",""compute_cascadelake""]",1-1,compute_cascadelake
aeaf51023fc95a3408835a50045b8032,b0a35f25af1d7434d5c8d1c263121b47,181f3d1d18b414262bf2944775ac335b,2020-02-02 00:11:44,2020-02-06 00:16:11,2020-02-02 00:12:00,2020-02-08 00:11:00,active,1,"[""=="",""$node_type"",""compute_cascadelake""]",1-1,compute_cascadelake
307f44471dd6b4ca982f23965ef0e9e7,6ac979f159cd2148815178e197c57b80,bdfe13c138856e075c9be395e71e9d29,2020-11-28 17:00:07,2020-12-07 04:05:57,2020-11-28 17:00:00,2020-12-09 16:59:00,active,1,"[""=="",""$node_type"",""compute_cascadelake""]",1-1,compute_cascadelake
28c599c4c90062166898be76f7ec2d7d,266e76e6765990d324b9e27a7bc51420,068ab88210906cc2e964893acc213731,2020-07-01 19:00:55,2020-07-01 21:07:06,2020-07-01 19:01:00,2020-07-03 19:00:00,active,1,"[""=="",""$node_type"",""compute_cascadelake""]",1-1,compute_cascadelake
3d95fbfe05d907b70a0734e2606c149a,6ac979f159cd2148815178e197c57b80,bdfe13c138856e075c9be395e71e9d29,2020-11-24 17:23:23,2020-12-07 04:04:55,2020-11-24 17:24:00,2020-12-08 17:23:00,active,1,"[""=="",""$node_type"",""compute_cascadelake""]",1-1,compute_cascadelake
904fb62d7e0eb4e06fe9736944788040,72e5dc4ebc0ec715cec51cc33d12b68f,538651377dc63ceffc69ee2f312bec57,2021-03-29 20:55:28,2021-03-30 00:14:18,2021-03-29 20:56:00,2021-03-31 20:55:00,active,1,"[""=="",""$node_type"",""compute_cascadelake""]",1-1,compute_cascadelake
8053dcc30e9968f5c1b01a5a364b6bc2,b0a35f25af1d7434d5c8d1c263121b47,181f3d1d18b414262bf2944775ac335b,2020-02-09 18:01:48,2020-02-09 20:17:15,2020-02-09 18:02:00,2020-02-15 18:01:00,active,1,"[""=="",""$node_type"",""compute_cascadelake""]",1-1,compute_cascadelake
49ca1253d8ef36c56a288e4bed0aef00,3f5e9a14311f459a5e0cebcf659245e2,e8422d8470ad849641afff751303f098,2020-03-23 15:43:23,2020-05-13 03:40:44,2020-03-23 15:44:00,2020-05-14 15:43:00,active,1,"[""=="",""$node_type"",""compute_cascadelake""]",1-1,compute_cascadelake
d6e2adc09dd973f275655e82691efe2b,b0a35f25af1d7434d5c8d1c263121b47,181f3d1d18b414262bf2944775ac335b,2020-02-19 01:49:23,2020-02-23 05:00:42,2020-02-19 01:50:00,2020-02-29 01:49:00,active,1,"[""=="",""$node_type"",""compute_cascadelake""]",1-1,compute_cascadelake
a2d41d3bd193c5262f75930ec2184d10,d79a64ad06b4569c01b79595b62207fb,bbbb30df9ef5575a22b98a0775529c5a,2020-01-16 20:33:17,2020-01-16 21:45:51,2020-01-16 20:34:00,2020-01-17 20:33:00,active,1,"[""=="",""$node_type"",""compute_cascadelake""]",1-1,compute_cascadelake
86b3db7126acb81efc451249ee1e2e0b,0ce630c382d31c11a19268650bb9a711,d92b018495e990b238916fc3d0ab2158,2020-11-19 19:51:25,2020-11-20 00:10:52,2020-11-19 19:52:00,2020-11-21 19:51:00,active,1,"[""=="",""$node_type"",""compute_cascadelake""]",1-1,compute_cascadelake
