lease_id,project_id,user_id,created_at,deleted_at,start_on,end_on,status,node_cnt,reserve_conditions,reserve_count_range,node_type
017438f56031b4b180265077191c3620,d79a64ad06b4569c01b79595b62207fb,bbbb30df9ef5575a22b98a0775529c5a,2020-01-16 21:46:26,2020-01-16 23:14:48,2020-01-16 21:47:00,2020-01-17 21:46:00,active,1,"[""=="",""$node_type"",""lowpower_xeon""]",1-1,lowpower_xeon
39cd34e2f20f711ff36f38c28c7dbedc,6dc6efb1c19ba86dfdb1892af867610d,caae86ced3da6b45707f612623ed15d3,2019-04-20 02:42:30,2019-04-20 02:52:06,2019-04-20 02:43:00,2019-04-21 02:42:00,active,1,"[""=="",""$node_type"",""lowpower_xeon""]",1-1,lowpower_xeon
d6f546672be2679448d489b3f514cad5,f05e71f3b0db8eaf4f912d1edf0b0670,8c9b33b5bbc3d3674e5ce3d29640dd9a,2020-09-15 02:58:25,2020-09-15 03:18:23,2020-09-15 02:59:00,2020-09-15 03:59:00,active,2,"[""=="",""$node_type"",""lowpower_xeon""]",2-2,lowpower_xeon
cd15e60c9ca4cd9e1619459a7d807958,d79a64ad06b4569c01b79595b62207fb,99b54d1d4e70e31f2c092dcec7e5e3b8,2019-06-30 22:34:35,2019-06-30 22:58:00,2019-06-30 22:35:00,2019-06-30 23:35:00,active,1,"[""="", ""$node_type"", ""lowpower_xeon""]",1-1,lowpower_xeon
ccff8ccd7b0860781b4e3d92783a7a3e,d79a64ad06b4569c01b79595b62207fb,99b54d1d4e70e31f2c092dcec7e5e3b8,2020-03-15 17:54:59,2020-03-15 18:27:15,2020-03-15 17:56:00,2020-03-15 18:56:00,active,1,"[""="", ""$node_type"", ""lowpower_xeon""]",1-1,lowpower_xeon
dbd1adde02b5d438f598e5524a06f94f,a6207fc4e11d91820c6b19070a2c631a,21154641297d639c3ecec996291494ad,2020-01-17 17:35:24,2020-01-18 03:05:43,2020-01-17 17:36:00,2020-01-22 17:35:00,active,1,"[""=="",""$node_type"",""lowpower_xeon""]",1-1,lowpower_xeon
88c97b7202d05a32b0074fa73375f8fe,d79a64ad06b4569c01b79595b62207fb,99b54d1d4e70e31f2c092dcec7e5e3b8,2020-06-14 17:55:30,2020-06-14 18:23:11,2020-06-14 17:56:00,2020-06-14 18:56:00,active,1,"[""="", ""$node_type"", ""lowpower_xeon""]",1-1,lowpower_xeon
0d7478fbc514e0d7b07f9110d9cee2f6,d79a64ad06b4569c01b79595b62207fb,99b54d1d4e70e31f2c092dcec7e5e3b8,2019-10-27 18:25:07,2019-10-27 18:47:36,2019-10-27 18:26:00,2019-10-27 19:26:00,active,1,"[""="", ""$node_type"", ""lowpower_xeon""]",1-1,lowpower_xeon
2c6f15b5a6cce568b212b23feba7e144,d79a64ad06b4569c01b79595b62207fb,99b54d1d4e70e31f2c092dcec7e5e3b8,2020-09-06 17:41:51,2020-09-06 18:10:06,2020-09-06 17:42:00,2020-09-06 18:42:00,active,1,"[""="", ""$node_type"", ""lowpower_xeon""]",1-1,lowpower_xeon
10ec7314f17137a9cd06e4dc0870e50e,38e02345e59a8dc8aff5ebcc08d935cc,21154641297d639c3ecec996291494ad,2019-06-20 19:12:21,2019-06-20 19:55:15,2019-06-20 19:13:00,2019-06-21 19:12:00,active,1,"[""=="",""$node_type"",""lowpower_xeon""]",1-1,lowpower_xeon
e95339de047c50ccec0a6c6ed4ea70a3,d79a64ad06b4569c01b79595b62207fb,99b54d1d4e70e31f2c092dcec7e5e3b8,2020-07-12 17:35:44,2020-07-12 18:03:12,2020-07-12 17:36:00,2020-07-12 18:36:00,active,1,"[""="", ""$node_type"", ""lowpower_xeon""]",1-1,lowpower_xeon
8b7c9e460e20688482a332ac3815cb50,d79a64ad06b4569c01b79595b62207fb,99b54d1d4e70e31f2c092dcec7e5e3b8,2020-05-10 17:34:44,2020-05-10 18:20:42,2020-05-10 17:35:00,2020-05-10 18:35:00,active,1,"[""="", ""$node_type"", ""lowpower_xeon""]",1-1,lowpower_xeon
097cc6334d2db1015970cbcfb3349041,d79a64ad06b4569c01b79595b62207fb,99b54d1d4e70e31f2c092dcec7e5e3b8,2019-02-03 23:30:46,2019-02-03 23:56:13,2019-02-03 23:31:00,2019-02-04 00:31:00,active,1,"[""="", ""$node_type"", ""lowpower_xeon""]",1-1,lowpower_xeon
c845e6d8c15151d10237803976f81fbe,38e02345e59a8dc8aff5ebcc08d935cc,21154641297d639c3ecec996291494ad,2019-09-19 15:26:57,2019-09-20 01:05:48,2019-09-19 15:27:00,2019-09-24 15:26:00,active,1,"[""=="",""$node_type"",""lowpower_xeon""]",1-1,lowpower_xeon
571065927944590076db0271360632f9,d79a64ad06b4569c01b79595b62207fb,99b54d1d4e70e31f2c092dcec7e5e3b8,2019-07-07 22:30:41,2019-07-07 22:54:04,2019-07-07 22:31:00,2019-07-07 23:31:00,active,1,"[""="", ""$node_type"", ""lowpower_xeon""]",1-1,lowpower_xeon
a0c056ebf906393881c43aff34603992,d79a64ad06b4569c01b79595b62207fb,99b54d1d4e70e31f2c092dcec7e5e3b8,2020-08-16 17:40:24,2020-08-16 18:09:07,2020-08-16 17:41:00,2020-08-16 18:41:00,active,1,"[""="", ""$node_type"", ""lowpower_xeon""]",1-1,lowpower_xeon
53df92b909df77e428d6502993a76e0a,1779b0c3ad6d3db5e690ada7191cb40b,1063ea6d0366e258308b86ed3840f8cc,2016-12-15 21:31:28,2016-12-15 21:55:48,2016-12-15 21:32:00,2016-12-15 22:00:00,completed,1,"[""="", ""$node_type"", ""lowpower_xeon""]",1-1,lowpower_xeon
b7341974ea4d04b506733832086d6bb0,a6207fc4e11d91820c6b19070a2c631a,21154641297d639c3ecec996291494ad,2020-09-25 15:18:08,2020-09-26 01:05:57,2020-09-25 15:18:00,2020-09-30 15:17:00,active,1,"[""=="",""$node_type"",""lowpower_xeon""]",1-1,lowpower_xeon
3e29f49a0ceff280e9cb180b969c6344,d79a64ad06b4569c01b79595b62207fb,99b54d1d4e70e31f2c092dcec7e5e3b8,2019-08-18 20:15:57,2019-08-18 20:43:23,2019-08-18 20:17:00,2019-08-18 21:17:00,active,1,"[""="", ""$node_type"", ""lowpower_xeon""]",1-1,lowpower_xeon
cbfdfb89b66829cd71e0bcb7f7cea9c1,d79a64ad06b4569c01b79595b62207fb,99b54d1d4e70e31f2c092dcec7e5e3b8,2019-03-24 22:30:37,2019-03-24 22:53:44,2019-03-24 22:31:00,2019-03-24 23:31:00,active,1,"[""="", ""$node_type"", ""lowpower_xeon""]",1-1,lowpower_xeon
590e35a90c474314173f15213eb38125,d79a64ad06b4569c01b79595b62207fb,99b54d1d4e70e31f2c092dcec7e5e3b8,2020-09-20 17:43:17,2020-09-20 18:11:01,2020-09-20 17:44:00,2020-09-20 18:44:00,active,1,"[""="", ""$node_type"", ""lowpower_xeon""]",1-1,lowpower_xeon
25eaf9a028aa63f25d948f2f44ff1793,a6207fc4e11d91820c6b19070a2c631a,21154641297d639c3ecec996291494ad,2020-04-03 22:36:15,2020-04-04 02:24:50,2020-04-03 22:37:00,2020-04-08 22:36:00,active,1,"[""=="",""$node_type"",""lowpower_xeon""]",1-1,lowpower_xeon
0084e0ff2cf066ecbc858d73b4e77209,d79a64ad06b4569c01b79595b62207fb,99b54d1d4e70e31f2c092dcec7e5e3b8,2019-02-10 23:30:55,2019-02-10 23:54:36,2019-02-10 23:32:00,2019-02-11 00:32:00,active,1,"[""="", ""$node_type"", ""lowpower_xeon""]",1-1,lowpower_xeon
2ab0da6834b75cbdc2d6f8c34900c494,8a17388eb3a951284dcd4809691f330f,53d6ccfffff3cf1c530bbe2b50209555,2021-04-20 22:42:24,2021-04-21 06:44:22,2021-04-20 22:43:00,2021-04-26 22:42:00,active,4,"[""=="",""$node_type"",""lowpower_xeon""]",4-4,lowpower_xeon
c50404d53271758e72bc54e3b01381c5,d79a64ad06b4569c01b79595b62207fb,99b54d1d4e70e31f2c092dcec7e5e3b8,2019-12-22 22:07:54,2019-12-22 22:55:34,2019-12-22 22:09:00,2019-12-22 23:09:00,active,1,"[""="", ""$node_type"", ""lowpower_xeon""]",1-1,lowpower_xeon
4de49dd2a9d9cdd13ebbcd967d5f81e8,d79a64ad06b4569c01b79595b62207fb,99b54d1d4e70e31f2c092dcec7e5e3b8,2019-09-08 18:14:22,2019-09-08 18:47:31,2019-09-08 18:15:00,2019-09-08 19:15:00,active,1,"[""="", ""$node_type"", ""lowpower_xeon""]",1-1,lowpower_xeon
a66d272668b825bf62262f00c3f10ade,d79a64ad06b4569c01b79595b62207fb,99b54d1d4e70e31f2c092dcec7e5e3b8,2020-07-26 17:39:41,2020-07-26 18:10:43,2020-07-26 17:40:00,2020-07-26 18:40:00,active,1,"[""="", ""$node_type"", ""lowpower_xeon""]",1-1,lowpower_xeon
a6360f2c41213fd790d0e79e46d50bd4,d79a64ad06b4569c01b79595b62207fb,f67cc3ad2f80c60c3352b40bacac7bf9,2019-08-06 13:41:47,2019-08-06 14:45:18,2019-08-06 13:42:00,2019-08-06 21:00:00,active,1,"[""=="",""$node_type"",""lowpower_xeon""]",1-1,lowpower_xeon
fcd278c2b3d4cc4a67f526cb4be10577,d79a64ad06b4569c01b79595b62207fb,99b54d1d4e70e31f2c092dcec7e5e3b8,2019-03-31 22:31:05,2019-03-31 22:54:23,2019-03-31 22:32:00,2019-03-31 23:32:00,active,1,"[""="", ""$node_type"", ""lowpower_xeon""]",1-1,lowpower_xeon
4536ff1e235b2c7e87fdd5785af16381,f00cc6f3479bce271ce6850f466b57ce,58a67f83563bedd8a49dcae54f91336a,2020-07-06 14:36:42,2020-07-06 23:15:30,2020-07-06 14:37:00,2020-07-13 14:36:00,active,1,"[""=="",""$node_type"",""lowpower_xeon""]",1-1,lowpower_xeon
161891318738817d1b9540889e0addfc,d79a64ad06b4569c01b79595b62207fb,99b54d1d4e70e31f2c092dcec7e5e3b8,2020-09-20 17:43:33,2020-09-20 18:12:19,2020-09-20 17:44:00,2020-09-20 18:44:00,active,1,"[""="", ""$node_type"", ""lowpower_xeon""]",1-1,lowpower_xeon
85cbd575d09d3b323aba617ed11113b6,a6207fc4e11d91820c6b19070a2c631a,21154641297d639c3ecec996291494ad,2020-09-01 19:01:52,2020-09-02 02:29:22,2020-09-01 19:02:00,2020-09-06 19:01:00,active,1,"[""=="",""$node_type"",""lowpower_xeon""]",1-1,lowpower_xeon
5bedf0dbde3ec0350fdacb20432d35d3,a6207fc4e11d91820c6b19070a2c631a,21154641297d639c3ecec996291494ad,2020-01-21 16:01:17,2020-01-22 01:05:45,2020-01-21 16:02:00,2020-01-26 16:01:00,active,1,"[""=="",""$node_type"",""lowpower_xeon""]",1-1,lowpower_xeon
854c8bffe0b1e176f8494f932d5e59c6,d79a64ad06b4569c01b79595b62207fb,99b54d1d4e70e31f2c092dcec7e5e3b8,2020-10-04 17:42:09,2020-10-04 18:23:07,2020-10-04 17:43:00,2020-10-04 18:43:00,active,1,"[""="", ""$node_type"", ""lowpower_xeon""]",1-1,lowpower_xeon
95f1ccdd241be6adb43f33bdda93b620,666de5295c9fd9e404701c78e5bcfa9e,bbbb30df9ef5575a22b98a0775529c5a,2019-05-28 20:20:23,2019-05-31 19:07:40,2019-05-28 20:21:00,2019-06-12 23:00:00,active,8,"[""=="",""$node_type"",""lowpower_xeon""]",8-8,lowpower_xeon
f7854908987a3e2c0a8dd1e788a4c7bd,e5ac5c5bbafdca974b742264dfe9029c,0d2961d93c43e8d58b67e6693315e31a,2019-07-01 23:38:15,2019-07-04 13:55:20,2019-07-01 23:39:00,2019-07-08 23:38:00,active,1,"[""=="",""$node_type"",""lowpower_xeon""]",1-1,lowpower_xeon
2d72b426677e6c89d6ceac7ab9ecf4c8,d79a64ad06b4569c01b79595b62207fb,99b54d1d4e70e31f2c092dcec7e5e3b8,2019-08-18 20:15:48,2019-08-18 20:39:52,2019-08-18 20:16:00,2019-08-18 21:16:00,active,1,"[""="", ""$node_type"", ""lowpower_xeon""]",1-1,lowpower_xeon
a174cd8c9837b890b1f6b0162f08d316,e5ac5c5bbafdca974b742264dfe9029c,0d2961d93c43e8d58b67e6693315e31a,2019-07-16 18:46:42,2019-07-17 20:49:09,2019-07-16 18:47:00,2019-07-23 18:46:00,active,2,"[""=="",""$node_type"",""lowpower_xeon""]",2-2,lowpower_xeon
fd5c18655b48eaec542737d64db73f37,d79a64ad06b4569c01b79595b62207fb,99b54d1d4e70e31f2c092dcec7e5e3b8,2020-09-20 17:43:57,2020-09-20 18:17:32,2020-09-20 17:44:00,2020-09-20 18:44:00,active,1,"[""="", ""$node_type"", ""lowpower_xeon""]",1-1,lowpower_xeon
aa5a434067a2b9042a63cb92a4bd4815,d79a64ad06b4569c01b79595b62207fb,99b54d1d4e70e31f2c092dcec7e5e3b8,2019-06-23 22:31:13,2019-06-23 22:54:38,2019-06-23 22:32:00,2019-06-23 23:32:00,active,1,"[""="", ""$node_type"", ""lowpower_xeon""]",1-1,lowpower_xeon
e7de92f7aecc5ed3c2bf3c33ac357f05,d79a64ad06b4569c01b79595b62207fb,99b54d1d4e70e31f2c092dcec7e5e3b8,2019-07-07 22:31:21,2019-07-07 22:56:14,2019-07-07 22:32:00,2019-07-07 23:32:00,active,1,"[""="", ""$node_type"", ""lowpower_xeon""]",1-1,lowpower_xeon
c9d3c9af12b94461fc27edbe3006a45e,d79a64ad06b4569c01b79595b62207fb,99b54d1d4e70e31f2c092dcec7e5e3b8,2019-02-17 23:30:57,2019-02-17 23:54:00,2019-02-17 23:32:00,2019-02-18 00:32:00,active,1,"[""="", ""$node_type"", ""lowpower_xeon""]",1-1,lowpower_xeon
966ead3946b7dce5bf3603bb50460822,d79a64ad06b4569c01b79595b62207fb,99b54d1d4e70e31f2c092dcec7e5e3b8,2020-01-05 21:56:23,2020-01-05 22:37:06,2020-01-05 21:57:00,2020-01-05 22:57:00,active,1,"[""="", ""$node_type"", ""lowpower_xeon""]",1-1,lowpower_xeon
49de067060fa443fbf85a1fa3841059a,d79a64ad06b4569c01b79595b62207fb,99b54d1d4e70e31f2c092dcec7e5e3b8,2020-08-23 17:41:54,2020-08-23 18:17:52,2020-08-23 17:42:00,2020-08-23 18:42:00,active,1,"[""="", ""$node_type"", ""lowpower_xeon""]",1-1,lowpower_xeon
e7d27b75bd9a79a489cffdb2cecb1200,7be5fc80ba4efffc763f9a2e712525cd,9d0ca052b048a75e380d67d350174252,2017-09-22 12:51:54,2017-09-29 12:56:39,2017-09-22 12:52:00,2017-09-28 12:51:00,completed,1,"[""="", ""$node_type"", ""lowpower_xeon""]",1-1,lowpower_xeon
915dddc5d7937adb406ed92349d68650,fcce246ec2a5ea1eead359d3ef4ed3fb,487bc2e8fa0471a316a08b6b818d72e8,2020-04-06 02:32:48,2020-04-06 11:16:48,2020-04-06 02:33:00,2020-04-07 02:32:00,active,1,"[""=="",""$node_type"",""lowpower_xeon""]",1-1,lowpower_xeon
f1ddc35c9bbbfcb13598c44c0e5851c1,d79a64ad06b4569c01b79595b62207fb,99b54d1d4e70e31f2c092dcec7e5e3b8,2019-02-24 23:30:45,2019-02-24 23:53:06,2019-02-24 23:31:00,2019-02-25 00:31:00,active,1,"[""="", ""$node_type"", ""lowpower_xeon""]",1-1,lowpower_xeon
adf0812f05cd61fa16b4cb3394af893d,d79a64ad06b4569c01b79595b62207fb,99b54d1d4e70e31f2c092dcec7e5e3b8,2020-08-23 17:41:38,2020-08-23 18:15:54,2020-08-23 17:42:00,2020-08-23 18:42:00,active,1,"[""="", ""$node_type"", ""lowpower_xeon""]",1-1,lowpower_xeon
240f7332e8b7f3eea334b75770188afb,a6207fc4e11d91820c6b19070a2c631a,21154641297d639c3ecec996291494ad,2020-05-24 22:15:33,2020-05-25 08:05:49,2020-05-24 22:16:00,2020-05-29 22:15:00,active,1,"[""=="",""$node_type"",""lowpower_xeon""]",1-1,lowpower_xeon
7a1b1670b33a7f2fef582b68bb90a69a,d79a64ad06b4569c01b79595b62207fb,99b54d1d4e70e31f2c092dcec7e5e3b8,2019-08-05 20:58:33,2019-08-05 21:21:41,2019-08-05 20:59:00,2019-08-05 21:59:00,active,1,"[""="", ""$node_type"", ""lowpower_xeon""]",1-1,lowpower_xeon
cf6b668c61b60175173b1771f754d04f,d79a64ad06b4569c01b79595b62207fb,99b54d1d4e70e31f2c092dcec7e5e3b8,2020-05-03 17:43:52,2020-05-03 18:11:09,2020-05-03 17:44:00,2020-05-03 18:44:00,active,1,"[""="", ""$node_type"", ""lowpower_xeon""]",1-1,lowpower_xeon
ca022e2e6ed3becd05a4a5d9f9c19a1e,d79a64ad06b4569c01b79595b62207fb,99b54d1d4e70e31f2c092dcec7e5e3b8,2020-08-23 17:41:19,2020-08-23 18:09:17,2020-08-23 17:42:00,2020-08-23 18:42:00,active,1,"[""="", ""$node_type"", ""lowpower_xeon""]",1-1,lowpower_xeon
0f8a5086e4fc429cb83adf4a45417301,d79a64ad06b4569c01b79595b62207fb,99b54d1d4e70e31f2c092dcec7e5e3b8,2019-10-13 18:49:54,2019-10-13 19:15:14,2019-10-13 18:51:00,2019-10-13 19:51:00,active,1,"[""="", ""$node_type"", ""lowpower_xeon""]",1-1,lowpower_xeon
9ceb4fc7ee42802f9d66de594417eafa,d79a64ad06b4569c01b79595b62207fb,99b54d1d4e70e31f2c092dcec7e5e3b8,2020-06-28 18:11:08,2020-06-28 18:39:45,2020-06-28 18:12:00,2020-06-28 19:12:00,active,1,"[""="", ""$node_type"", ""lowpower_xeon""]",1-1,lowpower_xeon
5daa49e9e10ff1bddcd43515e8a291e6,d79a64ad06b4569c01b79595b62207fb,99b54d1d4e70e31f2c092dcec7e5e3b8,2020-10-04 17:41:29,2020-10-04 18:09:23,2020-10-04 17:42:00,2020-10-04 18:42:00,active,1,"[""="", ""$node_type"", ""lowpower_xeon""]",1-1,lowpower_xeon
790fcc6c2edc94ac1f0f9ea958438d14,d79a64ad06b4569c01b79595b62207fb,99b54d1d4e70e31f2c092dcec7e5e3b8,2020-06-21 19:24:35,2020-06-21 20:08:20,2020-06-21 19:25:00,2020-06-21 20:25:00,active,1,"[""="", ""$node_type"", ""lowpower_xeon""]",1-1,lowpower_xeon
ff5d9b97507c4c7d512b36db90e1d5c7,d79a64ad06b4569c01b79595b62207fb,99b54d1d4e70e31f2c092dcec7e5e3b8,2020-08-09 17:36:47,2020-08-09 18:04:03,2020-08-09 17:37:00,2020-08-09 18:37:00,active,1,"[""="", ""$node_type"", ""lowpower_xeon""]",1-1,lowpower_xeon
74135d93ef26e7ed50c81ae961df8f4c,d79a64ad06b4569c01b79595b62207fb,99b54d1d4e70e31f2c092dcec7e5e3b8,2019-10-13 18:50:05,2019-10-13 19:15:21,2019-10-13 18:51:00,2019-10-13 19:51:00,active,1,"[""="", ""$node_type"", ""lowpower_xeon""]",1-1,lowpower_xeon
6506641bc045eaf37a30710628621c56,d79a64ad06b4569c01b79595b62207fb,99b54d1d4e70e31f2c092dcec7e5e3b8,2020-09-27 17:48:20,2020-09-27 18:26:31,2020-09-27 17:49:00,2020-09-27 18:49:00,active,1,"[""="", ""$node_type"", ""lowpower_xeon""]",1-1,lowpower_xeon
4fe6ac3e31c86d440e987d6caea4bc3e,d79a64ad06b4569c01b79595b62207fb,99b54d1d4e70e31f2c092dcec7e5e3b8,2019-12-08 23:25:31,2019-12-08 23:51:54,2019-12-08 23:26:00,2019-12-09 00:26:00,active,1,"[""="", ""$node_type"", ""lowpower_xeon""]",1-1,lowpower_xeon
d979824c07987d9dc098ec62a7120526,d79a64ad06b4569c01b79595b62207fb,99b54d1d4e70e31f2c092dcec7e5e3b8,2019-09-08 18:14:03,2019-09-08 18:53:05,2019-09-08 18:15:00,2019-09-08 19:15:00,active,1,"[""="", ""$node_type"", ""lowpower_xeon""]",1-1,lowpower_xeon
6518a75c5f4b2324fd5d55eb96e506c2,d79a64ad06b4569c01b79595b62207fb,99b54d1d4e70e31f2c092dcec7e5e3b8,2020-03-29 18:20:36,2020-03-29 18:59:47,2020-03-29 18:21:00,2020-03-29 19:21:00,active,1,"[""="", ""$node_type"", ""lowpower_xeon""]",1-1,lowpower_xeon
f008a9483c65d2c36e3b026ecfbdaf3e,d79a64ad06b4569c01b79595b62207fb,99b54d1d4e70e31f2c092dcec7e5e3b8,2020-08-09 17:37:11,2020-08-09 18:14:55,2020-08-09 17:38:00,2020-08-09 18:38:00,active,1,"[""="", ""$node_type"", ""lowpower_xeon""]",1-1,lowpower_xeon
31db01056707ba0cf576a1f6491fdc88,3a162887dc17840eb9555f00b4779abd,8516f11421125f7de02291ef2ff166b8,2019-02-14 20:08:25,2019-02-14 21:24:29,2019-02-14 20:09:00,2019-02-17 20:08:00,active,1,"[""=="",""$node_type"",""lowpower_xeon""]",1-1,lowpower_xeon
a8794038a516c56a6fa7a852bc72dc3b,e5ac5c5bbafdca974b742264dfe9029c,0d2961d93c43e8d58b67e6693315e31a,2019-07-15 19:12:36,2019-07-16 18:25:44,2019-07-15 19:13:00,2019-07-22 19:12:00,active,1,"[""=="",""$node_type"",""lowpower_xeon""]",1-1,lowpower_xeon
51ef33dce7ee680ca5d5b0ba406bd880,1ab8ea2f6fd99e582c7f6f1967bc6f4d,0a64a2fe203163f1d080f803efd66d7e,2019-02-25 00:18:27,2019-02-25 23:40:35,2019-02-25 00:19:00,2019-03-01 00:18:00,active,1,"[""=="",""$node_type"",""lowpower_xeon""]",1-1,lowpower_xeon
840489c17101a4b3bfbba53544b574e7,d79a64ad06b4569c01b79595b62207fb,99b54d1d4e70e31f2c092dcec7e5e3b8,2019-03-24 22:30:44,2019-03-24 22:53:05,2019-03-24 22:31:00,2019-03-24 23:31:00,active,1,"[""="", ""$node_type"", ""lowpower_xeon""]",1-1,lowpower_xeon
140a82d04d3a09cc7d78259865fbadeb,d79a64ad06b4569c01b79595b62207fb,99b54d1d4e70e31f2c092dcec7e5e3b8,2020-05-24 17:44:37,2020-05-24 18:11:41,2020-05-24 17:45:00,2020-05-24 18:45:00,active,1,"[""="", ""$node_type"", ""lowpower_xeon""]",1-1,lowpower_xeon
b71b010a264565c40b4008fb25f73c0f,38e02345e59a8dc8aff5ebcc08d935cc,21154641297d639c3ecec996291494ad,2019-07-07 17:48:42,2019-07-24 17:31:38,2019-07-07 17:49:00,2019-07-14 17:48:00,active,1,"[""=="",""$node_type"",""lowpower_xeon""]",1-1,lowpower_xeon
ff22ca7cd2755499cfc83cc2bfeec9a1,d79a64ad06b4569c01b79595b62207fb,99b54d1d4e70e31f2c092dcec7e5e3b8,2019-07-07 22:31:04,2019-07-07 22:56:34,2019-07-07 22:32:00,2019-07-07 23:32:00,active,1,"[""="", ""$node_type"", ""lowpower_xeon""]",1-1,lowpower_xeon
13207d601c863c30dc59467120877656,d79a64ad06b4569c01b79595b62207fb,99b54d1d4e70e31f2c092dcec7e5e3b8,2020-05-10 17:34:32,2020-05-10 18:19:23,2020-05-10 17:35:00,2020-05-10 18:35:00,active,1,"[""="", ""$node_type"", ""lowpower_xeon""]",1-1,lowpower_xeon
f389acfa2fd1db9e9aa3c73d8f80d9a0,d79a64ad06b4569c01b79595b62207fb,99b54d1d4e70e31f2c092dcec7e5e3b8,2019-01-20 23:30:44,2019-01-20 23:53:43,2019-01-20 23:31:00,2019-01-21 00:31:00,active,1,"[""="", ""$node_type"", ""lowpower_xeon""]",1-1,lowpower_xeon
115cc8f538436aa771c9633f153a227b,d79a64ad06b4569c01b79595b62207fb,99b54d1d4e70e31f2c092dcec7e5e3b8,2020-05-03 17:44:02,2020-05-03 18:11:28,2020-05-03 17:45:00,2020-05-03 18:45:00,active,1,"[""="", ""$node_type"", ""lowpower_xeon""]",1-1,lowpower_xeon
d4f74b9b01fc9a3e5f23dc3fe0df6f1a,d79a64ad06b4569c01b79595b62207fb,99b54d1d4e70e31f2c092dcec7e5e3b8,2020-08-09 17:36:58,2020-08-09 18:11:21,2020-08-09 17:38:00,2020-08-09 18:38:00,active,1,"[""="", ""$node_type"", ""lowpower_xeon""]",1-1,lowpower_xeon
3d04fe89fbbb0888bca64787a1f7c046,d79a64ad06b4569c01b79595b62207fb,99b54d1d4e70e31f2c092dcec7e5e3b8,2019-02-17 23:30:44,2019-02-17 23:53:38,2019-02-17 23:31:00,2019-02-18 00:31:00,active,1,"[""="", ""$node_type"", ""lowpower_xeon""]",1-1,lowpower_xeon
0a383213e732c75ca556df7526830d2c,3a162887dc17840eb9555f00b4779abd,377374cf3e899e536d17674aadc7cdee,2018-07-12 14:03:00,2018-07-12 16:00:15,2018-07-12 14:03:00,2018-07-13 14:02:00,active,1,"[""=="",""$node_type"",""lowpower_xeon""]",1-1,lowpower_xeon
76fd6ace3acf4553320cdbe74a71940b,d79a64ad06b4569c01b79595b62207fb,99b54d1d4e70e31f2c092dcec7e5e3b8,2019-03-17 22:30:42,2019-03-17 22:52:22,2019-03-17 22:31:00,2019-03-17 23:31:00,active,1,"[""="", ""$node_type"", ""lowpower_xeon""]",1-1,lowpower_xeon
be782bfb1ef2b8ac1cd630c80019f04e,d79a64ad06b4569c01b79595b62207fb,99b54d1d4e70e31f2c092dcec7e5e3b8,2019-08-11 22:31:46,2019-08-11 22:57:55,2019-08-11 22:32:00,2019-08-11 23:32:00,active,1,"[""="", ""$node_type"", ""lowpower_xeon""]",1-1,lowpower_xeon
3a775e41fd3168ec252cd05ac5d58281,19e302cfd9ecb11e481693814efc2b78,0b2ffb2f2c34adf9a749e7e41e623723,2019-06-23 20:08:32,2019-06-25 06:29:55,2019-06-23 20:09:00,2019-06-27 20:08:00,active,2,"[""=="",""$node_type"",""lowpower_xeon""]",2-2,lowpower_xeon
a67d86bd7609ad9527e9643b742adf13,d79a64ad06b4569c01b79595b62207fb,38d1a211502bb987c140f8c93f5098b4,2019-03-05 22:02:41,2019-03-11 15:06:51,2019-03-05 22:03:00,2019-03-12 21:02:00,active,1,"[""=="",""$node_type"",""lowpower_xeon""]",1-1,lowpower_xeon
ee931fc9ca3d09ae4ecb22a83bc31aec,d79a64ad06b4569c01b79595b62207fb,99b54d1d4e70e31f2c092dcec7e5e3b8,2019-03-31 22:30:47,2019-03-31 22:53:44,2019-03-31 22:31:00,2019-03-31 23:31:00,active,1,"[""="", ""$node_type"", ""lowpower_xeon""]",1-1,lowpower_xeon
d2396326dc338fbb56bc138283ccb18c,d79a64ad06b4569c01b79595b62207fb,99b54d1d4e70e31f2c092dcec7e5e3b8,2019-02-10 23:30:41,2019-02-10 23:53:47,2019-02-10 23:31:00,2019-02-11 00:31:00,active,1,"[""="", ""$node_type"", ""lowpower_xeon""]",1-1,lowpower_xeon
eeaa90040ae35c41c95ce931e3682b72,d79a64ad06b4569c01b79595b62207fb,99b54d1d4e70e31f2c092dcec7e5e3b8,2019-06-30 22:34:05,2019-06-30 23:08:03,2019-06-30 22:35:00,2019-06-30 23:35:00,active,1,"[""="", ""$node_type"", ""lowpower_xeon""]",1-1,lowpower_xeon
53fca1b643b2dd1641eb997c9f02b99d,d79a64ad06b4569c01b79595b62207fb,99b54d1d4e70e31f2c092dcec7e5e3b8,2019-08-11 22:30:59,2019-08-11 22:55:18,2019-08-11 22:32:00,2019-08-11 23:32:00,active,1,"[""="", ""$node_type"", ""lowpower_xeon""]",1-1,lowpower_xeon
a84c3d10037414fbf39bf931d33a07e1,b2eaf4c6c3022e6d0ef350e23a02ba90,e2cdbdb281156a31334b8e6323b6b73e,2017-06-23 19:27:41,2017-06-24 21:35:35,2017-06-23 19:28:00,2017-06-30 19:27:00,completed,1,"[""="", ""$node_type"", ""lowpower_xeon""]",1-1,lowpower_xeon
297605cab31265111c50efe5a28aa521,d79a64ad06b4569c01b79595b62207fb,99b54d1d4e70e31f2c092dcec7e5e3b8,2020-05-10 17:34:15,2020-05-10 18:02:14,2020-05-10 17:35:00,2020-05-10 18:35:00,active,1,"[""="", ""$node_type"", ""lowpower_xeon""]",1-1,lowpower_xeon
0ec16cf5adc4c8fa0010fcc21bc41a02,38e02345e59a8dc8aff5ebcc08d935cc,21154641297d639c3ecec996291494ad,2019-06-26 03:14:45,2019-06-27 16:03:41,2019-06-26 03:15:00,2019-06-29 03:14:00,active,1,"[""=="",""$node_type"",""lowpower_xeon""]",1-1,lowpower_xeon
5337133e1bc8fb383da3c7f22425e5e0,a6207fc4e11d91820c6b19070a2c631a,21154641297d639c3ecec996291494ad,2020-09-17 14:44:31,2020-09-18 00:05:51,2020-09-17 14:45:00,2020-09-22 14:44:00,active,1,"[""=="",""$node_type"",""lowpower_xeon""]",1-1,lowpower_xeon
9a1588605ead5f23fab8f3e4c32b1900,d79a64ad06b4569c01b79595b62207fb,99b54d1d4e70e31f2c092dcec7e5e3b8,2019-11-03 19:01:07,2019-11-03 19:28:06,2019-11-03 19:02:00,2019-11-03 20:02:00,active,1,"[""="", ""$node_type"", ""lowpower_xeon""]",1-1,lowpower_xeon
8a06017e4a6f9d192d31900ca33d433f,d79a64ad06b4569c01b79595b62207fb,99b54d1d4e70e31f2c092dcec7e5e3b8,2019-12-29 21:07:00,2019-12-29 22:05:25,2019-12-29 21:08:00,2019-12-29 22:08:00,active,1,"[""="", ""$node_type"", ""lowpower_xeon""]",1-1,lowpower_xeon
0c2c68ebde5fad5514e032002d35fcc5,d79a64ad06b4569c01b79595b62207fb,99b54d1d4e70e31f2c092dcec7e5e3b8,2020-07-26 17:39:26,2020-07-26 18:07:04,2020-07-26 17:40:00,2020-07-26 18:40:00,active,1,"[""="", ""$node_type"", ""lowpower_xeon""]",1-1,lowpower_xeon
76f8c2f6d6699ec62e8ec4ad53fcefc6,d79a64ad06b4569c01b79595b62207fb,99b54d1d4e70e31f2c092dcec7e5e3b8,2019-06-30 22:33:35,2019-06-30 22:57:23,2019-06-30 22:34:00,2019-06-30 23:34:00,active,1,"[""="", ""$node_type"", ""lowpower_xeon""]",1-1,lowpower_xeon
f6f0e115836053b857e25ade8f6261b2,d79a64ad06b4569c01b79595b62207fb,99b54d1d4e70e31f2c092dcec7e5e3b8,2019-11-17 19:23:38,2019-11-17 19:51:15,2019-11-17 19:24:00,2019-11-17 20:24:00,active,1,"[""="", ""$node_type"", ""lowpower_xeon""]",1-1,lowpower_xeon
4eab05b7c6017765ead29fe2f5c9b190,d79a64ad06b4569c01b79595b62207fb,99b54d1d4e70e31f2c092dcec7e5e3b8,2019-11-24 19:53:47,2019-11-24 20:18:54,2019-11-24 19:54:00,2019-11-24 20:54:00,active,1,"[""="", ""$node_type"", ""lowpower_xeon""]",1-1,lowpower_xeon
f31c101b7227ee788424601842440fb4,d79a64ad06b4569c01b79595b62207fb,99b54d1d4e70e31f2c092dcec7e5e3b8,2020-01-20 01:52:27,2020-01-20 02:18:55,2020-01-20 01:53:00,2020-01-20 02:53:00,active,1,"[""="", ""$node_type"", ""lowpower_xeon""]",1-1,lowpower_xeon
3efe2c9075fde80cbfabc2a51c3cc7c7,6ecccc20daf59bae92112c7f6c76a862,63aba5c5324064953a241ede47330ebd,2018-08-03 16:16:39,2018-08-03 20:38:02,2018-08-03 16:17:00,2018-08-04 16:16:00,active,1,"[""=="",""$node_type"",""lowpower_xeon""]",1-1,lowpower_xeon
31863908e28f3aa8c94b4c2c72b77ca9,d79a64ad06b4569c01b79595b62207fb,99b54d1d4e70e31f2c092dcec7e5e3b8,2019-04-14 22:30:51,2019-04-14 22:54:32,2019-04-14 22:31:00,2019-04-14 23:31:00,active,1,"[""="", ""$node_type"", ""lowpower_xeon""]",1-1,lowpower_xeon
2378fcc727b44ac0b68c839c056a18b7,d79a64ad06b4569c01b79595b62207fb,99b54d1d4e70e31f2c092dcec7e5e3b8,2019-11-10 19:25:15,2019-11-10 20:02:45,2019-11-10 19:26:00,2019-11-10 20:26:00,active,1,"[""="", ""$node_type"", ""lowpower_xeon""]",1-1,lowpower_xeon
11ad36e01d9c6efe2c0b05de1d1477f8,d79a64ad06b4569c01b79595b62207fb,99b54d1d4e70e31f2c092dcec7e5e3b8,2019-06-02 22:30:48,2019-06-02 22:55:33,2019-06-02 22:31:00,2019-06-02 23:31:00,active,1,"[""="", ""$node_type"", ""lowpower_xeon""]",1-1,lowpower_xeon
f8d3f3d02a0b20036548fea06ac93cfd,d79a64ad06b4569c01b79595b62207fb,99b54d1d4e70e31f2c092dcec7e5e3b8,2019-12-08 23:25:56,2019-12-08 23:56:50,2019-12-08 23:27:00,2019-12-09 00:27:00,active,1,"[""="", ""$node_type"", ""lowpower_xeon""]",1-1,lowpower_xeon
55b8762d1075af269af96cb1b8e012cf,d79a64ad06b4569c01b79595b62207fb,1063ea6d0366e258308b86ed3840f8cc,2016-12-15 21:56:19,2017-01-13 13:44:36,2016-12-15 22:00:00,2017-01-07 00:00:00,completed,2,"[""="", ""$node_type"", ""lowpower_xeon""]",2-2,lowpower_xeon
ea7eb12dc2b5f91bff88aeac972eff60,d79a64ad06b4569c01b79595b62207fb,99b54d1d4e70e31f2c092dcec7e5e3b8,2019-02-10 23:31:05,2019-02-10 23:54:29,2019-02-10 23:32:00,2019-02-11 00:32:00,active,1,"[""="", ""$node_type"", ""lowpower_xeon""]",1-1,lowpower_xeon
6bd6d9c413f8e21bae30e2e6d22ecd2b,d79a64ad06b4569c01b79595b62207fb,99b54d1d4e70e31f2c092dcec7e5e3b8,2019-03-24 22:30:27,2019-03-24 22:54:12,2019-03-24 22:31:00,2019-03-24 23:31:00,active,1,"[""="", ""$node_type"", ""lowpower_xeon""]",1-1,lowpower_xeon
307757a42ad4d761c89aa5546eaa058c,d79a64ad06b4569c01b79595b62207fb,99b54d1d4e70e31f2c092dcec7e5e3b8,2020-06-28 18:11:30,2020-06-28 18:58:24,2020-06-28 18:12:00,2020-06-28 19:12:00,active,1,"[""="", ""$node_type"", ""lowpower_xeon""]",1-1,lowpower_xeon
98d744d562922b68f8b2d15eeaabaa84,d79a64ad06b4569c01b79595b62207fb,99b54d1d4e70e31f2c092dcec7e5e3b8,2020-07-12 17:35:55,2020-07-12 18:22:31,2020-07-12 17:37:00,2020-07-12 18:37:00,active,1,"[""="", ""$node_type"", ""lowpower_xeon""]",1-1,lowpower_xeon
7ed14b0606d2dc0a616bc719e444910c,b2eaf4c6c3022e6d0ef350e23a02ba90,badcf471d9026cb61014e20f0552b0e8,2017-06-05 16:22:19,2017-06-20 17:32:25,2017-06-05 16:23:00,2017-06-05 18:00:00,completed,1,"[""="", ""$node_type"", ""lowpower_xeon""]",1-1,lowpower_xeon
84b606d1571729f965a27eae1984a746,a6207fc4e11d91820c6b19070a2c631a,21154641297d639c3ecec996291494ad,2020-01-21 16:04:54,2020-01-22 01:05:49,2020-01-21 16:05:00,2020-01-26 16:04:00,active,1,"[""=="",""$node_type"",""lowpower_xeon""]",1-1,lowpower_xeon
1cbb8b75c168911a9eed4e1f77a17e16,d79a64ad06b4569c01b79595b62207fb,99b54d1d4e70e31f2c092dcec7e5e3b8,2019-11-03 19:00:56,2019-11-03 19:27:12,2019-11-03 19:02:00,2019-11-03 20:02:00,active,1,"[""="", ""$node_type"", ""lowpower_xeon""]",1-1,lowpower_xeon
1b94a39faa2d3f7f3e7d63542b9711b3,d79a64ad06b4569c01b79595b62207fb,99b54d1d4e70e31f2c092dcec7e5e3b8,2019-09-08 18:14:45,2019-09-08 18:45:39,2019-09-08 18:15:00,2019-09-08 19:15:00,active,1,"[""="", ""$node_type"", ""lowpower_xeon""]",1-1,lowpower_xeon
9263f5eb1f50a577d47d70f7306e48a0,d79a64ad06b4569c01b79595b62207fb,99b54d1d4e70e31f2c092dcec7e5e3b8,2019-12-29 21:06:40,2019-12-29 21:41:10,2019-12-29 21:07:00,2019-12-29 22:07:00,active,1,"[""="", ""$node_type"", ""lowpower_xeon""]",1-1,lowpower_xeon
b4676ac6fec871dd5bae21bffe4bc499,d79a64ad06b4569c01b79595b62207fb,3a64e23985e1a931a725afd202a72c6a,2017-01-25 14:21:47,2017-01-25 15:31:11,2017-01-25 14:22:00,2017-01-31 22:00:00,completed,1,"[""="", ""$node_type"", ""lowpower_xeon""]",1-1,lowpower_xeon
9ca1544434a1b20c4311176324ef29aa,d79a64ad06b4569c01b79595b62207fb,99b54d1d4e70e31f2c092dcec7e5e3b8,2020-09-06 17:42:09,2020-09-06 18:15:47,2020-09-06 17:43:00,2020-09-06 18:43:00,active,1,"[""="", ""$node_type"", ""lowpower_xeon""]",1-1,lowpower_xeon
1cfefdc7c4e1c4cfdc24e80333962e40,d79a64ad06b4569c01b79595b62207fb,99b54d1d4e70e31f2c092dcec7e5e3b8,2020-07-26 17:39:58,2020-07-26 18:18:48,2020-07-26 17:41:00,2020-07-26 18:41:00,active,1,"[""="", ""$node_type"", ""lowpower_xeon""]",1-1,lowpower_xeon
c68952653dc0fb2ad797df7f2de3f6fa,666de5295c9fd9e404701c78e5bcfa9e,bbbb30df9ef5575a22b98a0775529c5a,2019-09-26 20:48:41,2019-09-27 17:03:07,2019-09-26 20:49:00,2019-09-27 20:48:00,active,1,"[""=="",""$node_type"",""lowpower_xeon""]",1-1,lowpower_xeon
0a109e985d2cc7009c00c325b448b49b,d79a64ad06b4569c01b79595b62207fb,99b54d1d4e70e31f2c092dcec7e5e3b8,2019-02-17 23:30:51,2019-02-17 23:54:27,2019-02-17 23:31:00,2019-02-18 00:31:00,active,1,"[""="", ""$node_type"", ""lowpower_xeon""]",1-1,lowpower_xeon
59bfac5be5cac87f20bab01284109595,d79a64ad06b4569c01b79595b62207fb,99b54d1d4e70e31f2c092dcec7e5e3b8,2019-10-20 18:28:01,2019-10-20 18:50:43,2019-10-20 18:29:00,2019-10-20 19:29:00,active,1,"[""="", ""$node_type"", ""lowpower_xeon""]",1-1,lowpower_xeon
339ff5a5a9f9ecc7fc10335635116de1,d79a64ad06b4569c01b79595b62207fb,99b54d1d4e70e31f2c092dcec7e5e3b8,2020-03-01 19:37:00,2020-03-01 20:24:39,2020-03-01 19:38:00,2020-03-01 20:38:00,active,1,"[""="", ""$node_type"", ""lowpower_xeon""]",1-1,lowpower_xeon
abffd45b5eabcb75529fc6ac248fced5,d79a64ad06b4569c01b79595b62207fb,99b54d1d4e70e31f2c092dcec7e5e3b8,2019-03-31 22:30:55,2019-03-31 22:54:31,2019-03-31 22:32:00,2019-03-31 23:32:00,active,1,"[""="", ""$node_type"", ""lowpower_xeon""]",1-1,lowpower_xeon
b19c3b9c77bd775c048e2c5d7cbd7f35,d79a64ad06b4569c01b79595b62207fb,99b54d1d4e70e31f2c092dcec7e5e3b8,2019-03-17 22:30:29,2019-03-17 22:53:34,2019-03-17 22:31:00,2019-03-17 23:31:00,active,1,"[""="", ""$node_type"", ""lowpower_xeon""]",1-1,lowpower_xeon
8647f3418d2a7e7ec02505402b47b0f7,d79a64ad06b4569c01b79595b62207fb,99b54d1d4e70e31f2c092dcec7e5e3b8,2020-07-19 17:36:01,,2020-07-19 17:37:00,2020-07-19 18:37:00,active,1,"[""="", ""$node_type"", ""lowpower_xeon""]",1-1,lowpower_xeon
27f81cfad3cddd8d2ce05098e39937a8,d79a64ad06b4569c01b79595b62207fb,1063ea6d0366e258308b86ed3840f8cc,2016-12-15 20:23:57,2016-12-15 21:25:11,2016-12-15 20:25:00,2016-12-17 00:00:00,completed,8,"[""="", ""$node_type"", ""lowpower_xeon""]",8-8,lowpower_xeon
1ca0a208d43c32eb5db1ddccc3986e5a,d79a64ad06b4569c01b79595b62207fb,99b54d1d4e70e31f2c092dcec7e5e3b8,2019-10-06 18:03:54,2019-10-06 18:27:43,2019-10-06 18:05:00,2019-10-06 19:05:00,active,1,"[""="", ""$node_type"", ""lowpower_xeon""]",1-1,lowpower_xeon
5ae404864d382e68c06df07f72b8eaf2,d79a64ad06b4569c01b79595b62207fb,99b54d1d4e70e31f2c092dcec7e5e3b8,2020-01-05 21:56:13,2020-01-05 22:27:53,2020-01-05 21:57:00,2020-01-05 22:57:00,active,1,"[""="", ""$node_type"", ""lowpower_xeon""]",1-1,lowpower_xeon
20df35a540068a1c7a3655b412e61e63,3a162887dc17840eb9555f00b4779abd,8516f11421125f7de02291ef2ff166b8,2019-09-02 05:20:12,2019-09-02 05:21:24,2019-09-02 05:18:00,2019-09-09 05:17:00,active,1,"[""=="",""$node_type"",""lowpower_xeon""]",1-1,lowpower_xeon
0a1a3eaac7f662f0a271123700124ff0,d79a64ad06b4569c01b79595b62207fb,99b54d1d4e70e31f2c092dcec7e5e3b8,2019-02-03 23:30:59,2019-02-03 23:55:18,2019-02-03 23:32:00,2019-02-04 00:32:00,active,1,"[""="", ""$node_type"", ""lowpower_xeon""]",1-1,lowpower_xeon
9deaea0fc6d672c2b5cbc8661b7b5cc3,d79a64ad06b4569c01b79595b62207fb,99b54d1d4e70e31f2c092dcec7e5e3b8,2019-06-09 22:30:58,2019-06-09 22:53:26,2019-06-09 22:32:00,2019-06-09 23:32:00,active,1,"[""="", ""$node_type"", ""lowpower_xeon""]",1-1,lowpower_xeon
c6e10b556f4d3c82007000440472cb4c,d79a64ad06b4569c01b79595b62207fb,99b54d1d4e70e31f2c092dcec7e5e3b8,2019-03-10 22:30:42,2019-03-10 22:55:24,2019-03-10 22:31:00,2019-03-10 23:31:00,active,1,"[""="", ""$node_type"", ""lowpower_xeon""]",1-1,lowpower_xeon
ef99473d9e66d009d13f10002289525d,d79a64ad06b4569c01b79595b62207fb,99b54d1d4e70e31f2c092dcec7e5e3b8,2020-01-20 01:51:59,2020-01-20 02:18:23,2020-01-20 01:53:00,2020-01-20 02:53:00,active,1,"[""="", ""$node_type"", ""lowpower_xeon""]",1-1,lowpower_xeon
20a94fd162dd033f0783fcf18ce6eef2,d79a64ad06b4569c01b79595b62207fb,99b54d1d4e70e31f2c092dcec7e5e3b8,2019-01-20 23:30:53,2019-01-20 23:55:08,2019-01-20 23:32:00,2019-01-21 00:32:00,active,1,"[""="", ""$node_type"", ""lowpower_xeon""]",1-1,lowpower_xeon
a715be6310d5b91e68ddf21b7491ca76,3a162887dc17840eb9555f00b4779abd,8516f11421125f7de02291ef2ff166b8,2019-01-16 05:33:56,2019-01-21 20:52:08,2019-01-16 05:34:00,2019-01-22 05:33:00,active,1,"[""=="",""$node_type"",""lowpower_xeon""]",1-1,lowpower_xeon
0570dd55d50f7278251bb4e1dce5c1d5,d79a64ad06b4569c01b79595b62207fb,99b54d1d4e70e31f2c092dcec7e5e3b8,2019-06-02 22:30:40,2019-06-02 22:55:27,2019-06-02 22:31:00,2019-06-02 23:31:00,active,1,"[""="", ""$node_type"", ""lowpower_xeon""]",1-1,lowpower_xeon
a44dec43877058c05f9073b861ce0297,6d1937b0a35ac0cb91556987ed3c4508,7d5a7dae3e32f7095142fe4c1128e895,2020-01-19 01:44:55,2020-01-19 01:59:52,2020-01-19 01:45:00,2020-01-22 01:44:00,active,3,"[""=="",""$node_type"",""lowpower_xeon""]",3-3,lowpower_xeon
da3a2b955e8fc34d44450fdf0624ef91,d79a64ad06b4569c01b79595b62207fb,99b54d1d4e70e31f2c092dcec7e5e3b8,2019-01-27 23:31:02,2019-01-27 23:53:56,2019-01-27 23:32:00,2019-01-28 00:32:00,active,1,"[""="", ""$node_type"", ""lowpower_xeon""]",1-1,lowpower_xeon
68008b18e4c9dbdc0fda71ac1b3abe53,38e02345e59a8dc8aff5ebcc08d935cc,21154641297d639c3ecec996291494ad,2019-09-13 14:22:50,2019-09-17 19:06:21,2019-09-13 14:23:00,2019-09-18 14:22:00,active,1,"[""=="",""$node_type"",""lowpower_xeon""]",1-1,lowpower_xeon
f5827f25114a06c5d85c387aa060ba6b,d79a64ad06b4569c01b79595b62207fb,99b54d1d4e70e31f2c092dcec7e5e3b8,2019-12-29 21:06:50,2019-12-29 21:48:50,2019-12-29 21:07:00,2019-12-29 22:07:00,active,1,"[""="", ""$node_type"", ""lowpower_xeon""]",1-1,lowpower_xeon
5f28b6c279a480ae66199d2304e87f93,d79a64ad06b4569c01b79595b62207fb,99b54d1d4e70e31f2c092dcec7e5e3b8,2020-07-05 18:04:46,2020-07-05 18:39:16,2020-07-05 18:05:00,2020-07-05 19:05:00,active,1,"[""="", ""$node_type"", ""lowpower_xeon""]",1-1,lowpower_xeon
d359d064425ea9e2446ef624187dc274,d79a64ad06b4569c01b79595b62207fb,3a64e23985e1a931a725afd202a72c6a,2017-01-25 15:31:47,2017-02-01 18:18:34,2017-01-25 15:32:00,2017-01-31 22:00:00,completed,8,"[""="", ""$node_type"", ""lowpower_xeon""]",8-8,lowpower_xeon
28f3a09eb7db91b74b09221ec1b427ec,6dc6efb1c19ba86dfdb1892af867610d,caae86ced3da6b45707f612623ed15d3,2019-04-20 02:51:51,2019-04-20 02:53:07,2019-04-20 02:52:00,2019-04-21 02:51:00,active,1,"[""=="",""$node_type"",""lowpower_xeon""]",1-1,lowpower_xeon
a80900f113408ad0d20d9706b4f0764e,d79a64ad06b4569c01b79595b62207fb,99b54d1d4e70e31f2c092dcec7e5e3b8,2019-08-25 21:51:09,2019-08-25 22:14:59,2019-08-25 21:52:00,2019-08-25 22:52:00,active,1,"[""="", ""$node_type"", ""lowpower_xeon""]",1-1,lowpower_xeon
1b67bb004bdbd5b6fdec3ac24c271d24,d79a64ad06b4569c01b79595b62207fb,99b54d1d4e70e31f2c092dcec7e5e3b8,2019-06-09 22:30:48,2019-06-09 22:53:05,2019-06-09 22:31:00,2019-06-09 23:31:00,active,1,"[""="", ""$node_type"", ""lowpower_xeon""]",1-1,lowpower_xeon
802c0e34fd94d097934c013424bf558a,d79a64ad06b4569c01b79595b62207fb,99b54d1d4e70e31f2c092dcec7e5e3b8,2020-10-11 17:48:15,2020-10-11 18:18:37,2020-10-11 17:49:00,2020-10-11 18:49:00,active,1,"[""="", ""$node_type"", ""lowpower_xeon""]",1-1,lowpower_xeon
4058e3e83c7343636901a2f4162d377e,d79a64ad06b4569c01b79595b62207fb,99b54d1d4e70e31f2c092dcec7e5e3b8,2019-04-14 22:31:09,2019-04-14 22:54:33,2019-04-14 22:32:00,2019-04-14 23:32:00,active,1,"[""="", ""$node_type"", ""lowpower_xeon""]",1-1,lowpower_xeon
832faeca1d67cebcba9689fb02c4f741,d79a64ad06b4569c01b79595b62207fb,99b54d1d4e70e31f2c092dcec7e5e3b8,2020-10-18 17:41:20,2020-10-18 18:12:26,2020-10-18 17:42:00,2020-10-18 18:42:00,active,1,"[""="", ""$node_type"", ""lowpower_xeon""]",1-1,lowpower_xeon
8163dfdf196fc90005d9e477d6516018,d79a64ad06b4569c01b79595b62207fb,99b54d1d4e70e31f2c092dcec7e5e3b8,2020-06-21 19:24:24,2020-06-21 19:51:23,2020-06-21 19:25:00,2020-06-21 20:25:00,active,1,"[""="", ""$node_type"", ""lowpower_xeon""]",1-1,lowpower_xeon
cc406285e92addfeacad5533c7083c89,d79a64ad06b4569c01b79595b62207fb,99b54d1d4e70e31f2c092dcec7e5e3b8,2019-10-13 18:50:16,2019-10-13 19:17:14,2019-10-13 18:51:00,2019-10-13 19:51:00,active,1,"[""="", ""$node_type"", ""lowpower_xeon""]",1-1,lowpower_xeon
8fcbb8fa63049309ede287dcb1fbd862,d79a64ad06b4569c01b79595b62207fb,99b54d1d4e70e31f2c092dcec7e5e3b8,2020-08-16 17:40:40,2020-08-16 18:10:25,2020-08-16 17:41:00,2020-08-16 18:41:00,active,1,"[""="", ""$node_type"", ""lowpower_xeon""]",1-1,lowpower_xeon
b1df851efb6bc3cd3a70dd5ede05ac83,d79a64ad06b4569c01b79595b62207fb,99b54d1d4e70e31f2c092dcec7e5e3b8,2019-01-27 23:30:52,2019-01-27 23:54:20,2019-01-27 23:32:00,2019-01-28 00:32:00,active,1,"[""="", ""$node_type"", ""lowpower_xeon""]",1-1,lowpower_xeon
8ddca7c352005288d59d121654ff12cb,d79a64ad06b4569c01b79595b62207fb,99b54d1d4e70e31f2c092dcec7e5e3b8,2020-10-11 17:47:58,2020-10-11 18:14:10,2020-10-11 17:48:00,2020-10-11 18:48:00,active,1,"[""="", ""$node_type"", ""lowpower_xeon""]",1-1,lowpower_xeon
c4eb65dd2626c20c3587ce01d5434994,d79a64ad06b4569c01b79595b62207fb,99b54d1d4e70e31f2c092dcec7e5e3b8,2020-08-16 17:41:02,2020-08-16 18:21:11,2020-08-16 17:42:00,2020-08-16 18:42:00,active,1,"[""="", ""$node_type"", ""lowpower_xeon""]",1-1,lowpower_xeon
9b9cf703d43db1bb6f5645e757e29857,d79a64ad06b4569c01b79595b62207fb,99b54d1d4e70e31f2c092dcec7e5e3b8,2019-12-22 22:07:31,2019-12-22 22:34:54,2019-12-22 22:08:00,2019-12-22 23:08:00,active,1,"[""="", ""$node_type"", ""lowpower_xeon""]",1-1,lowpower_xeon
991225505f730c451abe7acc6046622b,d79a64ad06b4569c01b79595b62207fb,99b54d1d4e70e31f2c092dcec7e5e3b8,2019-12-08 23:25:45,2019-12-08 23:52:19,2019-12-08 23:26:00,2019-12-09 00:26:00,active,1,"[""="", ""$node_type"", ""lowpower_xeon""]",1-1,lowpower_xeon
4fb8e3eb9dfdf89f77bed8e10713ad86,d79a64ad06b4569c01b79595b62207fb,99b54d1d4e70e31f2c092dcec7e5e3b8,2020-10-11 17:48:36,2020-10-11 18:26:38,2020-10-11 17:49:00,2020-10-11 18:49:00,active,1,"[""="", ""$node_type"", ""lowpower_xeon""]",1-1,lowpower_xeon
6251a965301edb25e3066374c5d548c5,f05e71f3b0db8eaf4f912d1edf0b0670,8c9b33b5bbc3d3674e5ce3d29640dd9a,2020-09-21 19:59:46,2020-09-21 20:58:18,2020-09-21 20:00:00,2020-09-21 21:00:00,active,2,"[""=="",""$node_type"",""lowpower_xeon""]",2-2,lowpower_xeon
b8181ed54ba16b20aa5766e7a9964ae2,d79a64ad06b4569c01b79595b62207fb,99b54d1d4e70e31f2c092dcec7e5e3b8,2020-06-28 18:11:19,2020-06-28 18:55:19,2020-06-28 18:12:00,2020-06-28 19:12:00,active,1,"[""="", ""$node_type"", ""lowpower_xeon""]",1-1,lowpower_xeon
54e9d5466961fcb6e8a963e0ba0e5d59,d79a64ad06b4569c01b79595b62207fb,99b54d1d4e70e31f2c092dcec7e5e3b8,2020-09-27 17:47:49,2020-09-27 18:14:38,2020-09-27 17:48:00,2020-09-27 18:48:00,active,1,"[""="", ""$node_type"", ""lowpower_xeon""]",1-1,lowpower_xeon
2aa3ae526e39f305a8d828ee15873afc,d79a64ad06b4569c01b79595b62207fb,99b54d1d4e70e31f2c092dcec7e5e3b8,2020-07-05 18:04:24,2020-07-05 18:37:10,2020-07-05 18:05:00,2020-07-05 19:05:00,active,1,"[""="", ""$node_type"", ""lowpower_xeon""]",1-1,lowpower_xeon
0d39055418afb1ae971d4317787a1103,d79a64ad06b4569c01b79595b62207fb,99b54d1d4e70e31f2c092dcec7e5e3b8,2020-05-24 17:44:48,2020-05-24 18:11:54,2020-05-24 17:45:00,2020-05-24 18:45:00,active,1,"[""="", ""$node_type"", ""lowpower_xeon""]",1-1,lowpower_xeon
951cd5ec08dcf966bb2a9b22d7d43315,d79a64ad06b4569c01b79595b62207fb,99b54d1d4e70e31f2c092dcec7e5e3b8,2019-08-05 20:57:59,2019-08-05 21:22:26,2019-08-05 20:59:00,2019-08-05 21:59:00,active,1,"[""="", ""$node_type"", ""lowpower_xeon""]",1-1,lowpower_xeon
b2bab19893812e49997b4259c8ba11cc,b2eaf4c6c3022e6d0ef350e23a02ba90,e2cdbdb281156a31334b8e6323b6b73e,2017-07-12 22:14:14,2017-07-21 16:53:43,2017-07-12 22:15:00,2017-07-20 22:14:00,completed,1,"[""="", ""$node_type"", ""lowpower_xeon""]",1-1,lowpower_xeon
7e548be4a380bae9f9a4065965667573,3a162887dc17840eb9555f00b4779abd,8516f11421125f7de02291ef2ff166b8,2019-01-16 05:08:42,2019-01-16 05:11:32,2019-01-16 05:09:00,2019-01-17 05:08:00,active,1,"[""=="",""$node_type"",""lowpower_xeon""]",1-1,lowpower_xeon
101beac73cf35e3713c78b297f9e86b4,d79a64ad06b4569c01b79595b62207fb,99b54d1d4e70e31f2c092dcec7e5e3b8,2020-10-18 17:41:43,2020-10-18 18:20:26,2020-10-18 17:42:00,2020-10-18 18:42:00,active,1,"[""="", ""$node_type"", ""lowpower_xeon""]",1-1,lowpower_xeon
48c97f560887691ebcec3e42f5dd2112,d79a64ad06b4569c01b79595b62207fb,99b54d1d4e70e31f2c092dcec7e5e3b8,2019-06-23 22:30:53,2019-06-23 22:56:07,2019-06-23 22:32:00,2019-06-23 23:32:00,active,1,"[""="", ""$node_type"", ""lowpower_xeon""]",1-1,lowpower_xeon
e2415bb2d53bffbed52b44e8b43129ff,d79a64ad06b4569c01b79595b62207fb,99b54d1d4e70e31f2c092dcec7e5e3b8,2020-10-04 17:41:46,2020-10-04 18:12:00,2020-10-04 17:42:00,2020-10-04 18:42:00,active,1,"[""="", ""$node_type"", ""lowpower_xeon""]",1-1,lowpower_xeon
83a24c0f44500ddace78a81152f1d915,d79a64ad06b4569c01b79595b62207fb,1063ea6d0366e258308b86ed3840f8cc,2016-12-15 21:30:19,2016-12-15 21:30:57,2016-12-15 21:31:00,2016-12-15 22:00:00,completed,1,"[""="", ""$node_type"", ""lowpower_xeon""]",1-1,lowpower_xeon
14d27caad2d1c49b268001aa92a97ff5,a6207fc4e11d91820c6b19070a2c631a,21154641297d639c3ecec996291494ad,2020-01-17 02:59:09,2020-01-17 12:05:47,2020-01-17 03:00:00,2020-01-21 02:59:00,active,1,"[""=="",""$node_type"",""lowpower_xeon""]",1-1,lowpower_xeon
f66684e6a6331f98fba257571e995c6b,d79a64ad06b4569c01b79595b62207fb,99b54d1d4e70e31f2c092dcec7e5e3b8,2020-06-21 19:24:14,2020-06-21 19:52:25,2020-06-21 19:25:00,2020-06-21 20:25:00,active,1,"[""="", ""$node_type"", ""lowpower_xeon""]",1-1,lowpower_xeon
2bd6d34f259bdf7d216d900a8857bd1a,273c67bff1d74021f9e1852a9a3c8fc0,f846bdc98852d8f822535d98bc31ccee,2016-12-15 20:14:08,2016-12-15 20:23:27,2016-12-15 20:15:00,2016-12-16 00:00:00,completed,8,"[""="", ""$node_type"", ""lowpower_xeon""]",8-8,lowpower_xeon
92bc53ec81507ae03120bf67d0725acb,d79a64ad06b4569c01b79595b62207fb,99b54d1d4e70e31f2c092dcec7e5e3b8,2019-11-24 19:53:37,2019-11-24 20:18:54,2019-11-24 19:54:00,2019-11-24 20:54:00,active,1,"[""="", ""$node_type"", ""lowpower_xeon""]",1-1,lowpower_xeon
0722b91f2a51d62b085f86d2f63a13e5,d79a64ad06b4569c01b79595b62207fb,99b54d1d4e70e31f2c092dcec7e5e3b8,2019-03-10 22:30:48,2019-03-10 22:55:38,2019-03-10 22:31:00,2019-03-10 23:31:00,active,1,"[""="", ""$node_type"", ""lowpower_xeon""]",1-1,lowpower_xeon
26d8ee9d672b51d50e4835847b8d052d,d79a64ad06b4569c01b79595b62207fb,1063ea6d0366e258308b86ed3840f8cc,2017-02-07 19:12:14,2017-02-08 23:04:21,2017-02-07 19:13:00,2017-02-08 23:00:00,completed,1,"[""="", ""$node_type"", ""lowpower_xeon""]",1-1,lowpower_xeon
a94b6e1fd54f1da453e229e12852cfa6,b2eaf4c6c3022e6d0ef350e23a02ba90,e2cdbdb281156a31334b8e6323b6b73e,2017-07-22 16:01:52,2017-10-17 19:45:37,2017-07-22 16:02:00,2017-07-24 04:59:00,completed,1,"[""="", ""$node_type"", ""lowpower_xeon""]",1-1,lowpower_xeon
e5dc4639a463eb039223c5e4b57cb91b,d79a64ad06b4569c01b79595b62207fb,99b54d1d4e70e31f2c092dcec7e5e3b8,2020-06-14 17:55:10,2020-06-14 18:23:42,2020-06-14 17:56:00,2020-06-14 18:56:00,active,1,"[""="", ""$node_type"", ""lowpower_xeon""]",1-1,lowpower_xeon
c99e45d8df5404e9897999c835997ba5,d79a64ad06b4569c01b79595b62207fb,99b54d1d4e70e31f2c092dcec7e5e3b8,2019-12-22 22:07:42,2019-12-22 22:42:07,2019-12-22 22:08:00,2019-12-22 23:08:00,active,1,"[""="", ""$node_type"", ""lowpower_xeon""]",1-1,lowpower_xeon
e3b90e22a2861e2d7ddb7e29e7f34dcf,d79a64ad06b4569c01b79595b62207fb,99b54d1d4e70e31f2c092dcec7e5e3b8,2020-01-05 21:56:33,2020-01-05 22:38:47,2020-01-05 21:57:00,2020-01-05 22:57:00,active,1,"[""="", ""$node_type"", ""lowpower_xeon""]",1-1,lowpower_xeon
5ff1bf0aff8288fc5d0ae27a2645bb1d,d79a64ad06b4569c01b79595b62207fb,99b54d1d4e70e31f2c092dcec7e5e3b8,2019-03-17 22:30:35,2019-03-17 22:53:13,2019-03-17 22:31:00,2019-03-17 23:31:00,active,1,"[""="", ""$node_type"", ""lowpower_xeon""]",1-1,lowpower_xeon
f16637fa1c5eae6b40dbfc5d50991cbe,d79a64ad06b4569c01b79595b62207fb,99b54d1d4e70e31f2c092dcec7e5e3b8,2019-11-03 19:00:46,2019-11-03 19:24:20,2019-11-03 19:01:00,2019-11-03 20:01:00,active,1,"[""="", ""$node_type"", ""lowpower_xeon""]",1-1,lowpower_xeon
0caac9a2b81a5968a281bd2f4ef2e6ac,d79a64ad06b4569c01b79595b62207fb,99b54d1d4e70e31f2c092dcec7e5e3b8,2020-10-18 17:41:04,2020-10-18 18:12:03,2020-10-18 17:42:00,2020-10-18 18:42:00,active,1,"[""="", ""$node_type"", ""lowpower_xeon""]",1-1,lowpower_xeon
2749260d059359c721c33ae915a2e3d0,d79a64ad06b4569c01b79595b62207fb,99b54d1d4e70e31f2c092dcec7e5e3b8,2020-07-19 17:35:43,2020-07-19 18:04:35,2020-07-19 17:36:00,2020-07-19 18:36:00,active,1,"[""="", ""$node_type"", ""lowpower_xeon""]",1-1,lowpower_xeon
d3beb4f8392a6d03fd6c23d7e9cc71e9,38e02345e59a8dc8aff5ebcc08d935cc,21154641297d639c3ecec996291494ad,2019-09-20 18:08:56,2019-09-21 04:05:40,2019-09-20 18:09:00,2019-09-25 18:08:00,active,1,"[""=="",""$node_type"",""lowpower_xeon""]",1-1,lowpower_xeon
a94c0ed10758300b57f25360b5a895be,d79a64ad06b4569c01b79595b62207fb,99b54d1d4e70e31f2c092dcec7e5e3b8,2020-09-06 17:42:29,2020-09-06 18:19:19,2020-09-06 17:43:00,2020-09-06 18:43:00,active,1,"[""="", ""$node_type"", ""lowpower_xeon""]",1-1,lowpower_xeon
7da7b1c9366f933a054801b2f6e033ef,3a162887dc17840eb9555f00b4779abd,8516f11421125f7de02291ef2ff166b8,2019-09-02 05:20:33,2019-09-03 20:21:51,2019-09-02 05:20:00,2019-09-08 05:19:00,active,1,"[""=="",""$node_type"",""lowpower_xeon""]",1-1,lowpower_xeon
80bedbbd1ef5583df27d94bdfc18287b,d79a64ad06b4569c01b79595b62207fb,99b54d1d4e70e31f2c092dcec7e5e3b8,2019-10-27 18:24:45,2019-10-27 18:47:17,2019-10-27 18:25:00,2019-10-27 19:25:00,active,1,"[""="", ""$node_type"", ""lowpower_xeon""]",1-1,lowpower_xeon
aa2977b8684388e5427573223ccf29b0,d79a64ad06b4569c01b79595b62207fb,99b54d1d4e70e31f2c092dcec7e5e3b8,2019-01-27 23:30:46,2019-01-27 23:54:25,2019-01-27 23:31:00,2019-01-28 00:31:00,active,1,"[""="", ""$node_type"", ""lowpower_xeon""]",1-1,lowpower_xeon
86efdcca2f1519990952bbf704b8dcd9,a6207fc4e11d91820c6b19070a2c631a,21154641297d639c3ecec996291494ad,2020-04-04 02:24:22,2020-04-06 18:17:30,2020-04-04 02:25:00,2020-04-08 02:24:00,active,1,"[""=="",""$node_type"",""lowpower_xeon""]",1-1,lowpower_xeon
f39cf638b8ce5a0ff07fc6b674f238e8,b2eaf4c6c3022e6d0ef350e23a02ba90,e2cdbdb281156a31334b8e6323b6b73e,2017-06-24 22:06:35,2017-06-27 15:53:27,2017-06-24 22:07:00,2017-06-27 22:06:00,completed,1,"[""="", ""$node_type"", ""lowpower_xeon""]",1-1,lowpower_xeon
0433aed4fcbcdfc303672cd970598eb1,3a162887dc17840eb9555f00b4779abd,f09015ab20627c8ec2ba4d16d9f6f109,2018-07-12 14:03:31,2018-07-12 16:00:53,2018-07-12 14:04:00,2018-07-13 14:03:00,active,1,"[""=="",""$node_type"",""lowpower_xeon""]",1-1,lowpower_xeon
f76b2d6df3ec7b845f5568cfe72d14dc,d79a64ad06b4569c01b79595b62207fb,99b54d1d4e70e31f2c092dcec7e5e3b8,2020-09-27 17:48:04,2020-09-27 18:16:12,2020-09-27 17:49:00,2020-09-27 18:49:00,active,1,"[""="", ""$node_type"", ""lowpower_xeon""]",1-1,lowpower_xeon
69dfe3055e3a0c65a53c8863180466e6,a6207fc4e11d91820c6b19070a2c631a,21154641297d639c3ecec996291494ad,2020-01-21 03:11:31,2020-01-21 13:05:45,2020-01-21 03:12:00,2020-01-25 03:11:00,active,1,"[""=="",""$node_type"",""lowpower_xeon""]",1-1,lowpower_xeon
336b8bb26a0744b9fd0a7c564d30facd,d79a64ad06b4569c01b79595b62207fb,99b54d1d4e70e31f2c092dcec7e5e3b8,2019-04-07 22:30:24,2019-04-07 22:54:20,2019-04-07 22:31:00,2019-04-07 23:31:00,active,1,"[""="", ""$node_type"", ""lowpower_xeon""]",1-1,lowpower_xeon
dcfbe62ce29d5b0688252229f08d6ca5,e4bb700c730dafb66941e7c94c7ffc42,39ab99e95364fc5fe8bf1159ef6f40cc,2019-11-11 05:11:03,2019-11-11 17:50:22,2019-11-11 05:11:00,2019-11-13 05:10:00,active,2,"[""=="",""$node_type"",""lowpower_xeon""]",1-2,lowpower_xeon
34bbf5975e8710f366e900bf9f4dde25,b2eaf4c6c3022e6d0ef350e23a02ba90,e2cdbdb281156a31334b8e6323b6b73e,2017-07-03 18:44:48,2017-07-12 22:13:53,2017-07-03 18:45:00,2017-07-12 18:44:00,completed,1,"[""="", ""$node_type"", ""lowpower_xeon""]",1-1,lowpower_xeon
b88a2f4661875c4f41e916d340f309ec,d79a64ad06b4569c01b79595b62207fb,99b54d1d4e70e31f2c092dcec7e5e3b8,2019-11-10 19:25:04,2019-11-10 19:52:36,2019-11-10 19:26:00,2019-11-10 20:26:00,active,1,"[""="", ""$node_type"", ""lowpower_xeon""]",1-1,lowpower_xeon
a68733c6929609c3558eac383c2fffa6,d79a64ad06b4569c01b79595b62207fb,99b54d1d4e70e31f2c092dcec7e5e3b8,2019-04-14 22:30:32,2019-04-14 22:54:48,2019-04-14 22:31:00,2019-04-14 23:31:00,active,1,"[""="", ""$node_type"", ""lowpower_xeon""]",1-1,lowpower_xeon
f72e7e780238b45e01001bf619462860,e4bb700c730dafb66941e7c94c7ffc42,657f637b9ecf4d23285f008127e06b10,2020-01-06 18:21:15,2020-01-06 18:44:05,2020-01-06 18:22:00,2020-01-12 18:21:00,active,1,"[""=="",""$node_type"",""lowpower_xeon""]",1-1,lowpower_xeon
41a1b4429bcd55ef7595965566f9d148,068739bb3d7b05fe6dd580b1cc01084d,72aed17a1467c1ae77c96fe006bb3b82,2018-07-08 02:57:29,2018-07-08 17:36:47,2018-07-08 02:58:00,2018-07-09 02:57:00,active,1,"[""=="",""$node_type"",""lowpower_xeon""]",1-1,lowpower_xeon
f3e97cdb19bc95629d9478767976b07e,d79a64ad06b4569c01b79595b62207fb,99b54d1d4e70e31f2c092dcec7e5e3b8,2020-03-08 18:04:26,2020-03-08 18:32:06,2020-03-08 18:05:00,2020-03-08 19:05:00,active,1,"[""="", ""$node_type"", ""lowpower_xeon""]",1-1,lowpower_xeon
38bada259b45fdd464938893defd868d,d79a64ad06b4569c01b79595b62207fb,99b54d1d4e70e31f2c092dcec7e5e3b8,2020-07-12 17:35:23,2020-07-12 18:03:55,2020-07-12 17:36:00,2020-07-12 18:36:00,active,1,"[""="", ""$node_type"", ""lowpower_xeon""]",1-1,lowpower_xeon
40b1e5044ebec59dd8216c821c199208,d79a64ad06b4569c01b79595b62207fb,99b54d1d4e70e31f2c092dcec7e5e3b8,2019-02-03 23:30:53,2019-02-03 23:55:30,2019-02-03 23:32:00,2019-02-04 00:32:00,active,1,"[""="", ""$node_type"", ""lowpower_xeon""]",1-1,lowpower_xeon
fd14c066209d6218e5350752f81eb428,d79a64ad06b4569c01b79595b62207fb,99b54d1d4e70e31f2c092dcec7e5e3b8,2019-08-18 20:15:39,2019-08-18 20:40:52,2019-08-18 20:16:00,2019-08-18 21:16:00,active,1,"[""="", ""$node_type"", ""lowpower_xeon""]",1-1,lowpower_xeon
56455793bf941cd79597934bfab6ec15,b2eaf4c6c3022e6d0ef350e23a02ba90,e2cdbdb281156a31334b8e6323b6b73e,2017-06-27 15:54:03,2017-07-03 18:43:14,2017-06-27 15:55:00,2017-06-30 15:54:00,completed,1,"[""="", ""$node_type"", ""lowpower_xeon""]",1-1,lowpower_xeon
c330bf8c2fa0ac56b3a9f0e62f95c8c2,d79a64ad06b4569c01b79595b62207fb,99b54d1d4e70e31f2c092dcec7e5e3b8,2019-06-23 22:31:04,2019-06-23 22:55:21,2019-06-23 22:32:00,2019-06-23 23:32:00,active,1,"[""="", ""$node_type"", ""lowpower_xeon""]",1-1,lowpower_xeon
