lease_id,project_id,user_id,created_at,deleted_at,start_on,end_on,status,node_cnt,reserve_conditions,reserve_count_range,node_type
9bee7a896c7b649ee1e59bfa78f66856,efab109bed42bc6bec05a8544e183f1c,54ef7115d4eacdbf05021aedb71ba671,2020-10-08 00:12:12,2020-10-08 02:21:01,2020-10-08 00:12:00,2020-10-15 00:12:00,active,1,"[""="", ""$node_type"", ""storage_hierarchy""]",1-1,storage_hierarchy
2a259b0e1a928384717da60440e2e3cc,d79a64ad06b4569c01b79595b62207fb,99b54d1d4e70e31f2c092dcec7e5e3b8,2020-05-10 17:00:38,2020-05-10 17:29:28,2020-05-10 17:01:00,2020-05-10 18:01:00,active,1,"[""="", ""$node_type"", ""storage_hierarchy""]",1-1,storage_hierarchy
8205bf6cfce8102182c56abd41cd70c7,efab109bed42bc6bec05a8544e183f1c,54ef7115d4eacdbf05021aedb71ba671,2020-08-27 23:01:10,2020-08-28 14:56:20,2020-08-27 23:01:00,2020-09-02 23:00:00,active,1,"[""=="",""$node_type"",""storage_hierarchy""]",1-1,storage_hierarchy
7108ddffc2658ecec3c022ebb651b7f3,d79a64ad06b4569c01b79595b62207fb,99b54d1d4e70e31f2c092dcec7e5e3b8,2019-04-21 19:30:26,2019-04-21 19:55:01,2019-04-21 19:31:00,2019-04-21 20:31:00,active,1,"[""="", ""$node_type"", ""storage_hierarchy""]",1-1,storage_hierarchy
53251949b2072c67217cd9d10c9e2f17,13143602eee8959d3c5698b64ce1916f,fb3b7a8e8e8194fd8a0ff4574e096af3,2019-07-17 14:45:56,2019-07-17 16:06:15,2019-07-17 14:46:00,2019-07-24 14:45:00,active,1,"[""=="",""$node_type"",""storage_hierarchy""]",1-1,storage_hierarchy
1aa3b77a896371c50e7b6f83c1a6980e,d79a64ad06b4569c01b79595b62207fb,99b54d1d4e70e31f2c092dcec7e5e3b8,2019-06-23 19:30:46,2019-06-23 19:54:18,2019-06-23 19:31:00,2019-06-23 20:31:00,active,1,"[""="", ""$node_type"", ""storage_hierarchy""]",1-1,storage_hierarchy
a14391612d01ac95ce0df7d26d1bf10e,d79a64ad06b4569c01b79595b62207fb,99b54d1d4e70e31f2c092dcec7e5e3b8,2019-12-22 18:54:06,2019-12-22 19:23:14,2019-12-22 18:55:00,2019-12-22 19:55:00,active,1,"[""="", ""$node_type"", ""storage_hierarchy""]",1-1,storage_hierarchy
6d8825a069d9aefcb4ce9884ebb15bbb,13143602eee8959d3c5698b64ce1916f,fb3b7a8e8e8194fd8a0ff4574e096af3,2019-11-30 02:36:28,2019-12-01 03:47:55,2019-11-30 02:37:00,2019-12-07 02:36:00,active,1,"[""=="",""$node_type"",""storage_hierarchy""]",1-1,storage_hierarchy
a49c8dc8b57b35c1d5a57892f2e68273,d79a64ad06b4569c01b79595b62207fb,99b54d1d4e70e31f2c092dcec7e5e3b8,2019-10-20 19:44:57,2019-10-20 20:08:33,2019-10-20 19:46:00,2019-10-20 20:46:00,active,1,"[""="", ""$node_type"", ""storage_hierarchy""]",1-1,storage_hierarchy
68fe811411ff58033f06b58eea434194,d79a64ad06b4569c01b79595b62207fb,99b54d1d4e70e31f2c092dcec7e5e3b8,2019-09-08 19:12:30,2019-09-08 19:51:40,2019-09-08 19:13:00,2019-09-08 20:13:00,active,1,"[""="", ""$node_type"", ""storage_hierarchy""]",1-1,storage_hierarchy
af8d51dee10a48b6a927adc75e1ef5d7,48d58364ccd12c6fd47eaecbfd06f2e5,3dd6ebf3f3879c83d8994e51788dbdb4,2021-01-26 11:49:40,2021-01-26 11:58:33,2021-01-26 11:50:00,2021-01-27 11:49:00,active,1,"[""=="",""$node_type"",""storage_hierarchy""]",1-1,storage_hierarchy
2bf65196dbdb3cd78b4b761e45d32774,d79a64ad06b4569c01b79595b62207fb,99b54d1d4e70e31f2c092dcec7e5e3b8,2019-08-26 01:01:34,2019-08-26 01:25:35,2019-08-26 01:02:00,2019-08-26 02:02:00,active,1,"[""="", ""$node_type"", ""storage_hierarchy""]",1-1,storage_hierarchy
fff7f67fd4dd3464d424f91ef16c7f13,13143602eee8959d3c5698b64ce1916f,fb3b7a8e8e8194fd8a0ff4574e096af3,2019-09-20 17:43:03,2019-09-21 03:05:37,2019-09-20 17:44:00,2019-09-27 17:43:00,active,1,"[""=="",""$node_type"",""storage_hierarchy""]",1-1,storage_hierarchy
9fab7c3d936f157916b78e9cb0b8b7e8,d79a64ad06b4569c01b79595b62207fb,99b54d1d4e70e31f2c092dcec7e5e3b8,2020-10-04 21:45:05,2020-10-04 22:16:45,2020-10-04 21:46:00,2020-10-04 22:46:00,active,1,"[""="", ""$node_type"", ""storage_hierarchy""]",1-1,storage_hierarchy
dfd4acf03b8d5720c208370c531c7ac7,d79a64ad06b4569c01b79595b62207fb,99b54d1d4e70e31f2c092dcec7e5e3b8,2019-11-10 21:51:47,2019-11-10 22:19:51,2019-11-10 21:52:00,2019-11-10 22:52:00,active,1,"[""="", ""$node_type"", ""storage_hierarchy""]",1-1,storage_hierarchy
40949c94340e4da2f29694e1b90d6f6b,d06b684638cf83bdf6ae199d009ef21b,fc75c96b35565b817b6f77104b51f548,2017-08-18 20:11:14,2017-08-30 14:49:49,2017-08-18 20:12:00,2017-08-29 20:11:00,completed,1,"[""="", ""$node_type"", ""storage_hierarchy""]",1-1,storage_hierarchy
59d4a36289ddc6c2baf982fa96792210,13143602eee8959d3c5698b64ce1916f,fb3b7a8e8e8194fd8a0ff4574e096af3,2019-07-03 16:01:43,2019-07-04 20:26:59,2019-07-03 16:02:00,2019-07-10 16:01:00,active,1,"[""=="",""$node_type"",""storage_hierarchy""]",1-1,storage_hierarchy
26b86598206f8e96c5936907f44d1086,d79a64ad06b4569c01b79595b62207fb,99b54d1d4e70e31f2c092dcec7e5e3b8,2020-05-17 17:00:58,2020-05-17 17:28:42,2020-05-17 17:01:00,2020-05-17 18:01:00,active,1,"[""="", ""$node_type"", ""storage_hierarchy""]",1-1,storage_hierarchy
70f7409c267ab8c2c814e8433154500b,d79a64ad06b4569c01b79595b62207fb,99b54d1d4e70e31f2c092dcec7e5e3b8,2020-09-06 20:39:31,2020-09-06 21:09:18,2020-09-06 20:40:00,2020-09-06 21:40:00,active,1,"[""="", ""$node_type"", ""storage_hierarchy""]",1-1,storage_hierarchy
5444839c131a007a627bf45c2b150d19,48d58364ccd12c6fd47eaecbfd06f2e5,3dd6ebf3f3879c83d8994e51788dbdb4,2021-06-03 20:38:37,2021-06-03 21:46:01,2021-06-03 20:38:00,2021-06-10 20:38:00,active,1,"[""="", ""$node_type"", ""storage_hierarchy""]",1-1,storage_hierarchy
fac7bd55c0d0238ea5ab3fe7a949677c,efab109bed42bc6bec05a8544e183f1c,d1136aa6c3831b6cf7b7c711267e8491,2020-09-03 21:35:56,2020-09-03 22:18:59,2020-09-03 21:35:00,2020-09-10 21:35:00,active,1,"[""="", ""$node_type"", ""storage_hierarchy""]",1-1,storage_hierarchy
950690028f2fefba05306623299f48a4,b2eaf4c6c3022e6d0ef350e23a02ba90,6b8fc80406b03ebf1e72b7afa8b6f0ef,2017-11-09 15:41:56,2017-11-19 17:04:06,2017-11-09 15:45:00,2017-11-19 05:30:00,completed,1,"[""="", ""$node_type"", ""storage_hierarchy""]",1-1,storage_hierarchy
befedc9c77845b07b83c63515ea7c416,17ac9ce8d417e606723c1f3cde255f5e,fc75c96b35565b817b6f77104b51f548,2017-06-25 21:38:05,2017-06-25 21:39:17,2017-06-25 21:39:00,2017-06-26 21:38:00,completed,1,"[""="", ""$node_type"", ""storage_hierarchy""]",1-1,storage_hierarchy
3be801d95b213cc3b728e23710d71166,273c67bff1d74021f9e1852a9a3c8fc0,f846bdc98852d8f822535d98bc31ccee,2016-10-31 11:52:10,2016-10-31 14:00:32,2016-10-31 12:00:00,2016-11-02 10:00:00,completed,2,"[""="", ""$node_type"", ""storage_hierarchy""]",2-2,storage_hierarchy
d87c6fb8beb944725d1f1299e691bf7f,13143602eee8959d3c5698b64ce1916f,fb3b7a8e8e8194fd8a0ff4574e096af3,2019-09-12 19:09:26,2019-09-16 21:19:56,2019-09-12 19:10:00,2019-09-19 19:09:00,active,1,"[""=="",""$node_type"",""storage_hierarchy""]",1-1,storage_hierarchy
1833aa8758a6e87e694afe805fe1fdb9,13143602eee8959d3c5698b64ce1916f,fb3b7a8e8e8194fd8a0ff4574e096af3,2020-01-16 07:21:48,2020-01-16 21:53:13,2020-01-16 07:22:00,2020-01-17 07:21:00,active,1,"[""=="",""$node_type"",""storage_hierarchy""]",1-1,storage_hierarchy
5ae92d0bd19db9d23a763d83cae3190f,d79a64ad06b4569c01b79595b62207fb,99b54d1d4e70e31f2c092dcec7e5e3b8,2020-09-06 20:39:47,2020-09-06 21:11:33,2020-09-06 20:40:00,2020-09-06 21:40:00,active,1,"[""="", ""$node_type"", ""storage_hierarchy""]",1-1,storage_hierarchy
5edc0b25b2f47172acfdf20e6fe0ae6e,48d58364ccd12c6fd47eaecbfd06f2e5,76be0109776e31fccff504c79aa5c7ba,2021-06-04 12:14:14,2021-06-04 12:38:18,2021-06-04 12:14:00,2021-06-11 12:14:00,active,1,"[""="", ""$node_type"", ""storage_hierarchy""]",1-1,storage_hierarchy
badeb37d23f989368cccb338166f06ed,e8fa6bb790b3e051c5882146756ff1a6,558e1936d8ad749bb992c43ed2ba04d3,2018-08-30 12:54:49,2018-08-30 16:28:25,2018-08-30 12:55:00,2018-08-31 12:54:00,active,1,"[""=="",""$node_type"",""storage_hierarchy""]",1-1,storage_hierarchy
511383b6ace10417a35f70b5b5f979bc,13143602eee8959d3c5698b64ce1916f,fb3b7a8e8e8194fd8a0ff4574e096af3,2019-12-01 03:53:07,2019-12-01 05:44:30,2019-12-01 03:54:00,2019-12-08 03:53:00,active,1,"[""=="",""$node_type"",""storage_hierarchy""]",1-1,storage_hierarchy
ff242f78dd7fb2820b282d9c11874735,efab109bed42bc6bec05a8544e183f1c,bcc5bcbe14976843ff3c252f9a7f3089,2020-10-14 18:37:11,2020-10-15 04:05:58,2020-10-14 18:37:00,2020-10-21 18:37:00,active,1,"[""="", ""$node_type"", ""storage_hierarchy""]",1-1,storage_hierarchy
8dcd348c7a19b5c1699a2638f1066d27,4c937fd6e6bcb09b08a18900ae4eefb9,e0d257b51f03a71f3c76c75591eb7fd0,2017-02-07 08:49:51,2017-02-07 09:01:28,2017-02-07 08:54:00,2017-02-07 08:57:00,completed,2,"[""="", ""$node_type"", ""storage_hierarchy""]",1-3,storage_hierarchy
7d5df62f64b5f1f7c3a4749523a3027f,c78cc0b9b1f03134791713d17916cc45,d192b51da367ff319877ce36d2286e5b,2020-03-22 17:09:12,2020-03-24 18:19:50,2020-03-22 17:10:00,2020-03-26 17:09:00,active,1,"[""=="",""$node_type"",""storage_hierarchy""]",1-1,storage_hierarchy
11192c37d808c17b8c42c7dfb7d135eb,1dab1cffd4c079140167b7d592814181,e8422d8470ad849641afff751303f098,2019-11-28 22:36:34,2019-12-03 23:40:07,2019-11-28 22:37:00,2019-12-05 22:36:00,active,1,"[""=="",""$node_type"",""storage_hierarchy""]",1-1,storage_hierarchy
d58bcb24f2046c96ce055f224c1a556a,3cfb13287815d51c5a747b232f312f65,1259290f35f0de6209c542b86f6e6e78,2017-04-26 06:34:23,2017-05-04 16:45:51,2017-04-26 06:40:00,2017-05-03 06:00:00,completed,1,"[""="", ""$node_type"", ""storage_hierarchy""]",1-1,storage_hierarchy
8d94c62bb90a79c9c978b303b52e4e63,d79a64ad06b4569c01b79595b62207fb,99b54d1d4e70e31f2c092dcec7e5e3b8,2019-08-11 19:30:39,2019-08-11 19:54:14,2019-08-11 19:31:00,2019-08-11 20:31:00,active,1,"[""="", ""$node_type"", ""storage_hierarchy""]",1-1,storage_hierarchy
5108bb88125320338bed9f93d8aae07d,fb348a3cac4abf3feb12e141eb967416,c1a68c7d7d73f86b7159c579606b4b18,2019-02-07 19:06:12,2019-02-07 22:15:12,2019-02-07 19:07:00,2019-02-14 19:06:00,active,1,"[""=="",""$node_type"",""storage_hierarchy""]",1-1,storage_hierarchy
5edd924257c3810961587ded8a01841d,44d8e80a6b518db0a57df25300e2d224,5d36764c37b4447db3dc15a8d850c115,2019-01-22 15:52:33,2019-01-22 16:42:17,2019-01-22 15:53:00,2019-01-28 15:52:00,active,1,"[""=="",""$node_type"",""storage_hierarchy""]",1-1,storage_hierarchy
455186ca726ff8cdceb1653820b85105,b2eaf4c6c3022e6d0ef350e23a02ba90,70c761730b846e22433cf231fe2c7d81,2016-12-02 01:12:55,2016-12-09 08:11:52,2016-12-02 01:14:00,2016-12-02 09:00:00,completed,2,"[""="", ""$node_type"", ""storage_hierarchy""]",2-2,storage_hierarchy
c76627177cf0ed57272d3629f6482e88,13143602eee8959d3c5698b64ce1916f,fb3b7a8e8e8194fd8a0ff4574e096af3,2019-08-08 18:22:31,2019-08-15 18:05:32,2019-08-08 18:23:00,2019-08-15 18:22:00,active,1,"[""=="",""$node_type"",""storage_hierarchy""]",1-2,storage_hierarchy
353d9997257557ee23f55356d2930049,d06b684638cf83bdf6ae199d009ef21b,fc75c96b35565b817b6f77104b51f548,2017-08-18 19:16:55,2017-08-18 19:46:18,2017-08-18 19:17:00,2017-08-24 19:16:00,completed,1,"[""="", ""$node_type"", ""storage_hierarchy""]",1-1,storage_hierarchy
7544490254eee9bdfce4a69787d76159,d79a64ad06b4569c01b79595b62207fb,99b54d1d4e70e31f2c092dcec7e5e3b8,2020-04-12 17:00:42,2020-04-12 17:31:42,2020-04-12 17:01:00,2020-04-12 18:01:00,active,1,"[""="", ""$node_type"", ""storage_hierarchy""]",1-1,storage_hierarchy
f2213f1af6644d1a2d43fc96c543eb18,48d58364ccd12c6fd47eaecbfd06f2e5,76be0109776e31fccff504c79aa5c7ba,2021-06-04 15:24:31,2021-06-04 15:28:32,2021-06-04 15:24:00,2021-06-11 15:24:00,active,1,"[""="", ""$node_type"", ""storage_hierarchy""]",1-1,storage_hierarchy
a5c9f202e4d5ca87e7c1f9923d4198a6,d06b684638cf83bdf6ae199d009ef21b,fc75c96b35565b817b6f77104b51f548,2017-09-06 18:09:46,2017-09-18 16:28:31,2017-09-06 18:10:00,2017-09-16 18:09:00,completed,1,"[""="", ""$node_type"", ""storage_hierarchy""]",1-1,storage_hierarchy
40cbc579015e52690fa5f8cec1cbf49f,efab109bed42bc6bec05a8544e183f1c,54ef7115d4eacdbf05021aedb71ba671,2020-09-03 16:47:16,2020-09-03 19:43:35,2020-09-03 16:46:00,2020-09-10 16:46:00,active,1,"[""="", ""$node_type"", ""storage_hierarchy""]",1-1,storage_hierarchy
971b81560eadf2cc699aae451b9755c4,198d7c62140ddf228a8d06ee936a81ad,edd3d4dc774692eee42d4facfd1f5899,2019-09-16 02:22:12,2019-09-16 02:27:35,2019-09-16 02:23:00,2019-09-22 02:22:00,active,1,"[""=="",""$node_type"",""storage_hierarchy""]",1-1,storage_hierarchy
47915631bd481b90e804c67a3b0f85a3,d79a64ad06b4569c01b79595b62207fb,99b54d1d4e70e31f2c092dcec7e5e3b8,2019-01-02 17:45:10,2019-01-02 18:04:11,2019-01-02 17:46:00,2019-01-02 18:46:00,active,1,"[""="", ""$node_type"", ""storage_hierarchy""]",1-1,storage_hierarchy
9e256bae7ecce6c61821cbf74c615e00,e8fa6bb790b3e051c5882146756ff1a6,558e1936d8ad749bb992c43ed2ba04d3,2018-07-30 17:16:33,2018-08-06 06:30:50,2018-07-30 17:17:00,2018-08-06 17:16:00,active,1,"[""=="",""$node_type"",""storage_hierarchy""]",1-1,storage_hierarchy
dd8f8eb20c0ef46a9208ddab95cfc701,efab109bed42bc6bec05a8544e183f1c,54ef7115d4eacdbf05021aedb71ba671,2020-07-12 15:54:03,2020-07-19 04:37:07,2020-07-12 15:54:00,2020-07-23 15:54:00,active,1,"[""="", ""$node_type"", ""storage_hierarchy""]",1-1,storage_hierarchy
d0250c23fe884c95ba15203299cbb8b8,d79a64ad06b4569c01b79595b62207fb,bbbb30df9ef5575a22b98a0775529c5a,2020-01-31 17:15:58,2020-01-31 22:13:29,2020-01-31 17:16:00,2020-02-01 17:15:00,active,1,"[""=="",""$node_type"",""storage_hierarchy""]",1-1,storage_hierarchy
668fa74829b9d5c1eda518f46959d707,48d58364ccd12c6fd47eaecbfd06f2e5,76be0109776e31fccff504c79aa5c7ba,2021-06-04 15:04:26,2021-06-04 15:20:46,2021-06-04 15:04:00,2021-06-11 15:04:00,active,1,"[""="", ""$node_type"", ""storage_hierarchy""]",1-1,storage_hierarchy
771bc60b7f25378ca33cb15c98865f8d,d79a64ad06b4569c01b79595b62207fb,99b54d1d4e70e31f2c092dcec7e5e3b8,2020-03-29 17:00:37,2020-03-29 17:30:34,2020-03-29 17:01:00,2020-03-29 18:01:00,active,1,"[""="", ""$node_type"", ""storage_hierarchy""]",1-1,storage_hierarchy
31f9b653d3adeb5bbc124c5dae487de7,d06b684638cf83bdf6ae199d009ef21b,fc75c96b35565b817b6f77104b51f548,2017-06-27 18:40:28,2017-06-29 21:48:53,2017-06-27 18:41:00,2017-07-04 18:40:00,completed,1,"[""="", ""$node_type"", ""storage_hierarchy""]",1-1,storage_hierarchy
3b1c54f0076038a500eb6f9ab73ad627,44d8e80a6b518db0a57df25300e2d224,6b8fc80406b03ebf1e72b7afa8b6f0ef,2019-02-26 03:18:02,2019-02-26 03:35:06,2019-02-26 03:20:00,2019-02-26 06:00:00,active,1,"[""=="",""$node_type"",""storage_hierarchy""]",1-1,storage_hierarchy
fe31e9df302bfd692eee76a4ebedb3f2,d79a64ad06b4569c01b79595b62207fb,99b54d1d4e70e31f2c092dcec7e5e3b8,2019-09-15 22:06:32,2019-09-15 22:29:59,2019-09-15 22:07:00,2019-09-15 23:07:00,active,1,"[""="", ""$node_type"", ""storage_hierarchy""]",1-1,storage_hierarchy
f35dcd146fd55cdd6096bb45563092d4,d79a64ad06b4569c01b79595b62207fb,99b54d1d4e70e31f2c092dcec7e5e3b8,2019-11-03 20:14:37,2019-11-03 20:37:08,2019-11-03 20:15:00,2019-11-03 21:15:00,active,1,"[""="", ""$node_type"", ""storage_hierarchy""]",1-1,storage_hierarchy
b0422b0a87f0350e55c9280f7d4d8826,13143602eee8959d3c5698b64ce1916f,fb3b7a8e8e8194fd8a0ff4574e096af3,2019-07-04 20:30:09,2019-07-10 14:19:07,2019-07-04 20:31:00,2019-07-11 20:30:00,active,1,"[""=="",""$node_type"",""storage_hierarchy""]",1-1,storage_hierarchy
2395360db0cda2bddf76f2a932b5564e,c78cc0b9b1f03134791713d17916cc45,d192b51da367ff319877ce36d2286e5b,2020-03-07 06:26:21,2020-03-09 19:58:28,2020-03-07 06:27:00,2020-03-10 06:26:00,active,1,"[""=="",""$node_type"",""storage_hierarchy""]",1-1,storage_hierarchy
1b8522f4a91da5078db962db0e742061,666de5295c9fd9e404701c78e5bcfa9e,3a64e23985e1a931a725afd202a72c6a,2018-01-04 20:07:38,2018-01-05 23:01:17,2018-01-04 20:08:00,2018-01-06 00:00:00,active,2,"[""=="",""$node_type"",""storage_hierarchy""]",2-2,storage_hierarchy
3e995de76e2481d04f1d54d0f10864a0,d79a64ad06b4569c01b79595b62207fb,99b54d1d4e70e31f2c092dcec7e5e3b8,2020-06-21 17:00:45,2020-06-21 17:29:27,2020-06-21 17:01:00,2020-06-21 18:01:00,active,1,"[""="", ""$node_type"", ""storage_hierarchy""]",1-1,storage_hierarchy
d0a52106e4b08f3c5f0c207c88178cff,70a78a137d4fb330be9c354e8bc02792,4d8b14e8585e17fb1fc9f0b4f88825d6,2018-05-22 23:18:02,2018-05-23 00:03:17,2018-05-22 23:19:00,2018-05-23 03:18:00,active,1,"[""=="",""$node_type"",""storage_hierarchy""]",1-1,storage_hierarchy
4c161fbc2d982a62a0b0a83a01f50077,d79a64ad06b4569c01b79595b62207fb,99b54d1d4e70e31f2c092dcec7e5e3b8,2019-08-18 22:48:28,2019-08-18 23:13:57,2019-08-18 22:49:00,2019-08-18 23:49:00,active,1,"[""="", ""$node_type"", ""storage_hierarchy""]",1-1,storage_hierarchy
c20b2b2b8cdccef951a0908197cc68d3,efab109bed42bc6bec05a8544e183f1c,d1136aa6c3831b6cf7b7c711267e8491,2020-09-03 19:45:05,2020-09-03 21:19:24,2020-09-03 19:44:00,2020-09-10 19:44:00,active,1,"[""="", ""$node_type"", ""storage_hierarchy""]",1-1,storage_hierarchy
f309d67dd94a824fed7fa9fc34d27436,13143602eee8959d3c5698b64ce1916f,fb3b7a8e8e8194fd8a0ff4574e096af3,2019-07-31 19:43:02,2019-08-07 18:33:40,2019-07-31 19:44:00,2019-08-07 19:43:00,active,1,"[""=="",""$node_type"",""storage_hierarchy""]",1-2,storage_hierarchy
38c0eed8e615eef61b37d2cdaf1db22c,efab109bed42bc6bec05a8544e183f1c,d1136aa6c3831b6cf7b7c711267e8491,2020-08-25 21:38:51,2020-09-03 16:44:07,2020-08-25 21:39:00,2020-09-05 21:38:00,active,1,"[""=="",""$node_type"",""storage_hierarchy""]",1-1,storage_hierarchy
efb6e301f5fe709a9b731ddc1c3068cf,b2eaf4c6c3022e6d0ef350e23a02ba90,5d36764c37b4447db3dc15a8d850c115,2017-10-19 10:53:58,2017-10-26 16:41:18,2017-10-19 10:54:00,2017-10-26 10:53:00,completed,2,"[""="", ""$node_type"", ""storage_hierarchy""]",2-2,storage_hierarchy
24faade6ac0afb0df6ee67f5a8bb587e,48d58364ccd12c6fd47eaecbfd06f2e5,3dd6ebf3f3879c83d8994e51788dbdb4,2021-06-03 16:45:11,2021-06-03 18:44:47,2021-06-03 16:45:00,2021-06-10 16:45:00,active,1,"[""="", ""$node_type"", ""storage_hierarchy""]",1-1,storage_hierarchy
7f281258a0a65eed2de17f125ea7d05f,17ac9ce8d417e606723c1f3cde255f5e,fc75c96b35565b817b6f77104b51f548,2017-06-16 21:03:40,2017-06-20 14:33:53,2017-06-16 21:04:00,2017-06-23 21:03:00,completed,1,"[""="", ""$node_type"", ""storage_hierarchy""]",1-1,storage_hierarchy
5073c8d98e6de8f5de3743d10f18d13c,48d58364ccd12c6fd47eaecbfd06f2e5,76be0109776e31fccff504c79aa5c7ba,2021-06-04 14:47:17,2021-06-04 14:55:17,2021-06-04 14:47:00,2021-06-11 14:47:00,active,1,"[""="", ""$node_type"", ""storage_hierarchy""]",1-1,storage_hierarchy
a5e83846584869bb1e2e2c5e82c851af,d79a64ad06b4569c01b79595b62207fb,99b54d1d4e70e31f2c092dcec7e5e3b8,2020-05-24 17:00:47,2020-05-24 17:29:40,2020-05-24 17:01:00,2020-05-24 18:01:00,active,1,"[""="", ""$node_type"", ""storage_hierarchy""]",1-1,storage_hierarchy
ac59e9e975392bd1d21a6c5752526602,e8fa6bb790b3e051c5882146756ff1a6,558e1936d8ad749bb992c43ed2ba04d3,2018-09-11 16:16:29,2018-09-11 16:38:49,2018-09-11 16:17:00,2018-09-12 16:16:00,active,1,"[""=="",""$node_type"",""storage_hierarchy""]",1-1,storage_hierarchy
a8b1e28f275062a45556cc20d0b3035a,d06b684638cf83bdf6ae199d009ef21b,fc75c96b35565b817b6f77104b51f548,2017-06-26 19:51:44,2017-06-26 21:53:42,2017-06-26 19:52:00,2017-07-02 19:51:00,completed,1,"[""="", ""$node_type"", ""storage_hierarchy""]",1-1,storage_hierarchy
94c9ec75530b2d9edf358527b1c725e8,d79a64ad06b4569c01b79595b62207fb,99b54d1d4e70e31f2c092dcec7e5e3b8,2020-05-03 17:00:41,2020-05-03 17:29:12,2020-05-03 17:01:00,2020-05-03 18:01:00,active,1,"[""="", ""$node_type"", ""storage_hierarchy""]",1-1,storage_hierarchy
f5d343cc9b0404a384fe319de4b7eda0,d79a64ad06b4569c01b79595b62207fb,99b54d1d4e70e31f2c092dcec7e5e3b8,2020-10-11 22:34:24,2020-10-11 23:04:43,2020-10-11 22:35:00,2020-10-11 23:35:00,active,1,"[""="", ""$node_type"", ""storage_hierarchy""]",1-1,storage_hierarchy
b7948c9fca0900e2011f41f9af50521e,44d8e80a6b518db0a57df25300e2d224,6b8fc80406b03ebf1e72b7afa8b6f0ef,2019-05-06 04:12:33,2019-05-07 00:47:22,2019-05-06 04:15:00,2019-05-07 04:30:00,active,1,"[""=="",""$node_type"",""storage_hierarchy""]",1-1,storage_hierarchy
b638dd754ea638090052a40c89862485,4c937fd6e6bcb09b08a18900ae4eefb9,e0d257b51f03a71f3c76c75591eb7fd0,2017-02-07 09:00:36,2017-03-09 20:13:25,2017-02-07 09:03:00,2017-02-14 08:06:00,completed,2,"[""="", ""$node_type"", ""storage_hierarchy""]",1-3,storage_hierarchy
fa3fc3db7e43fb89dd2e714061d83367,c78cc0b9b1f03134791713d17916cc45,6b8fc80406b03ebf1e72b7afa8b6f0ef,2019-02-26 03:11:17,2019-02-26 03:15:59,2019-02-26 03:15:00,2019-02-27 05:00:00,active,1,"[""=="",""$node_type"",""storage_hierarchy""]",1-1,storage_hierarchy
6df377cf7c1141857462d5f7b9e51f12,d79a64ad06b4569c01b79595b62207fb,99b54d1d4e70e31f2c092dcec7e5e3b8,2020-10-04 21:45:23,2020-10-04 22:16:45,2020-10-04 21:46:00,2020-10-04 22:46:00,active,1,"[""="", ""$node_type"", ""storage_hierarchy""]",1-1,storage_hierarchy
acf24e8fdc71731921c306fa1a44f4e0,48d58364ccd12c6fd47eaecbfd06f2e5,3dd6ebf3f3879c83d8994e51788dbdb4,2021-06-04 11:38:35,2021-06-04 12:13:13,2021-06-04 11:38:00,2021-06-11 11:38:00,active,1,"[""="", ""$node_type"", ""storage_hierarchy""]",1-1,storage_hierarchy
f300f6da4c12b36562d69c94d4d1986c,d79a64ad06b4569c01b79595b62207fb,99b54d1d4e70e31f2c092dcec7e5e3b8,2019-06-30 19:30:56,2019-06-30 19:55:41,2019-06-30 19:32:00,2019-06-30 20:32:00,active,1,"[""="", ""$node_type"", ""storage_hierarchy""]",1-1,storage_hierarchy
4aecafc0c687f854f113e6c7450b8af7,d79a64ad06b4569c01b79595b62207fb,99b54d1d4e70e31f2c092dcec7e5e3b8,2020-07-12 17:00:42,2020-07-12 17:29:58,2020-07-12 17:01:00,2020-07-12 18:01:00,active,1,"[""="", ""$node_type"", ""storage_hierarchy""]",1-1,storage_hierarchy
7c52acadbb608f8f6d467fa0fe66dd55,4c937fd6e6bcb09b08a18900ae4eefb9,df902a77f40a206ef42bc7d00abe4e7c,2017-03-15 05:15:03,2017-04-03 19:25:36,2017-03-15 05:16:00,2017-03-22 05:15:00,completed,1,"[""="", ""$node_type"", ""storage_hierarchy""]",1-1,storage_hierarchy
e6867695cfbfef8e346fad232b5773bb,d79a64ad06b4569c01b79595b62207fb,99b54d1d4e70e31f2c092dcec7e5e3b8,2020-05-03 17:00:52,2020-05-03 17:31:48,2020-05-03 17:02:00,2020-05-03 18:02:00,active,1,"[""="", ""$node_type"", ""storage_hierarchy""]",1-1,storage_hierarchy
4267fe85101d23fbf3b2e5ca012691bf,d79a64ad06b4569c01b79595b62207fb,99b54d1d4e70e31f2c092dcec7e5e3b8,2020-09-21 01:31:16,2020-09-21 02:02:38,2020-09-21 01:32:00,2020-09-21 02:32:00,active,1,"[""="", ""$node_type"", ""storage_hierarchy""]",1-1,storage_hierarchy
2364d82c862baf8cc99f9f482471734f,17ac9ce8d417e606723c1f3cde255f5e,fc75c96b35565b817b6f77104b51f548,2017-06-14 17:18:40,2017-06-14 20:45:10,2017-06-14 17:19:00,2017-06-16 17:18:00,completed,1,"[""="", ""$node_type"", ""storage_hierarchy""]",1-1,storage_hierarchy
e73af2d4a38baab0dbb299b60666d705,d79a64ad06b4569c01b79595b62207fb,99b54d1d4e70e31f2c092dcec7e5e3b8,2019-09-22 20:19:12,2019-09-22 20:43:07,2019-09-22 20:20:00,2019-09-22 21:20:00,active,1,"[""="", ""$node_type"", ""storage_hierarchy""]",1-1,storage_hierarchy
c8d744b37a30b633ff89c9daaa2fc7e8,b2eaf4c6c3022e6d0ef350e23a02ba90,5d36764c37b4447db3dc15a8d850c115,2017-09-11 21:42:37,2017-09-18 15:34:02,2017-09-11 21:45:00,2017-09-18 04:59:00,completed,1,"[""="", ""$node_type"", ""storage_hierarchy""]",1-1,storage_hierarchy
f1a3c87a52d961b280f91123c05ea0c9,d5b3e389aa4d38916910ed4ffc58a16d,1281a0a99e10948f42bb977033c80544,2021-06-07 16:01:25,,2021-06-07 16:02:00,2021-06-08 16:01:00,active,1,"[""=="",""$node_type"",""storage_hierarchy""]",1-1,storage_hierarchy
df2705b352036b2ea91e314fea9cbd2f,d79a64ad06b4569c01b79595b62207fb,99b54d1d4e70e31f2c092dcec7e5e3b8,2020-10-11 22:34:08,2020-10-11 23:04:54,2020-10-11 22:35:00,2020-10-11 23:35:00,active,1,"[""="", ""$node_type"", ""storage_hierarchy""]",1-1,storage_hierarchy
b0a97bdb32c29f9a876b25af1390f593,bdb83e41af3b4e90ff341f1e6267d2c6,0f7f3b55647454e63dd710053f9f2feb,2019-01-30 18:29:41,2019-02-01 20:30:56,2019-01-30 18:30:00,2019-02-04 18:29:00,active,1,"[""=="",""$node_type"",""storage_hierarchy""]",1-1,storage_hierarchy
4fb162339165f31cf470b55b9610592d,b2eaf4c6c3022e6d0ef350e23a02ba90,5d36764c37b4447db3dc15a8d850c115,2017-10-30 16:16:03,2017-11-04 02:25:35,2017-10-30 16:17:00,2017-10-31 16:16:00,completed,1,"[""="", ""$node_type"", ""storage_hierarchy""]",1-1,storage_hierarchy
08506379734b3ed974bcbf8dee9f850f,efab109bed42bc6bec05a8544e183f1c,54ef7115d4eacdbf05021aedb71ba671,2020-08-23 01:50:11,2020-08-27 22:55:39,2020-08-23 01:50:00,2020-08-30 01:50:00,active,1,"[""="", ""$node_type"", ""storage_hierarchy""]",1-1,storage_hierarchy
11a6af63754b006bb15f409599b64acb,450fa12fe208a6fe1bddbe29399877f1,c0540dc0e5b87cc80bd7c855edc8f7b2,2019-05-09 18:16:39,2019-05-13 01:47:23,2019-05-09 18:17:00,2019-05-16 18:16:00,active,1,"[""=="",""$node_type"",""storage_hierarchy""]",1-1,storage_hierarchy
53a3fa6efffe7817542dbad0afcff0c2,b2eaf4c6c3022e6d0ef350e23a02ba90,5d36764c37b4447db3dc15a8d850c115,2017-10-12 01:54:13,2017-10-19 10:53:10,2017-10-12 01:55:00,2017-10-19 01:54:00,completed,2,"[""="", ""$node_type"", ""storage_hierarchy""]",2-2,storage_hierarchy
1900f326f030b9650dfc46bbceded862,d06b684638cf83bdf6ae199d009ef21b,fc75c96b35565b817b6f77104b51f548,2017-08-30 14:51:49,2017-09-06 18:09:00,2017-08-30 14:52:00,2017-09-06 14:51:00,completed,1,"[""="", ""$node_type"", ""storage_hierarchy""]",1-1,storage_hierarchy
b0facf283ee2a4c559e0faa5a6ee896a,d79a64ad06b4569c01b79595b62207fb,99b54d1d4e70e31f2c092dcec7e5e3b8,2020-03-15 17:00:50,2020-03-15 17:33:41,2020-03-15 17:01:00,2020-03-15 18:01:00,active,1,"[""="", ""$node_type"", ""storage_hierarchy""]",1-1,storage_hierarchy
97fe5511a431e3fa48941bc497f5b34d,efab109bed42bc6bec05a8544e183f1c,54ef7115d4eacdbf05021aedb71ba671,2020-07-12 23:44:54,2020-07-20 22:41:43,2020-07-12 23:44:00,2020-07-20 23:44:00,active,1,"[""="", ""$node_type"", ""storage_hierarchy""]",1-1,storage_hierarchy
daade72e3c975be10c8f8c7749bb1025,fb348a3cac4abf3feb12e141eb967416,4d8b14e8585e17fb1fc9f0b4f88825d6,2019-06-14 20:51:03,2019-06-14 20:51:59,2019-06-14 20:47:00,2019-06-21 20:46:00,active,1,"[""=="",""$node_type"",""storage_hierarchy""]",1-1,storage_hierarchy
5496ba0a4dca37158cfcb5cfd3c5c0eb,e8fa6bb790b3e051c5882146756ff1a6,558e1936d8ad749bb992c43ed2ba04d3,2018-07-22 19:54:54,2018-07-23 12:31:09,2018-07-22 19:55:00,2018-07-29 19:54:00,active,1,"[""=="",""$node_type"",""storage_hierarchy""]",1-1,storage_hierarchy
062f9085b5b776e54e025625a9c8d741,d79a64ad06b4569c01b79595b62207fb,99b54d1d4e70e31f2c092dcec7e5e3b8,2019-12-29 19:07:37,2019-12-29 19:34:55,2019-12-29 19:08:00,2019-12-29 20:08:00,active,1,"[""="", ""$node_type"", ""storage_hierarchy""]",1-1,storage_hierarchy
29c4bac5f3c56f8fc9da792d99216930,44d8e80a6b518db0a57df25300e2d224,6b8fc80406b03ebf1e72b7afa8b6f0ef,2019-01-09 18:05:53,2019-01-12 01:03:53,2019-01-09 18:07:00,2019-01-15 05:00:00,active,1,"[""=="",""$node_type"",""storage_hierarchy""]",1-1,storage_hierarchy
a361dc4b176ca5a9913ebb32927718b8,d79a64ad06b4569c01b79595b62207fb,99b54d1d4e70e31f2c092dcec7e5e3b8,2020-10-18 23:24:27,2020-10-18 23:54:25,2020-10-18 23:25:00,2020-10-19 00:25:00,active,1,"[""="", ""$node_type"", ""storage_hierarchy""]",1-1,storage_hierarchy
7bb27e6cc4246f243a6dc0780610ed6f,b2eaf4c6c3022e6d0ef350e23a02ba90,5d36764c37b4447db3dc15a8d850c115,2017-09-11 16:11:33,2017-09-11 16:28:45,2017-09-11 16:15:00,2017-09-12 04:50:00,completed,1,"[""="", ""$node_type"", ""storage_hierarchy""]",1-1,storage_hierarchy
9ad1e7ae8eca20c78d33cc331583db22,d79a64ad06b4569c01b79595b62207fb,bbbb30df9ef5575a22b98a0775529c5a,2020-01-31 16:46:36,2020-01-31 17:14:29,2020-01-31 16:47:00,2020-02-01 16:46:00,active,1,"[""=="",""$node_type"",""storage_hierarchy""]",1-1,storage_hierarchy
b8771cc0364810a6e60dca87fb3d6170,13143602eee8959d3c5698b64ce1916f,fb3b7a8e8e8194fd8a0ff4574e096af3,2019-08-15 19:45:19,2019-08-22 17:24:57,2019-08-15 19:46:00,2019-08-22 19:45:00,active,1,"[""=="",""$node_type"",""storage_hierarchy""]",1-1,storage_hierarchy
83b8faf5cf98ee627904442eb05338dc,efab109bed42bc6bec05a8544e183f1c,54ef7115d4eacdbf05021aedb71ba671,2020-08-21 15:27:35,2020-08-23 01:49:26,2020-08-21 15:27:00,2020-08-28 15:27:00,active,1,"[""="", ""$node_type"", ""storage_hierarchy""]",1-1,storage_hierarchy
5c69a25cb7a1a13d33976bfb437b7513,48d58364ccd12c6fd47eaecbfd06f2e5,3dd6ebf3f3879c83d8994e51788dbdb4,2021-06-04 12:41:25,2021-06-04 13:21:33,2021-06-04 12:41:00,2021-06-11 12:41:00,active,1,"[""="", ""$node_type"", ""storage_hierarchy""]",1-1,storage_hierarchy
10ebff3c36385d5655c4de4b3833fbd2,d79a64ad06b4569c01b79595b62207fb,bbbb30df9ef5575a22b98a0775529c5a,2020-01-17 16:01:19,2020-01-17 20:54:20,2020-01-17 16:02:00,2020-01-18 16:01:00,active,1,"[""=="",""$node_type"",""storage_hierarchy""]",1-1,storage_hierarchy
db4c78fcb053f85fe94638047b46ff1c,13143602eee8959d3c5698b64ce1916f,fb3b7a8e8e8194fd8a0ff4574e096af3,2020-01-19 03:45:39,2020-01-21 18:26:06,2020-01-19 03:46:00,2020-01-26 03:45:00,active,1,"[""=="",""$node_type"",""storage_hierarchy""]",1-1,storage_hierarchy
6b9752bfba4ff9d3b006e7336d5173d9,13143602eee8959d3c5698b64ce1916f,fb3b7a8e8e8194fd8a0ff4574e096af3,2019-08-29 20:54:46,2019-09-05 18:11:53,2019-08-29 20:55:00,2019-09-05 20:54:00,active,1,"[""=="",""$node_type"",""storage_hierarchy""]",1-1,storage_hierarchy
f379c9225a08e73cb0de63412119bd25,bb8dfe1fb7991f1620047d01efbe67a6,8e236dd757591928b8cd9b8ef25565d8,2021-01-27 18:35:31,2021-01-29 20:28:42,2021-01-27 18:36:00,2021-02-03 18:35:00,active,1,"[""=="",""$node_type"",""storage_hierarchy""]",1-1,storage_hierarchy
4f3f6df533d1c0f2a1dc5865265310a6,48d58364ccd12c6fd47eaecbfd06f2e5,76be0109776e31fccff504c79aa5c7ba,2021-06-04 15:01:32,2021-06-04 15:03:49,2021-06-04 15:01:00,2021-06-11 15:01:00,active,1,"[""="", ""$node_type"", ""storage_hierarchy""]",1-1,storage_hierarchy
b3f1ba9725f4352d254b05c8d5b58148,b2eaf4c6c3022e6d0ef350e23a02ba90,70c761730b846e22433cf231fe2c7d81,2017-09-26 01:58:20,2017-10-10 07:57:05,2017-09-26 02:00:00,2017-09-28 15:00:00,completed,2,"[""="", ""$node_type"", ""storage_hierarchy""]",2-2,storage_hierarchy
bd90940eeb154c43a3cf45802ce01e72,d79a64ad06b4569c01b79595b62207fb,99b54d1d4e70e31f2c092dcec7e5e3b8,2020-07-19 19:44:17,2020-07-19 20:13:24,2020-07-19 19:45:00,2020-07-19 20:45:00,active,1,"[""="", ""$node_type"", ""storage_hierarchy""]",1-1,storage_hierarchy
a205162a5645162b5d1dbd041df86143,fb348a3cac4abf3feb12e141eb967416,4d8b14e8585e17fb1fc9f0b4f88825d6,2019-06-14 20:51:14,2019-06-18 17:53:24,2019-06-14 20:52:00,2019-06-21 20:51:00,active,1,"[""=="",""$node_type"",""storage_hierarchy""]",1-1,storage_hierarchy
4b5f87bd0afa70e0c37b54bd90334eab,d06b684638cf83bdf6ae199d009ef21b,fc75c96b35565b817b6f77104b51f548,2017-07-24 21:12:36,2017-08-18 19:16:23,2017-07-24 21:13:00,2017-07-29 21:12:00,completed,1,"[""="", ""$node_type"", ""storage_hierarchy""]",1-1,storage_hierarchy
a4bd7b2b6c85bc98a0bb354947020943,e8fa6bb790b3e051c5882146756ff1a6,558e1936d8ad749bb992c43ed2ba04d3,2018-07-21 02:54:55,2018-07-21 04:12:48,2018-07-21 02:55:00,2018-07-22 02:54:00,active,1,"[""=="",""$node_type"",""storage_hierarchy""]",1-1,storage_hierarchy
ab3f3ff30aca647123e773b31eb8f1cd,d79a64ad06b4569c01b79595b62207fb,99b54d1d4e70e31f2c092dcec7e5e3b8,2020-08-16 21:31:22,2020-08-16 22:01:12,2020-08-16 21:32:00,2020-08-16 22:32:00,active,1,"[""="", ""$node_type"", ""storage_hierarchy""]",1-1,storage_hierarchy
8613729ef65041e32ae2e848c36122c5,2fbaf04d4ec6143cc76cb1079f1c826b,50133cbfbe505a8e1024d5b9dced73e0,2018-09-02 13:51:03,2018-09-07 23:44:06,2018-09-02 14:00:00,2018-09-05 03:00:00,active,1,"[""=="",""$node_type"",""storage_hierarchy""]",1-1,storage_hierarchy
cc9aa3c0ba8c13a1a2d29f52e072fe2e,e8fa6bb790b3e051c5882146756ff1a6,558e1936d8ad749bb992c43ed2ba04d3,2018-08-27 16:21:10,2018-08-28 17:56:49,2018-08-27 16:22:00,2018-08-30 16:21:00,active,1,"[""=="",""$node_type"",""storage_hierarchy""]",1-1,storage_hierarchy
